master_record_number,agency,agency_tracking_number,county,city,collision_date,vehicles_involved,number_injured,number_dead,latitude,longitude,roadway_name,roadway_suffix,roadway_number,roadway_local_id,distance_from_reference,miles-feet_indicator,direction_from_reference,intersection_road_name,intersection_road_name_suffix,intersection_road_number,intersection_local_id,mile_marker,intersection_indicator,intersect_type,interchange_related_indicator,relation_to_junction,work_zone_type,construction_maintenance_zone,construction_maintenance_zone_location,fatal_case_number,officer_first_name,officer_last_name,weather_condition(s),manner_of_crash,pedestrian,bicycle,scooter,parking,hitrun,mou
100973227,METROPOLITAN NASHVILLE POLICE DEPT,20150923635,Davidson,Nashville,10/4/2015 4:44:00 PM,2,0,0,36.132170,-86.727170,I 24,,,,0.00,,,,,,,52.00,N,Not at Intersection,N,Non-Junction,None,,,         ,Michael,Moss,Clear,Front to Rear,no,no,no,no,no,False
100973234,METROPOLITAN NASHVILLE POLICE DEPT,20150923681,Davidson,Nashville,10/4/2015 5:10:00 PM,2,0,0,36.214640,-86.597680,ANDREW JACKSON PKWY,,,,177.00,Feet,South,LEBANON PKE,,,,0.00,N,Not at Intersection, ,Non-Junction,None,,,         ,Darryl,Williams,Clear,Angle,no,no,no,no,no,False
100973238,METROPOLITAN NASHVILLE POLICE DEPT,20150923729,Davidson,Nashville,10/4/2015 5:39:00 PM,2,0,0,36.154710,-86.773120,4TH AVS,,,,0.00,,,LEA AV,,,,0.00,Y,OTHER, ,Intersection-Related,None,,,         ,Benjamin,Smith,Clear,"Sideswipe, Same Direction",no,no,no,no,no,False
100973245,METROPOLITAN NASHVILLE POLICE DEPT,20150923755,Davidson,Nashville,10/4/2015 5:54:00 PM,2,0,0,36.106060,-86.672770,MURFREESBORO PKE,,,,102.00,Feet,East,DONELSON PKE,,,,0.00,N,Not at Intersection, ,Non-Junction,None,,,         ,Colby,Mathis,Clear,Front to Rear,no,no,no,no,no,False
100973253,METROPOLITAN NASHVILLE POLICE DEPT,20150923899,Davidson,Nashville,10/4/2015 7:23:00 PM,1,0,0,36.189900,-86.584310,OLD LEBANON DIRT RD,,,,468.00,Feet,East,CHESNEY GLEN DR,,,,0.00,N,Not at Intersection,N,Non-Junction,None,,,         ,Bryan,Byrnes,Clear,Not Collision with Motor Vehicle in Transport,no,no,no,no,no,False
100973254,METROPOLITAN NASHVILLE POLICE DEPT,20150923851,Davidson,Nashville,10/4/2015 6:59:00 PM,2,1,0,36.139350,-86.819100,WEST END AV,,,,0.00,,,MURPHY RD,,,,0.00,Y,Four-Way,N,Intersection-Related,None,,,         ,Tien,Nguyen,Clear,Front to Rear,no,no,no,no,no,False
100973259,METROPOLITAN NASHVILLE POLICE DEPT,20150923528,Davidson,Nashville,10/4/2015 3:30:00 PM,1,0,0,36.187560,-86.603760,OLD LEBANON DIRT RD,,,,0.00,,,JACKSONS VALLEY PL,,,,0.00,Y,Four-Way,N,Non-Junction,None,,,         ,Darryl,Williams,Clear,Not Collision with Motor Vehicle in Transport,no,no,no,no,yes,False
100973261,METROPOLITAN NASHVILLE POLICE DEPT,2015-0923953,Davidson,Nashville,10/4/2015 7:52:00 PM,2,0,0,36.151290,-86.806400,23RD AVN,,,,251.00,Feet,South,STATE ST,,,,0.00,N,Not at Intersection,N,Non-Junction,None,,,         ,Austin,Kendrick,Clear,Front to Rear,no,no,no,yes,yes,False
100973285,METROPOLITAN NASHVILLE POLICE DEPT,20150923945,Davidson,Not in City Limit,10/4/2015 12:00:00 AM,2,0,0,36.068160,-86.949350,GENERAL GEORGE PATTON RD,,,,0.00,,,SAWYER BROWN RD,,,,0.00,Y,Four-Way, ,Intersection,None,,,         ,Douglas,Sykes,Clear,Angle,no,no,no,no,no,False
100973290,METROPOLITAN NASHVILLE POLICE DEPT,20150923930,Davidson,Nashville,10/4/2015 7:38:00 PM,2,1,0,36.165750,-86.805130,DR D B TODD JR BLVD,,,,0.00,,,JACKSON ST,,,,0.00,Y,T-Intersection,N,Intersection,None,,,         ,Earl,Davis,Clear,HeadOn,no,no,no,no,no,False
100973292,METROPOLITAN NASHVILLE POLICE DEPT,20150923896,Davidson,Nashville,10/4/2015 7:20:00 PM,2,1,0,36.192430,-86.616160,OLD HICKORY BLVD,,,,0.00,,,JUAREZ DR,,,,0.00,Y,Four-Way,N,Intersection,None,,,         ,George,Krukowski,Clear,Angle,no,no,no,no,no,False
100973314,METROPOLITAN NASHVILLE POLICE DEPT,20150924024,Davidson,Nashville,10/4/2015 12:00:00 AM,1,0,0,36.156610,-86.656500,LEATHERWOOD DR,,,,354.00,Feet,East,EMERY DR,,,,0.00,N,Not at Intersection,N,Non-Junction,None,,,         ,Austin,Childress,Clear,Not Collision with Motor Vehicle in Transport,no,no,no,no,yes,False
100973319,METROPOLITAN NASHVILLE POLICE DEPT,20150923963,Davidson,Nashville,10/4/2015 7:55:00 PM,2,0,0,36.127240,-86.700620,THOMPSON PL,,,,0.00,,,GOODBAR DR,,,,0.00,Y,T-Intersection,N,Intersection-Related,None,,,         ,Brandon,Vance,Clear,Angle,no,no,no,no,yes,False
100973322,METROPOLITAN NASHVILLE POLICE DEPT,20150923521,Davidson,Nashville,10/4/2015 3:41:00 PM,3,0,0,36.077520,-86.657770,UNA ANTIOCH PKE,,,,51.00,Feet,East,OKEE TRL,,,,0.00,N,Not at Intersection,N,Non-Junction,None,,,         ,Tamara,Zurawski,Clear,Angle,no,no,no,no,no,False
100973323,METROPOLITAN NASHVILLE POLICE DEPT,20150923982,Davidson,Nashville,10/4/2015 8:17:00 PM,1,1,0,36.210770,-86.732020,GREENFIELD AV,,,,325.00,Feet,East,GALLATIN PKE,,,,0.00,N,Not at Intersection,N,OtherLocation,None,,,         ,Robert,Croteau,Clear,Not Collision with Motor Vehicle in Transport,yes,no,no,yes,no,False
100973324,METROPOLITAN NASHVILLE POLICE DEPT,20150924099,Davidson,Nashville,10/4/2015 9:18:00 PM,2,0,0,36.171590,-86.606560,CENTRAL PKE EXIT RAMP,,,,0.00,,,I40 W ENT RAMP,,,,0.00,Y,OTHER, ,,None,,,         ,Khalid,Abbady,,,no,no,no,no,no,False
100973326,METROPOLITAN NASHVILLE POLICE DEPT,20150923636,Davidson,Not in City Limit,10/4/2015 4:43:00 PM,2,1,0,35.999450,-86.693430,NOLENSVILLE PKE,,,,0.00,,,CONCORD HILLS DR,,,,0.00,Y,T-Intersection,N,Intersection,None,,,         ,Josh,Baney,Clear,Front to Rear,no,no,no,no,no,False
100973327,METROPOLITAN NASHVILLE POLICE DEPT,20150923959,Davidson,Not in City Limit,10/4/2015 8:07:00 PM,2,0,0,36.054080,-86.950610,OLD HARDING PKE,,,,3.00,Feet,West,POPLAR CREEK RD,,,,0.00,N,Not at Intersection, ,Non-Junction,None,,,         ,Michael,Russell,Fog,Front to Rear,no,no,no,no,no,False
100973330,METROPOLITAN NASHVILLE POLICE DEPT,20150922276,Davidson,Nashville,10/4/2015 9:57:00 PM,1,3,0,36.163250,-86.776070,COMMERCE ST,,,,0.00,,,2ND AVN,,,,0.00,Y,Four-Way,Y,Intersection,None,,,         ,Brian,Smith,Clear,Not Collision with Motor Vehicle in Transport,yes,no,no,no,yes,False
100973335,METROPOLITAN NASHVILLE POLICE DEPT,20150916263,Davidson,Nashville,10/4/2015 9:06:00 PM,2,0,0,36.064250,-86.627880,MURFREESBORO PKE,,,,264.00,Feet,South,HAMILTON CHURCH RD,,,,0.00,N,Not at Intersection,N,Non-Junction,None,,,         ,Tamara,Zurawski,Rain,Front to Rear,no,no,no,no,yes,False
100973340,METROPOLITAN NASHVILLE POLICE DEPT,20150923934,Davidson,Nashville,10/4/2015 7:45:00 PM,2,0,0,36.163000,-86.768750,S 1ST ST,,,,0.00,,,KOREAN VETERANS BLVD,,,,0.00,Y,Four-Way, ,Non-Junction,None,,,         ,Ethan,Luffman,Clear,Front to Rear,no,no,no,no,yes,False
100973341,METROPOLITAN NASHVILLE POLICE DEPT,20150923934,Davidson,Nashville,10/4/2015 7:45:00 PM,1,0,0,36.176740,-86.774010,I24 E ENT RAMP,,,,0.00,Feet,East,I 24,,,,0.00,N,Not at Intersection, ,Non-Junction,None,,,         ,Ethan,Luffman,Clear,Not Collision with Motor Vehicle in Transport,no,no,no,yes,no,False
100973342,METROPOLITAN NASHVILLE POLICE DEPT,20150924015,Davidson,Nashville,10/4/2015 8:40:00 PM,1,0,0,36.162230,-86.774360,1ST AVS,,,,0.00,,,1ST AVN,,,,0.00,Y,OTHER,N,Non-Junction,None,,,         ,Ethan,Luffman,Clear,Not Collision with Motor Vehicle in Transport,no,no,no,no,no,False
100973344,METROPOLITAN NASHVILLE POLICE DEPT,20150923826,Davidson,Nashville,10/4/2015 5:27:00 PM,2,0,0,36.033870,-86.681110,OAK CHASE DR,,,,0.00,,,SONOMA TRC,,,,0.00,Y,T-Intersection,N,Intersection,None,,,         ,Kevin,Keating,Clear,Angle,no,no,no,no,no,False
100973345,METROPOLITAN NASHVILLE POLICE DEPT,20150924037,Davidson,Nashville,10/4/2015 7:40:00 PM,2,1,0,36.093650,-86.652760,MURFREESBORO PKE,,,,87.00,Feet,South,OLD MURFREESBORO PKE,,,,0.00,N,Not at Intersection,N,"Driveway, Alley Access, etc",None,,,         ,Kevin,Keating,Clear,Angle,no,no,no,no,yes,False
100973346,METROPOLITAN NASHVILLE POLICE DEPT,20150924086,Davidson,Hermitage,10/4/2015 9:30:00 PM,2,0,0,36.290750,-86.640600,E HARBOR DR,,,,332.00,Feet,South,W HARBOR CT,,,,0.00,N,Not at Intersection,N,Non-Junction,None,,,         ,George,Krukowski,Clear,Front to Rear,no,no,no,no,no,False
100973352,METROPOLITAN NASHVILLE POLICE DEPT,20150922514,Davidson,Nashville,10/4/2015 1:58:00 AM,2,1,0,36.151370,-86.799330,20TH AVS,,,,0.00,,,WEST END AV,,,,0.00,Y,Four-Way,Y,Intersection,None,,,         ,Taylor,Jeansonne,Rain,Angle,no,no,no,no,no,Campus
100973360,METROPOLITAN NASHVILLE POLICE DEPT,2015-0924157,Davidson,Nashville,10/4/2015 10:00:00 PM,3,0,0,36.045330,-86.702210,OLD HICKORY BLVD,,,,156.00,Feet,West,BENZING RD,,,,0.00,N,Not at Intersection,N,Non-Junction,None,,,         ,Edward,Conrads,Clear,Front to Rear,no,no,no,no,yes,False
100973373,METROPOLITAN NASHVILLE POLICE DEPT,20150924271,Davidson,Nashville,10/4/2015 12:00:00 AM,1,1,0,36.236170,-86.803250,KNIGHT DR,,,,186.00,Feet,South,GREEN LN,,,,0.00,N,Not at Intersection,N,Non-Junction,None,,,         ,Chad,Brown,Clear,Not Collision with Motor Vehicle in Transport,no,no,no,no,no,False
100973380,METROPOLITAN NASHVILLE POLICE DEPT,20150917014,Davidson,Nashville,10/2/2015 2:45:00 AM,1,1,0,36.149620,-86.769780,4TH AVS,,,,20.00,Feet,West,MCCANN ST,,,,0.00,N,Not at Intersection,N,Non-Junction,None,,,         ,Erik,Dabbs,Unknown,Not Collision with Motor Vehicle in Transport,no,no,no,no,no,False
100973391,METROPOLITAN NASHVILLE POLICE DEPT,20150922741,Davidson,Not in City Limit,10/4/2015 12:00:00 AM,1,1,0,36.320460,-86.851040,I 24,,,,0.00,,,,,,,35.95,N,Not at Intersection,N,Non-Junction,None,,,         ,Chad,Brown,Cloudy,Not Collision with Motor Vehicle in Transport,no,no,no,no,no,False
100973392,METROPOLITAN NASHVILLE POLICE DEPT,20150916697,Davidson,Nashville,10/2/2015 12:03:00 AM,1,0,0,36.232760,-86.747190,ELLINGTON PKWYN,,,,0.00,,,I65 N ENT RAMP,,,,0.00,Y,OTHER,N,Non-Junction,None,,,         ,Nathan,Clark,Clear,Not Collision with Motor Vehicle in Transport,no,no,no,no,no,False
100973400,METROPOLITAN NASHVILLE POLICE DEPT,2015-922224,Davidson,Nashville,10/3/2015 11:11:00 PM,3,0,0,36.150600,-86.694100,ELM HILL PKE,,,,451.00,Feet,West,SANBORN DR,,,,0.00,N,Not at Intersection,N,Non-Junction,None,,,         ,Andy,Esqueda,Rain,Front to Rear,no,no,no,yes,yes,False
100973402,METROPOLITAN NASHVILLE POLICE DEPT,2015-0924428,Davidson,Nashville,10/5/2015 12:47:00 AM,2,0,0,36.152530,-86.796970,WEST END AV,,,,166.00,Feet,East,19TH AVN,,,,0.00,N,Not at Intersection,N,Non-Junction,None,,,         ,Matthew,Moses,Clear,Unknown,no,no,no,yes,yes,False
100973415,METROPOLITAN NASHVILLE POLICE DEPT,2015-0924297,Davidson,Nashville,10/4/2015 11:36:00 PM,2,0,0,36.157240,-86.792600,15TH AVN,,,,60.00,Feet,South,CHURCH ST,,,,0.00,N,Not at Intersection,N,Non-Junction,None,,,         ,Matthew,Moses,Clear,Front to Rear,no,no,no,no,yes,False
100973430,METROPOLITAN NASHVILLE POLICE DEPT,20150924798,Davidson,Nashville,10/5/2015 5:05:00 AM,1,0,0,36.178250,-86.715210,EASTLAND AV,,,,30.00,Feet,West,BRITTANY DR,,,,0.00,N,Not at Intersection, ,Non-Junction,None,,,         ,Douglas,Smith,Clear,Not Collision with Motor Vehicle in Transport,no,no,no,no,no,False
100973445,METROPOLITAN NASHVILLE POLICE DEPT,20150922804,Davidson,Nashville,10/4/2015 6:00:00 AM,2,3,0,36.074480,-86.920940,OLD HICKORY BLVD,,,,0.00,,,HIGHWAY 70S,,,,0.00,Y,Four-Way,Y,Intersection,None,,,         ,Melvin,Foster,Clear,Angle,no,no,no,no,no,False
100973461,METROPOLITAN NASHVILLE POLICE DEPT,2015-0924985,Davidson,Nashville,10/5/2015 7:00:00 AM,1,0,0,36.116060,-86.831710,WOODMONT BLVD,,,,159.00,Feet,East,FOXHALL RD,,,,0.00,N,Not at Intersection,N,Non-Junction,None,,,         ,Curtis,Rich,Clear,Not Collision with Motor Vehicle in Transport,no,no,no,no,no,False
100973470,METROPOLITAN NASHVILLE POLICE DEPT,2015-0924986,Davidson,Nashville,10/5/2015 7:25:00 AM,2,0,0,36.158500,-86.625020,I 40,,,,0.00,,,,,,,219.30,N,Not at Intersection, ,Non-Junction,None,,,         ,Michael,Baker,Clear,Front to Rear,no,no,no,no,no,False
100973471,METROPOLITAN NASHVILLE POLICE DEPT,20150923336,Davidson,Nashville,10/4/2015 1:15:00 PM,2,0,0,36.142300,-86.764970,4TH AVS,,,,55.00,Feet,South,HART ST,,,,0.00,N,Not at Intersection,N,Non-Junction,None,,,         ,Jeremy,Stricklin,Clear,Not Collision with Motor Vehicle in Transport,no,no,no,no,yes,False
100973478,METROPOLITAN NASHVILLE POLICE DEPT,20150923325,Davidson,Nashville,10/4/2015 1:17:00 PM,5,3,0,36.140110,-86.723320,I 40,,,,0.00,,,,,,,213.50,N,Not at Intersection,N,Non-Junction,None,,,         ,Jaby,Djabbarov,Clear,Front to Rear,no,no,no,no,no,False
100973482,METROPOLITAN NASHVILLE POLICE DEPT,20150923381,Davidson,Nashville,10/4/2015 1:50:00 PM,2,0,0,36.194850,-86.726030,BRANCH ST,,,,0.00,,,CAHAL AV,,,,0.00,Y,Four-Way, ,Non-Junction,None,,,         ,William,Crowe,Clear,Angle,no,no,no,no,no,False
100973493,METROPOLITAN NASHVILLE POLICE DEPT,20150925023,Davidson,Nashville,10/5/2015 7:31:00 AM,2,0,0,36.143940,-86.813910,WEST END AV,,,,104.00,Feet,South,29TH AVS,,,,0.00,N,Not at Intersection, ,Non-Junction,None,,,         ,Nathan,Kemp,Clear,Front to Rear,no,no,no,no,no,Campus
100973494,METROPOLITAN NASHVILLE POLICE DEPT,20150925104,Davidson,Nashville,10/5/2015 8:06:00 AM,2,0,0,36.113760,-86.771920,I440 E ENT RAMP,,,,0.00,Feet,East,I 65,,,,0.00,N,Not at Intersection,N,Entrance/Exit Ramp Related,None,,,         ,Nathan,Kemp,Clear,Front to Rear,no,no,no,no,no,False
100973497,METROPOLITAN NASHVILLE POLICE DEPT,20150925038,Davidson,Not in City Limit,10/5/2015 7:45:00 AM,2,0,0,36.263370,-86.714990,OLD HICKORY BLVDW,,,,116.00,Feet,West,DOUGLAS ST,,,,0.00,N,Not at Intersection, ,Non-Junction,None,,,         ,Jordan,Lowry,Clear,Front to Rear,no,no,no,no,no,False
100973499,METROPOLITAN NASHVILLE POLICE DEPT,20150925135,Davidson,Nashville,10/5/2015 8:19:00 AM,3,0,0,36.168740,-86.783760,JAMES ROBERTSON PKWY,,,,0.00,,,5TH AVN,,,,0.00,Y,Four-Way, ,AccelDecelLane,None,,,         ,Bryan,Birdwell,Clear,Front to Rear,no,no,no,no,no,False
100973503,METROPOLITAN NASHVILLE POLICE DEPT,20150925022,Davidson,Nashville,10/5/2015 7:20:00 AM,2,0,0,36.176770,-86.772230,I24 W EXT RAMP,,,,0.00,,,I 24,,,,0.00,Y,Y-Intersection, ,Entrance/Exit Ramp Related,None,,,         ,William,Crowe,Clear,Front to Rear,no,no,no,no,no,False
100973511,METROPOLITAN NASHVILLE POLICE DEPT,20150925173,Davidson,Nashville,10/5/2015 8:35:00 AM,2,1,0,36.246100,-86.784380,I 24,,,,0.00,,,,,,,43.00,N,Not at Intersection,Y,Non-Junction,None,,,         ,Michael,McCord,Clear,Front to Rear,no,no,no,no,no,False
100973512,METROPOLITAN NASHVILLE POLICE DEPT,20150925124,Davidson,Nashville,10/5/2015 8:00:00 AM,2,0,0,36.037680,-86.784890,OLD HICKORY BLVD,,,,0.00,,,I65 S EXT RAMP,,,,0.00,Y,T-Intersection, ,Non-Junction,None,,,         ,Reuben,Hewit,Clear,"Sideswipe, Same Direction",no,no,no,no,no,False
100973514,METROPOLITAN NASHVILLE POLICE DEPT,20150925120,Davidson,Nashville,10/5/2015 7:45:00 AM,2,0,0,36.118200,-86.701670,BRILEY PKWY S ENT RAMP,,,,0.00,,,BRILEY PKWYS,,,,0.00,Y,OTHER, ,Entrance/Exit Ramp Related,None,,,         ,Todd,Watson,Clear,Front to Rear,no,no,no,no,no,False
100973515,METROPOLITAN NASHVILLE POLICE DEPT,2015-0925115,Davidson,Nashville,10/5/2015 7:09:00 AM,2,1,0,36.056940,-86.700010,TUSCULUM RD,,,,0.00,,,COLEMONT DR,,,,0.00,Y,Four-Way,N,Non-Junction,None,,,         ,John,Neely,Clear,Angle,no,no,no,no,yes,False
100973517,METROPOLITAN NASHVILLE POLICE DEPT,20150924990,Davidson,Nashville,10/5/2015 7:05:00 AM,2,1,0,36.135630,-86.726730,I 24,,,,0.00,,,,,,,52.20,N,Not at Intersection,N,Non-Junction,None,,,         ,Sandra,Fly,Clear,Front to Rear,no,no,no,no,no,False
100973524,METROPOLITAN NASHVILLE POLICE DEPT,20150925133,Davidson,Nashville,10/5/2015 8:16:00 AM,3,0,0,36.040590,-86.771070,OLD HICKORY BLVD,,,,0.00,,,SEVEN SPRINGS WAY PVTDR,,,,0.00,Y,Four-Way, ,Intersection,None,,,         ,Brent,Bauer,Clear,Front to Rear,no,no,no,no,no,False
100973525,METROPOLITAN NASHVILLE POLICE DEPT,20150925314,Davidson,Nashville,10/5/2015 9:26:00 AM,2,0,0,36.145960,-86.777010,I40 W ENT RAMP,,,,0.00,Feet,East,I 65,,,,0.00,N,Not at Intersection,N,Non-Junction,None,,,         ,Nathan,Kemp,Clear,Front to Rear,no,no,no,no,no,False
100973527,METROPOLITAN NASHVILLE POLICE DEPT,20150925041,Davidson,Antioch,10/5/2015 7:30:00 AM,2,0,0,36.042660,-86.607530,HOBSON,PIKE,SR254,,0.00,Miles,,MURFREESBORO,PIKE,SR41,,0.00,Y,Four-Way,N,Intersection,None,,,         ,Kenneth,Alexandrow,Clear,Front to Rear,no,no,no,no,no,False
100973535,METROPOLITAN NASHVILLE POLICE DEPT,20150923318,Davidson,Nashville,10/4/2015 1:45:00 PM,2,0,0,36.045840,-86.690120,BENZING RD,,,,666.00,Feet,East,BROOK DR,,,,0.00,N,Not at Intersection,N,Non-Junction,None,,,         ,Steven,Snitzer,Cloudy,HeadOn,no,no,no,no,no,False
100973546,METROPOLITAN NASHVILLE POLICE DEPT,20150925284,Davidson,Nashville,10/5/2015 9:05:00 AM,2,0,0,36.178470,-86.773620,I 24,,,,0.00,,,,,,,47.80,N,Not at Intersection, ,Non-Junction,None,,,         ,Joshua,Hollins,Clear,Front to Rear,no,no,no,no,no,False
100973550,METROPOLITAN NASHVILLE POLICE DEPT,20150925013,Davidson,Nashville,10/5/2015 7:27:00 AM,4,1,0,36.187750,-86.794580,I 65,,,,0.00,,,,,,,85.45,N,Not at Intersection,N,Entrance/Exit Ramp Related,None,,,         ,Joshua,Baker,Clear,Angle,no,no,no,no,no,False
100973557,METROPOLITAN NASHVILLE POLICE DEPT,20150925014,Davidson,Nashville,10/5/2015 7:20:00 AM,3,1,0,36.141600,-86.714930,I 40,,,,0.00,,,,,,,213.90,N,Not at Intersection,N,Non-Junction,None,,,         ,Justin,Franklin,Clear,Front to Rear,no,no,no,no,no,False
100973571,METROPOLITAN NASHVILLE POLICE DEPT,2015-0925510,Davidson,Nashville,10/5/2015 10:25:00 AM,2,0,0,36.150020,-86.876230,THUNDERBIRD DR,,,,156.00,Feet,North,AMERICAN RD,,,,0.00,N,Not at Intersection, ,Non-Junction,None,,,         ,Curtis,Rich,Clear,Other,no,no,no,no,no,False
100973583,METROPOLITAN NASHVILLE POLICE DEPT,20150925065,Davidson,Nashville,10/5/2015 7:50:00 AM,1,1,0,36.256190,-86.714390,NEELYS BEND RD,,,,0.00,,,GALLATIN PKES,,,,0.00,Y,T-Intersection,N,Intersection,None,,,         ,Caleb,Foster,Clear,Not Collision with Motor Vehicle in Transport,yes,no,no,no,no,False
100973585,METROPOLITAN NASHVILLE POLICE DEPT,20150925591,Davidson,Nashville,10/5/2015 10:50:00 AM,2,0,0,36.116060,-86.790670,I 440,,,,0.00,,,,,,,3.95,N,Not at Intersection, ,Non-Junction,None,,,         ,Nathan,Kemp,Clear,Front to Rear,no,no,no,no,no,False
100973586,METROPOLITAN NASHVILLE POLICE DEPT,20150925667,Davidson,Nashville,10/5/2015 10:59:00 AM,2,0,0,36.041200,-86.779540,FRANKLIN PIKE CIR,,,,120.00,Feet,North,OLD HICKORY BLVD,,,,0.00,N,Not at Intersection, ,,None,,,         ,Nathan,Kemp,,,no,no,no,no,no,False
100973602,METROPOLITAN NASHVILLE POLICE DEPT,20150925019,Davidson,Nashville,10/5/2015 7:28:00 AM,4,1,0,36.142140,-86.677250,I 40,,,,0.00,,,,,,,215.00,N,Not at Intersection,N,Non-Junction,None,,,         ,Anthony,Venable,Clear,Front to Rear,no,no,no,no,no,False
100973606,METROPOLITAN NASHVILLE POLICE DEPT,20150925657,Davidson,Nashville,10/5/2015 11:00:00 AM,2,0,0,36.153710,-86.721560,SPENCE LN,,,,0.00,,,LEBANON PKE,,,,0.00,Y,Four-Way, ,Intersection,None,,,         ,Sandra,Fly,Clear,"Sideswipe, Same Direction",no,no,no,no,no,False
100973618,METROPOLITAN NASHVILLE POLICE DEPT,20150925680,Davidson,Madison,10/5/2015 11:44:00 AM,2,0,0,36.259890,-86.713050,GALLATIN PKES,,,,0.00,,,WOODRUFF ST,,,,0.00,Y,T-Intersection, ,Intersection,None,,,         ,Ronald,Raynore,Clear,"Sideswipe, Same Direction",no,no,no,no,no,False
100973628,METROPOLITAN NASHVILLE POLICE DEPT,2015-0925289,Davidson,Nashville,10/5/2015 9:05:00 AM,2,0,0,36.165900,-86.780110,DEADERICK ST,,,,75.00,Feet,East,4TH AVN,,,,0.00,N,Not at Intersection, ,Non-Junction,None,,,         ,William,Vincion,Clear,"Sideswipe, Same Direction",no,no,no,no,no,False
100973629,METROPOLITAN NASHVILLE POLICE DEPT,20150925683,Davidson,Nashville,10/5/2015 11:45:00 AM,3,3,0,36.193670,-86.807030,ROSA L PARKS BLVD,,,,0.00,Feet,East,GREAT CIRCLE RD,,,,0.00,N,Not at Intersection,N,OtherLocation,None,,,         ,Joshua,Baker,Clear,Front to Rear,no,no,no,no,no,False
100973630,METROPOLITAN NASHVILLE POLICE DEPT,20150925839,Davidson,Not in City Limit,10/5/2015 12:00:00 PM,2,0,0,36.263070,-86.711920,STATE RT 45,,,,0.00,,,GALLATIN PKEN,,,,0.00,Y,Four-Way, ,Intersection,None,,,         ,Brian,Otto,Clear,"Sideswipe, Same Direction",no,no,no,no,no,False
100973661,METROPOLITAN NASHVILLE POLICE DEPT,20150925838,Davidson,Nashville,10/5/2015 12:50:00 PM,2,0,0,36.207360,-86.778600,HAMPTON ST,,,,246.00,Feet,West,W TRINITY LN,,,,0.00,N,Not at Intersection,N,Non-Junction,None,,,         ,Michael,McCord,Clear,"Sideswipe, Same Direction",no,no,no,no,yes,False
100973663,METROPOLITAN NASHVILLE POLICE DEPT,2015-0925146,Davidson,Nashville,10/5/2015 8:24:00 AM,3,3,0,36.132530,-86.727170,I 24,,,,0.00,,,,,,,52.00,N,Not at Intersection,N,Non-Junction,None,,,         ,William,Whitworth,Clear,Front to Rear,no,no,no,no,no,False
100973665,METROPOLITAN NASHVILLE POLICE DEPT,2015-925740,Davidson,Nashville,10/1/2015 9:04:00 PM,1,0,0,36.051450,-86.675770,FOUR LAKES DR,,,,30.00,Feet,East,BLUE LAKE CIR,,,,0.00,N,Not at Intersection,N,Non-Junction,None,,,         ,William,Whitworth,Cloudy,Not Collision with Motor Vehicle in Transport,no,no,no,yes,yes,False
100973669,METROPOLITAN NASHVILLE POLICE DEPT,20150925517,Davidson,Nashville,10/5/2015 10:36:00 AM,2,0,0,36.082100,-86.761700,HARDING PL,,,,0.00,,,SIDCO DR,,,,0.00,Y,Four-Way,N,Intersection,None,,,         ,James,Smith,Clear,Other,no,no,no,no,no,False
100973670,METROPOLITAN NASHVILLE POLICE DEPT,20150925979,Davidson,Nashville,10/5/2015 1:45:00 PM,2,0,0,36.111030,-86.753290,THOMPSON LN,,,,64.00,Feet,East,FOSTER CREIGHTON DR,,,,0.00,N,Not at Intersection, ,Non-Junction,None,,,         ,Nathan,Kemp,Clear,Angle,no,no,no,no,no,False
100973672,METROPOLITAN NASHVILLE POLICE DEPT,20150925833,Davidson,Nashville,10/5/2015 12:45:00 PM,2,1,0,36.187430,-86.773360,CLEVELAND ST,,,,0.00,,,DICKERSON PKE,,,,0.00,Y,OTHER,N,Non-Junction,None,,,         ,Robert,Young,Clear,Front to Rear,no,no,no,no,no,False
100973678,METROPOLITAN NASHVILLE POLICE DEPT,20150925952,Davidson,Not in City Limit,10/5/2015 1:15:00 PM,2,0,0,36.318480,-86.845050,I 24,,,,0.00,,,,,,,36.30,N,Not at Intersection, ,Non-Junction,None,,,         ,Noah,Melton,Clear,Front to Rear,no,no,no,no,no,False
100973689,METROPOLITAN NASHVILLE POLICE DEPT,20150926132,Davidson,Nashville,10/5/2015 12:00:00 AM,2,0,0,36.135340,-86.780480,BEECH AV,,,,385.00,Feet,North,WEDGEWOOD AV,,,,0.00,N,Not at Intersection, ,OtherLocation,None,,,         ,Tien,Nguyen,Clear,Unknown,no,no,no,no,yes,False
100973697,GOODLETTSVILLE POLICE DEPT,15-37239,Davidson,Goodlettsville,10/5/2015 12:10:00 PM,2,1,0,36.325640,-86.701840,304 LONG HOLLOW,PIKE,,,150.00,Feet,North,LONG HOLLOW,PIKE,SR174,,0.00,N,Not at Intersection,N,"Driveway, Alley Access, etc",None,,,         ,Benny,Alexander,Clear,Front to Rear,no,no,no,yes,no,False
100973714,METROPOLITAN NASHVILLE POLICE DEPT,20150922148,Davidson,Nashville,10/3/2015 10:25:00 PM,1,0,0,36.220910,-86.756380,HART LN,,,,0.00,,,HART CT,,,,0.00,Y,OTHER,N,Non-Junction,None,,,         ,Paul,Stein,Cloudy,Not Collision with Motor Vehicle in Transport,no,no,no,no,no,False