master_record_number,agency,agency_tracking_number,county,city,collision_date,vehicles_involved,number_injured,number_dead,latitude,longitude,roadway_name,roadway_suffix,roadway_number,roadway_local_id,distance_from_reference,miles-feet_indicator,direction_from_reference,intersection_road_name,intersection_road_name_suffix,intersection_road_number,intersection_local_id,mile_marker,intersection_indicator,intersect_type,interchange_related_indicator,relation_to_junction,work_zone_type,construction_maintenance_zone,construction_maintenance_zone_location,fatal_case_number,officer_first_name,officer_last_name,weather_condition(s),manner_of_crash,pedestrian,bicycle,scooter,parking,hitrun,mou
100974532,METROPOLITAN NASHVILLE POLICE DEPT,2015-0926412,Davidson,Nashville,10/6/2015 3:40:00 PM,1,0,0,36.199400,-86.836030,BELLEFIELD AV,,,,66.00,Feet,North,COURTNEY AV,,,,0.00,N,Not at Intersection,N,Non-Junction,None,,,         ,Ashton,Hill,Clear,Not Collision with Motor Vehicle in Transport,no,no,no,no,yes,False
100974535,METROPOLITAN NASHVILLE POLICE DEPT,20150929643,Davidson,Nashville,10/6/2015 2:27:00 PM,2,0,0,36.164750,-86.826390,33RD AVN,,,,0.00,,,ALAMEDA ST,,,,0.00,Y,Four-Way, ,,None,,,         ,Michael,Brooks,,,no,no,no,no,no,False
100974536,METROPOLITAN NASHVILLE POLICE DEPT,20150929941,Davidson,Nashville,10/6/2015 4:27:00 PM,1,1,0,36.173270,-86.791400,ROSA L PARKS BLVD,,,,0.00,,,JEFFERSON ST,,,,0.00,Y,Four-Way,Y,Intersection,None,,,         ,Michael,Brooks,Clear,Not Collision with Motor Vehicle in Transport,yes,no,no,no,no,False
100974537,METROPOLITAN NASHVILLE POLICE DEPT,20150930149,Davidson,Nashville,10/6/2015 5:15:00 PM,3,1,0,36.172470,-86.799240,I65 N ENT RAMP,,,,0.00,,,I 40,,,,0.00,Y,OTHER,N,Non-Junction,Work Zone,Work On Shoulder Or Median,Termination Area,         ,Michael,Brooks,Clear,Front to Rear,no,no,no,no,yes,False
100974538,METROPOLITAN NASHVILLE POLICE DEPT,20150930403,Davidson,Nashville,10/6/2015 7:16:00 PM,2,1,0,36.071360,-86.691120,I 24,,,,0.00,,,,,,,56.85,N,Not at Intersection,N,Non-Junction,None,,,         ,Oscar,Gomez,Clear,Not Collision with Motor Vehicle in Transport,no,no,no,no,no,False
100974550,METROPOLITAN NASHVILLE POLICE DEPT,20150930837,Davidson,Nashville,10/6/2015 9:41:00 PM,2,0,0,36.044670,-86.659500,I24 E ENT RAMP,,,,0.00,Feet,East,I 24,,,,0.00,N,Not at Intersection, ,Entrance/Exit Ramp Related,None,,,         ,Jessie,Meadows,Clear,Front to Rear,no,no,no,no,no,False
100974561,METROPOLITAN NASHVILLE POLICE DEPT,2015-0927460,Davidson,Nashville,10/5/2015 11:21:00 PM,2,0,0,36.164310,-86.793160,JO JOHNSTON AV,,,,55.00,Feet,East,GEORGE L DAVIS BLVD,,,,0.00,N,Not at Intersection, ,Non-Junction,Construction Zone,,,         ,Michael,Willis Jr.,Clear,Front to Rear,no,no,no,no,no,False
100974587,METROPOLITAN NASHVILLE POLICE DEPT,20150931172,Davidson,Nashville,10/7/2015 12:01:00 AM,2,0,0,36.178670,-86.605090,RAMP,,,,0.00,,,STATE HWY 45,,,,0.00,Y,Y-Intersection,Y,OtherLocation,None,,,         ,Keith,Holley,Clear,Angle,no,no,no,no,no,False
100974593,METROPOLITAN NASHVILLE POLICE DEPT,20150931132,Davidson,Nashville,10/6/2015 11:35:00 PM,2,1,0,36.149460,-86.768380,3RD AVS,,,,271.00,Feet,South,MCCANN ST,,,,0.00,N,Not at Intersection,N,Non-Junction,None,,,         ,Kurt,Lewton,Clear,Front to Rear,no,no,no,no,no,False
100974607,METROPOLITAN NASHVILLE POLICE DEPT,20150927934,Davidson,Nashville,10/6/2015 12:00:00 AM,1,0,0,36.242920,-86.821480,WHITES CREEK PKE,,,,0.00,,,PARMLEY LN,,,,0.00,Y,T-Intersection,N,Non-Junction,None,,,         ,Chad,Brown,Clear,Not Collision with Motor Vehicle in Transport,no,no,no,no,no,False
100974614,METROPOLITAN NASHVILLE POLICE DEPT,2015-0922762,Davidson,Nashville,10/4/2015 5:37:00 AM,1,2,0,36.077880,-86.670690,FRANKLIN LIMESTONE RD,,,,212.00,Feet,South,BILLINGSGATE RD,,,,0.00,N,Not at Intersection,N,Non-Junction,None,,,         ,Benjamin,Froehlich,Rain,Not Collision with Motor Vehicle in Transport,no,no,no,no,no,False
100974615,METROPOLITAN NASHVILLE POLICE DEPT,20150922566,Davidson,Nashville,10/4/2015 2:30:00 AM,3,0,0,36.044770,-86.661530,CANE RIDGE RD,,,,0.00,,,BELL RD,,,,0.00,Y,Four-Way,N,Intersection-Related,None,,,         ,Wallis,Massey,Rain,Front to Rear,no,no,no,no,no,False
100974616,METROPOLITAN NASHVILLE POLICE DEPT,20150931530,Davidson,Not in City Limit,10/7/2015 3:09:00 AM,1,1,0,36.265870,-86.741460,PORT DR,,,,49.00,Feet,South,OLD HICKORY BLVDW,,,,0.00,N,Not at Intersection,N,Non-Junction,None,,,         ,John,Anderson,Clear,Not Collision with Motor Vehicle in Transport,no,no,no,no,yes,False
100974629,METROPOLITAN NASHVILLE POLICE DEPT,20150931637,Davidson,Nashville,10/7/2015 4:30:00 AM,1,0,0,36.142420,-86.651720,I 40,,,,0.00,,,,,,,217.55,N,Not at Intersection,N,Non-Junction,None,,,         ,Evan,Hibschman,Clear,Not Collision with Motor Vehicle in Transport,no,no,no,no,no,False
100974634,METROPOLITAN NASHVILLE POLICE DEPT,20150930988,Davidson,Nashville,10/6/2015 9:00:00 PM,2,1,0,36.187560,-86.800030,DOMINICAN DR,,,,0.00,,,ATHENS WAY,,,,0.00,Y,T-Intersection,N,Intersection,None,,,         ,Harris,Smith,Clear,Front to Rear,no,no,no,no,no,False
100974640,METROPOLITAN NASHVILLE POLICE DEPT,2015-0925446,Davidson,Nashville,10/3/2015 12:00:00 AM,1,0,0,36.151340,-86.625610,BELL RD,,,,363.00,Feet,South,BLACKWOOD DR,,,,0.00,N,Not at Intersection, ,Non-Junction,None,,,         ,John,Henry,Unknown,Not Collision with Motor Vehicle in Transport,no,no,no,yes,yes,False
100974643,METROPOLITAN NASHVILLE POLICE DEPT,20150929499,Davidson,Nashville,10/6/2015 1:47:00 PM,2,0,0,36.162140,-86.766400,S 2ND ST,,,,218.00,Feet,North,DAVIDSON ST,,,,0.00,N,Not at Intersection,N,Non-Junction,None,,,         ,Michael,Johnson,Clear,Front to Rear,no,no,no,no,no,False
100974655,METROPOLITAN NASHVILLE POLICE DEPT,20150931914,Davidson,Not in City Limit,10/7/2015 6:30:00 AM,1,0,0,36.323790,-86.915490,OLD CLARKSVILLE PKE,,,,0.00,,,HARPER RD,,,,0.00,Y,T-Intersection, ,Non-Junction,None,,,         ,Clint,Gilleland,Clear,Not Collision with Motor Vehicle in Transport,no,no,no,no,no,False
100974664,METROPOLITAN NASHVILLE POLICE DEPT,20150932004,Davidson,Nashville,10/7/2015 7:23:00 AM,3,0,0,36.121860,-86.759340,I 440,,,,0.00,,,,,,,5.80,N,Not at Intersection,N,Non-Junction,None,,,         ,Nathan,Kemp,Clear,Front to Rear,no,no,no,no,no,False
100974665,METROPOLITAN NASHVILLE POLICE DEPT,2015-0931986,Davidson,Nashville,10/7/2015 7:00:00 AM,3,0,0,36.155040,-86.830130,I 40,,,,0.00,,,,,,,205.50,N,Not at Intersection,N,Non-Junction,None,,,         ,Curtis,Rich,Clear,Front to Rear,no,no,no,no,no,False
100974669,METROPOLITAN NASHVILLE POLICE DEPT,20150929354,Davidson,Nashville,10/6/2015 12:52:00 PM,2,1,0,36.089650,-86.806020,HARDING PL,,,,0.00,,,BELMONT PARK TER,,,,0.00,Y,Four-Way,N,Intersection,None,,,         ,Jeremy,King,Clear,Angle,no,no,no,no,no,False
100974673,METROPOLITAN NASHVILLE POLICE DEPT,20150931989,Davidson,Not in City Limit,10/7/2015 7:19:00 AM,1,0,0,36.076610,-86.942880,CARRIAGE DR,,,,143.00,Feet,North,HIGHWAY 70S,,,,0.00,N,Not at Intersection,N,Non-Junction,None,,,         ,Wesley,Tilley,Clear,Not Collision with Motor Vehicle in Transport,no,no,no,no,no,False
100974674,METROPOLITAN NASHVILLE POLICE DEPT,20150929535,Davidson,Nashville,10/6/2015 2:01:00 PM,2,0,0,36.047110,-86.714570,NOLENSVILLE PKE,,,,668.00,Feet,South,HICKORYVIEW DR,,,,0.00,N,Not at Intersection,N,Non-Junction,None,,,         ,Nathan,Kemp,Clear,Front to Rear,no,no,no,yes,yes,False
100974676,METROPOLITAN NASHVILLE POLICE DEPT,2015-0931924,Davidson,Nashville,10/7/2015 6:50:00 AM,2,1,0,36.169410,-86.580140,I 40,,,,0.00,,,,,,,222.00,N,Not at Intersection,N,Non-Junction,None,,,         ,Michael,Baker,Clear,Front to Rear,no,no,no,no,no,False
100974679,METROPOLITAN NASHVILLE POLICE DEPT,20150931916,Davidson,Nashville,10/7/2015 6:44:00 AM,2,2,0,36.032400,-86.611990,OLD HICKORY BLVD,,,,0.00,,,PRESERVE BLVD,,,,0.00,Y,T-Intersection,N,Intersection,None,,,         ,Kenneth,Alexandrow,Clear,Angle,no,no,no,no,no,False
100974683,METROPOLITAN NASHVILLE POLICE DEPT,20150913953,Davidson,Nashville,10/1/2015 7:00:00 AM,2,0,0,36.150040,-86.772230,I 40,,,,0.00,,,,,,,210.30,N,Not at Intersection,N,Entrance/Exit Ramp Related,None,,,         ,Michael,Wolterbeek,Cloudy,Front to Rear,no,no,no,no,no,False
100974688,GOODLETTSVILLE POLICE DEPT,15-37472,Davidson,Goodlettsville,10/7/2015 7:13:00 AM,2,0,0,36.312310,-86.672850,HIGHWAY 386,,,,421.00,Feet,West,HIGHWAY 386 ON RAMP,,,,0.00,N,Not at Intersection,N,Non-Junction,None,,,         ,George,Forbes,Clear,Front to Rear,no,no,no,no,no,False
100974689,METROPOLITAN NASHVILLE POLICE DEPT,20150932010,Davidson,Nashville,10/7/2015 7:30:00 AM,2,0,0,36.253840,-86.744040,DUE WEST AVN,,,,18.00,Feet,South,PORT DR,,,,0.00,N,Not at Intersection,N,Non-Junction,None,,,         ,Eric,Richardson,Clear,Angle,no,no,no,no,no,False
100974690,METROPOLITAN NASHVILLE POLICE DEPT,20150932068,Davidson,Nashville,10/7/2015 7:58:00 AM,2,0,0,36.168310,-86.600180,OLD HICKORY BLVD,,,,61.00,Feet,South,SELLS DR,,,,0.00,N,Not at Intersection, ,Non-Junction,None,,,         ,Craig,Carlson,Clear,"Sideswipe, Same Direction",no,no,no,no,no,False
100974696,METROPOLITAN NASHVILLE POLICE DEPT,20150931969,Davidson,Nashville,10/7/2015 7:00:00 AM,2,0,0,36.239250,-86.754270,I 65,,,,0.00,,,,,,,90.20,N,Not at Intersection,N,Non-Junction,None,,,         ,John,Tyree,Clear,"Sideswipe, Same Direction",no,no,no,no,no,False
100974697,METROPOLITAN NASHVILLE POLICE DEPT,20150932054,Davidson,Nashville,10/7/2015 7:40:00 AM,2,0,0,36.073740,-86.840460,HILLSBORO PKE,,,,712.00,Feet,North,CASTLEWOOD CT,,,,0.00,N,Not at Intersection, ,Non-Junction,None,,,         ,Tony,Folad,Clear,Front to Rear,no,no,no,no,no,False
100974698,METROPOLITAN NASHVILLE POLICE DEPT,20150932066,Davidson,Not in City Limit,10/7/2015 8:24:00 AM,1,0,0,36.261940,-86.772870,BELLSHIRE DR,,,,498.00,Feet,East,BANBURY DR,,,,0.00,N,Not at Intersection,N,Non-Junction,None,,,         ,Andrew,Ivey,Clear,Not Collision with Motor Vehicle in Transport,no,no,no,no,no,False
100974701,METROPOLITAN NASHVILLE POLICE DEPT,20150932097,Davidson,Nashville,10/7/2015 8:00:00 AM,2,0,0,36.149780,-86.871230,I 40,,,,0.00,,,,,,,203.20,N,Not at Intersection, ,Non-Junction,None,,,         ,Brian,Myatt,Clear,Front to Rear,no,no,no,no,no,False
100974711,METROPOLITAN NASHVILLE POLICE DEPT,20150932194,Davidson,Nashville,10/7/2015 8:40:00 AM,2,0,0,36.254890,-86.733970,CHADWELL DR,,,,114.00,Feet,West,S GRAYCROFT AV,,,,0.00,N,Not at Intersection, ,"Driveway, Alley Access, etc",None,,,         ,Eric,Richardson,Clear,Angle,no,no,no,no,no,False
100974714,METROPOLITAN NASHVILLE POLICE DEPT,2015-0932294,Davidson,Nashville,10/7/2015 9:16:00 AM,2,0,0,36.255330,-86.847470,CLARKSVILLE PKE,,,,439.00,Feet,East,DRY FORK RD,,,,0.00,N,Not at Intersection, ,"Driveway, Alley Access, etc",None,,,         ,William,Caillouette,Fog,Angle,no,no,no,no,no,False
100974718,METROPOLITAN NASHVILLE POLICE DEPT,2015-0932183,Davidson,Belle Meade,10/7/2015 8:55:00 AM,2,0,0,36.095340,-86.867820,W TYNE DR,,,,0.00,,,PAGE RD,,,,0.00,Y,Four-Way, ,Intersection,None,,,         ,Curtis,Rich,Clear,Angle,no,no,no,no,no,False
100974721,METROPOLITAN NASHVILLE POLICE DEPT,20150932012,Davidson,Nashville,10/7/2015 7:32:00 AM,2,0,0,36.085430,-86.647910,MURFREESBORO PKE,,,,563.00,Feet,East,UNA ANTIOCH PKE,,,,0.00,N,Not at Intersection,N,"Driveway, Alley Access, etc",None,,,         ,Barrett,Teague,Clear,HeadOn,no,no,no,no,no,False
100974726,METROPOLITAN NASHVILLE POLICE DEPT,2015-0932179,Davidson,Nashville,10/7/2015 8:40:00 AM,2,0,0,36.136160,-86.788670,WEDGEWOOD AV,,,,0.00,,,12TH AVS,,,,0.00,Y,Four-Way, ,Intersection-Related,None,,,         ,Marc,Lemcke,Clear,Front to Rear,no,no,no,no,no,False
100974728,METROPOLITAN NASHVILLE POLICE DEPT,20150932082,Davidson,Nashville,10/7/2015 8:01:00 AM,2,0,0,36.166480,-86.764680,I 24,,,,0.00,,,,,,,49.00,N,Not at Intersection, ,Non-Junction,None,,,         ,Michael,Johnson,Clear,"Sideswipe, Same Direction",no,no,no,no,no,False
100974732,METROPOLITAN NASHVILLE POLICE DEPT,20150918303,Davidson,Nashville,10/2/2015 1:00:00 PM,2,3,0,36.203330,-86.689880,OPRY MILLS DR,,,,508.00,Feet,South,BRILEY PKWYS,,,,0.00,N,Not at Intersection,N,OtherLocation,None,,,         ,Larry,Benz,Rain,Angle,no,no,no,yes,no,False
100974736,GOODLETTSVILLE POLICE DEPT,15-37478,Davidson,Goodlettsville,10/7/2015 9:20:00 AM,1,0,0,36.308310,-86.697940,VIETNAM VETERANS BLVD SB ENT R,,,,773.00,Feet,West,VIETNAM VETERANS BLVD SB EXT R,,,,0.00,N,Not at Intersection,Y,Entrance/Exit Ramp Related,None,,,         ,Brian,Hajdu,Clear,Not Collision with Motor Vehicle in Transport,no,no,no,no,no,False
100974744,METROPOLITAN NASHVILLE POLICE DEPT,20150932178,Davidson,Antioch,10/7/2015 8:25:00 AM,1,0,0,35.997100,-86.623450,BURKITT,RD,US000,,0.00,,,BATTLE,RD,US,,0.00,Y,T-Intersection,N,OtherLocation,None,,,         ,Julius,Gallon,Clear,Not Collision with Motor Vehicle in Transport,no,no,no,no,no,False
100974748,METROPOLITAN NASHVILLE POLICE DEPT,20150932581,Davidson,Nashville,10/7/2015 10:53:00 AM,2,0,0,36.120990,-86.778090,KIRKWOOD AV,,,,355.00,Feet,East,VAULX LN,,,,0.00,N,Not at Intersection,N,Non-Junction,None,,,         ,Nathan,Kemp,Clear,Angle,no,no,no,no,no,False
100974750,METROPOLITAN NASHVILLE POLICE DEPT,20150932407,Davidson,Nashville,10/7/2015 9:53:00 AM,2,0,0,36.054450,-86.618730,MURFREESBORO PIKE,,,,0.00,,,MT VIEW RD,,,,0.00,Y,Four-Way,N,Intersection,None,,,         ,Kenneth,Alexandrow,Clear,Angle,no,no,no,no,no,False
100974751,METROPOLITAN NASHVILLE POLICE DEPT,20150932147,Davidson,Nashville,10/7/2015 8:29:00 AM,4,3,0,36.118410,-86.726000,I 24,,,,0.00,,,,,,,53.00,N,Not at Intersection,N,Non-Junction,None,,,         ,Randall,Combs,Clear,Front to Rear,no,no,no,no,no,False
100974764,METROPOLITAN NASHVILLE POLICE DEPT,2015-0929107,Davidson,Nashville,10/6/2015 11:38:00 AM,2,0,0,0.000000,0.000000,RIVERSIDE DR,,US1102,,0.00,,,RIVERSIDE DR,DR,SR,,0.00,Y,Four-Way, ,Non-Junction,None,,,         ,Byron,Boelter,Clear,"Sideswipe, Same Direction",no,no,no,no,no,False
100974766,BERRY HILL POLICE DEPT,15-4000,Davidson,Berry Hill,10/6/2015 12:20:00 PM,2,0,0,36.121510,-86.765550,BRANSFORD AV,,,,257.00,Feet,North,BERRY RD,,,,0.00,N,Not at Intersection, ,Non-Junction,None,,,         ,Timothy,Coleman,Clear,Rear to Rear,no,no,no,yes,no,False
100974767,METROPOLITAN NASHVILLE POLICE DEPT,20150932695,Davidson,Nashville,10/7/2015 11:31:00 AM,2,0,0,36.094670,-86.801260,GLENDALE LN,,,,0.00,,,GRANNY WHITE PKE,,,,0.00,Y,Four-Way,N,Intersection,None,,,         ,Nathan,Kemp,Clear,Angle,no,no,no,no,no,False
100974769,METROPOLITAN NASHVILLE POLICE DEPT,2015-0932414,Davidson,Nashville,10/7/2015 10:00:00 AM,2,1,0,36.210180,-86.733660,GALLATIN PKE,,,,0.00,,,HOME RD,,,,0.00,Y,T-Intersection,N,Intersection,None,,,         ,Coleman,Womack,Clear,Angle,no,no,no,no,no,False
100974777,METROPOLITAN NASHVILLE POLICE DEPT,20150932643V,Davidson,Nashville,10/7/2015 11:04:00 AM,2,0,0,36.231200,-86.781550,BRICK CHURCH PKE,,,,146.00,Feet,South,EWING DR,,,,0.00,N,Not at Intersection, ,Non-Junction,None,,,         ,Joshua,Borum,Clear,Angle,no,no,no,no,no,False
100974779,VANDERBILT UNIVERSITY POLICE,15-929558,Davidson,Nashville,10/6/2015 1:30:00 PM,1,1,0,36.139620,-86.800500,21ST AVS,,,,0.00,,,PIERCE AV,,,,0.00,Y,Four-Way,N,Intersection,None,,,         ,Linda,Jennings,Clear,Not Collision with Motor Vehicle in Transport,yes,no,no,no,no,Campus
100974781,METROPOLITAN NASHVILLE POLICE DEPT,20150932558,Davidson,Nashville,10/7/2015 12:00:00 AM,2,0,0,36.184850,-86.608180,ANDREW JACKSON WAY,,,,658.00,Feet,South,JACKSON PASS,,,,0.00,N,Not at Intersection,N,Non-Junction,None,,,         ,Craig,Carlson,Unknown,"Sideswipe, Opposite Direction",no,no,no,yes,yes,False
100974783,METROPOLITAN NASHVILLE POLICE DEPT,2015-0932709,Davidson,Nashville,10/7/2015 11:38:00 AM,1,1,0,36.127950,-86.845030,BOSLEY SPRINGS RD,,,,73.00,Feet,East,ST THOMAS DR,,,,0.00,N,Not at Intersection,N,Non-Junction,None,,,         ,Walter,Gray II,Clear,Not Collision with Motor Vehicle in Transport,yes,no,no,yes,no,False
100974803,METROPOLITAN NASHVILLE POLICE DEPT,20150932227,Davidson,Nashville,10/7/2015 11:00:00 AM,2,0,0,36.216800,-86.692390,MCGAVOCK PKE,,,,0.00,,,BRILEY PKWYN,,,,0.00,Y,Five Point Or More, ,,None,,,         ,Terry,Denton,,,no,no,no,no,no,False
100974805,VANDERBILT UNIVERSITY POLICE,15-937637,Davidson,Nashville,10/7/2015 10:50:00 AM,2,0,0,36.146970,-86.808360,WEST END AV,,,,0.00,,,25TH AVS,,,,0.00,Y,OTHER, ,Non-Junction,None,,,         ,Sean,Hughes,Clear,"Sideswipe, Opposite Direction",no,no,no,yes,no,Campus
100974806,METROPOLITAN NASHVILLE POLICE DEPT,2015,Davidson,Nashville,10/7/2015 12:15:00 PM,2,0,0,36.085120,-86.728420,NOLENSVILLE PKE,,,,124.00,Feet,North,PARAGON MILLS RD,,,,0.00,N,Not at Intersection, ,Non-Junction,None,,,         ,Tony,Folad,Clear,Angle,no,no,no,no,no,False
100974815,METROPOLITAN NASHVILLE POLICE DEPT,2015-0932661,Davidson,Nashville,10/7/2015 11:17:00 AM,1,1,0,36.209210,-86.776180,I65 S EXT RAMP,,,,0.00,Feet,East,I 65,,,,0.00,N,Not at Intersection,Y,Entrance/Exit Ramp Related,Construction Zone,Lane Shift-Crossover,Activity Area,         ,William,Caillouette,Clear,Not Collision with Motor Vehicle in Transport,no,no,no,no,yes,False
100974830,VANDERBILT UNIVERSITY POLICE,15-929330,Davidson,Nashville,10/6/2015 12:00:00 PM,2,0,0,36.106520,-86.763190,POWELL AV,,,,0.00,,,,,,,0.00,,, ,Non-Junction,None,,,         ,Donald,Clark,Clear,Front to Rear,no,no,no,yes,no,OHO
100974831,METROPOLITAN NASHVILLE POLICE DEPT,20150925235,Davidson,Nashville,10/5/2015 7:50:00 AM,2,0,0,36.136180,-86.811190,ACKLEN AV,,,,0.00,Feet,East,NATCHEZ TRC,,,,0.00,N,Not at Intersection, ,Non-Junction,Construction Zone,,,         ,Darrell,Osment,Clear,Angle,no,no,no,no,no,Campus
100974834,METROPOLITAN NASHVILLE POLICE DEPT,2015-0932956,Davidson,Nashville,10/7/2015 1:00:00 PM,2,0,0,36.205890,-86.768610,E TRINITY LN,,,,0.00,,,DICKERSON PKE,,,,0.00,Y,Four-Way, ,Intersection,None,,,         ,Coleman,Womack,Clear,"Sideswipe, Same Direction",no,no,no,no,no,False
100974836,METROPOLITAN NASHVILLE POLICE DEPT,20150932876,Davidson,Nashville,10/7/2015 12:36:00 PM,1,1,0,36.088470,-86.792760,BATTERY LN,,,,522.00,Feet,West,LEALAND LN,,,,0.00,N,Not at Intersection,N,Non-Junction,None,,,         ,Nathan,Kemp,Clear,Not Collision with Motor Vehicle in Transport,no,no,no,no,no,False
100974841,METROPOLITAN NASHVILLE POLICE DEPT,2015-0932914,Davidson,Nashville,10/7/2015 12:45:00 PM,1,0,0,36.180620,-86.807860,14TH AVN,,,,188.00,Feet,North,BUCHANAN ST,,,,0.00,N,Not at Intersection, ,Non-Junction,None,,,         ,William,Caillouette,Clear,Not Collision with Motor Vehicle in Transport,no,no,no,no,no,False
100974850,METROPOLITAN NASHVILLE POLICE DEPT,20150932842,Davidson,Nashville,10/7/2015 11:52:00 AM,2,0,0,36.168610,-86.813120,JEFFERSON ST,,,,73.00,Feet,East,I40 E EXT RAMP,,,,0.00,N,Not at Intersection,N,Entrance/Exit Ramp Related,None,,,         ,Ernie,Wilson,Clear,Front to Rear,no,no,no,no,no,False
100974851,METROPOLITAN NASHVILLE POLICE DEPT,20150932675,Davidson,Madison,10/7/2015 11:25:00 AM,1,1,0,36.265850,-86.711040,DULING AV,,,,0.00,,,GALLATIN PKEN,,,,0.00,Y,Y-Intersection,N,Intersection,None,,,         ,Jeffery,Burnette,Cloudy,Not Collision with Motor Vehicle in Transport,no,yes,no,no,no,False
100974852,VANDERBILT UNIVERSITY POLICE,2015-932964,Davidson,Nashville,10/7/2015 12:48:00 PM,2,1,0,36.138030,-86.805050,24TH AVS,,,,0.00,,,BLAKEMORE AV,,,,0.00,Y,Four-Way,N,Intersection,None,,,         ,Bridney,Jones,Clear,Other,no,no,no,no,no,Campus
100974853,METROPOLITAN NASHVILLE POLICE DEPT,20150927277,Davidson,Nashville,10/5/2015 9:30:00 PM,2,0,0,36.173570,-86.760330,WOODLAND ST,,,,0.00,,,S 7TH ST,,,,0.00,Y,T-Intersection,N,Intersection,None,,,         ,Whitney,Arnold,Clear,Angle,no,no,no,no,no,False
100974858,METROPOLITAN NASHVILLE POLICE DEPT,20150933069,Davidson,Nashville,10/7/2015 1:38:00 PM,2,0,0,36.142280,-86.819280,ACKLEN PARK DR,,,,0.00,,,HILLCREST PL,,,,0.00,Y,T-Intersection, ,Intersection,Construction Zone,,,         ,Darrell,Osment,Clear,Angle,no,no,no,no,no,False
100974863,METROPOLITAN NASHVILLE POLICE DEPT,2015-0932282,Davidson,Nashville,10/7/2015 9:12:00 AM,2,1,0,36.088540,-86.701850,I 24,,,,0.00,,,,,,,55.55,N,Not at Intersection,N,Non-Junction,None,,,         ,William,Whitworth,Clear,Front to Rear,no,no,no,no,no,False
100974888,METROPOLITAN NASHVILLE POLICE DEPT,2015-0932978,Davidson,Nashville,10/7/2015 1:06:00 PM,2,0,0,36.154480,-86.779420,8TH AVS,,,,0.00,,,LAFAYETTE ST,,,,0.00,Y,Roundabout, ,Intersection-Related,None,,,         ,Allen,Bates,Clear,"Sideswipe, Same Direction",no,no,no,no,no,False
100974889,THP District 3 - Nashville,315051322,Davidson,Nashville,10/6/2015 8:30:00 PM,2,0,0,36.157910,-86.790590,I40 W ENT RAMP,,,,0.00,Feet,East,I 40,,,,0.00,N,Not at Intersection, ,Non-Junction,Construction Zone,,,         ,Randall retired,Cole retired,Clear,"Sideswipe, Same Direction",no,no,no,no,no,False
100974893,METROPOLITAN NASHVILLE POLICE DEPT,20150933264,Davidson,Nashville,10/7/2015 2:24:00 PM,2,0,0,36.152840,-86.796350,WEST END AV,,,,120.00,Feet,West,18TH AVS,,,,0.00,N,Not at Intersection,N,Non-Junction,None,,,         ,Tien,Nguyen,Clear,Angle,no,no,no,no,no,False
100974907,VANDERBILT UNIVERSITY POLICE,15-0929802,Davidson,Nashville,10/6/2015 12:54:00 PM,2,0,0,36.149890,-86.802420,WEST END AV,,,,410.00,Feet,West,21ST AVS,,,,0.00,N,Not at Intersection, ,Non-Junction,None,,,         ,Cedric,Edwards,Clear,Angle,no,no,no,no,no,Campus
100974912,METROPOLITAN NASHVILLE POLICE DEPT,2015-0933496,Davidson,Nashville,10/7/2015 3:45:00 PM,1,0,0,36.141040,-86.839130,44TH AVN,,,,25.00,Feet,North,MURPHY RD,,,,0.00,N,Not at Intersection, ,Non-Junction,None,,,         ,Walter,Gray II,Clear,Not Collision with Motor Vehicle in Transport,no,no,no,no,no,False
100974915,METROPOLITAN NASHVILLE POLICE DEPT,20150933533,Davidson,Nashville,10/7/2015 3:50:00 PM,2,0,0,36.169710,-86.679830,MCGAVOCK PKE,,,,126.00,Feet,North,LEBANON PKE,,,,0.00,N,Not at Intersection, ,Non-Junction,None,,,         ,Bradley,McIntyre,Clear,Angle,no,no,no,no,no,False
100974921,GOODLETTSVILLE POLICE DEPT,15-36939,Davidson,Goodlettsville,10/2/2015 4:50:00 PM,2,0,0,36.299830,-86.711710,I 65,,,,0.00,,,,,,,95.15,N,Not at Intersection, ,Non-Junction,None,,,         ,John,Spencer,Cloudy,"Sideswipe, Same Direction",no,no,no,no,no,False
100974922,GOODLETTSVILLE POLICE DEPT,15-37038,Davidson,Goodlettsville,10/3/2015 2:30:00 PM,2,1,0,0.000000,0.000000,VIETNAM VETERANS BLVD,,SR386,,800.00,Feet,East,CONFRENCE DR.,,,,1.04,N,Not at Intersection,Y,Non-Junction,None,,,         ,John,Spencer,Rain,Front to Rear,no,no,no,no,no,False
100974923,GOODLETTSVILLE POLICE DEPT,15-37043,Davidson,Goodlettsville,10/3/2015 3:40:00 PM,1,1,0,0.000000,0.000000,CONFERENCE DR.,,,,300.00,Feet,North,NORTH CREEK BLVD.,,,,0.00,N,Not at Intersection,N,Non-Junction,None,,,         ,John,Spencer,Rain,Not Collision with Motor Vehicle in Transport,no,no,no,no,no,False
100974924,METROPOLITAN NASHVILLE POLICE DEPT,20150933370,Davidson,Nashville,10/7/2015 3:06:00 PM,2,0,0,36.210110,-86.765870,DICKERSON PKE,,,,170.00,Feet,North,MARTIN AV,,,,0.00,N,Not at Intersection, ,Non-Junction,None,,,         ,Joshua,Green,Clear,Front to Rear,no,no,no,yes,no,False
100974926,METROPOLITAN NASHVILLE POLICE DEPT,20150933511,Davidson,Nashville,10/7/2015 3:48:00 PM,2,0,0,36.156000,-86.798260,18TH AVN,,,,0.00,,,STATE ST,,,,0.00,Y,Four-Way,N,Intersection-Related,None,,,         ,Tien,Nguyen,Clear,Angle,no,no,no,no,no,False