master_record_number,agency,agency_tracking_number,county,city,collision_date,vehicles_involved,number_injured,number_dead,latitude,longitude,roadway_name,roadway_suffix,roadway_number,roadway_local_id,distance_from_reference,miles-feet_indicator,direction_from_reference,intersection_road_name,intersection_road_name_suffix,intersection_road_number,intersection_local_id,mile_marker,intersection_indicator,intersect_type,interchange_related_indicator,relation_to_junction,work_zone_type,construction_maintenance_zone,construction_maintenance_zone_location,fatal_case_number,officer_first_name,officer_last_name,weather_condition(s),manner_of_crash,pedestrian,bicycle,scooter,parking,hitrun,mou
100974932,METROPOLITAN NASHVILLE POLICE DEPT,20150933582,Davidson,Nashville,10/7/2015 3:45:00 PM,1,0,0,36.088150,-86.885090,PERCY DR,,,,137.00,Feet,East,VAUGHNS GAP RD,,,,0.00,N,Not at Intersection,N,Non-Junction,None,,,         ,Jeremy,Huffine,Clear,Not Collision with Motor Vehicle in Transport,no,no,no,no,no,False
100974933,METROPOLITAN NASHVILLE POLICE DEPT,20150933474,Davidson,Nashville,10/7/2015 3:33:00 PM,2,1,0,36.108310,-86.812350,HILLSBORO PKE,,,,152.00,Feet,South,GLEN ECHO RD,,,,0.00,N,Not at Intersection,N,Non-Junction,None,,,         ,Jacob,Crouch,Clear,Front to Rear,no,no,no,no,no,False
100974934,METROPOLITAN NASHVILLE POLICE DEPT,2015-0933556,Davidson,Nashville,10/7/2015 4:00:00 PM,2,0,0,36.062320,-86.904630,OLD HICKORY BLVD,,,,0.00,,,HIGHWAY 100,,,,0.00,Y,T-Intersection, ,Non-Junction,None,,,         ,Michael,Rogers,Clear,Front to Rear,no,no,no,no,no,False
100974936,METROPOLITAN NASHVILLE POLICE DEPT,20150933499,Davidson,Nashville,10/7/2015 3:45:00 PM,3,0,0,36.099470,-86.710950,I 24,,,,0.00,,,,,,,54.60,N,Not at Intersection,N,Non-Junction,None,,,         ,Jonathan,Frith,Clear,Front to Rear,no,no,no,no,no,False
100974941,METROPOLITAN NASHVILLE POLICE DEPT,20150933473,Davidson,Nashville,10/7/2015 2:45:00 PM,2,0,0,36.148040,-86.792280,MUSIC SQE,,,,0.00,,,SOUTH ST,,,,0.00,Y,T-Intersection,N,Intersection,Construction Zone,Laneclosure,Unknown,         ,Maria,Cortez,Clear,Front to Rear,no,no,no,no,no,False
100974947,METROPOLITAN NASHVILLE POLICE DEPT,20150933710,Davidson,Nashville,10/7/2015 4:45:00 PM,2,1,0,36.037400,-86.786570,FRANKLIN PKE,,,,0.00,,,OLD HICKORY BLVD,,,,0.00,Y,Four-Way,N,Intersection,None,,,         ,Peter,Knisley,Clear,Front to Rear,no,no,no,no,no,False
100974949,METROPOLITAN NASHVILLE POLICE DEPT,20150933754,Davidson,Nashville,10/7/2015 3:26:00 PM,2,0,0,36.044770,-86.661010,BELL RD,,,,152.00,Feet,East,CANE RIDGE RD,,,,0.00,N,Not at Intersection, ,Non-Junction,None,,,         ,Jason,Door,Clear,"Sideswipe, Same Direction",no,no,no,no,no,False
100974951,METROPOLITAN NASHVILLE POLICE DEPT,20150933636,Davidson,Nashville,10/7/2015 4:20:00 PM,2,0,0,36.158700,-86.818200,CLIFTON AV,,,,100.00,Feet,East,28TH AVN,,,,0.00,N,Not at Intersection, ,Non-Junction,None,,,         ,Garren,Hoskins,Clear,Front to Rear,no,no,no,no,no,False
100974953,METROPOLITAN NASHVILLE POLICE DEPT,20150933769,Davidson,Nashville,10/7/2015 4:53:00 PM,2,0,0,36.079600,-86.726320,NOLENSVILLE PKE,,,,0.00,,,HARDING PL,,,,0.00,Y,Four-Way, ,Intersection-Related,None,,,         ,Tien,Nguyen,Clear,"Sideswipe, Same Direction",no,no,no,no,no,False
100974955,METROPOLITAN NASHVILLE POLICE DEPT,20150933758,Davidson,Nashville,10/7/2015 4:50:00 PM,3,0,0,36.220420,-86.597580,ANDREW JACKSON PKWY,,,,57.00,Feet,North,WEMBLEY DR,,,,0.00,N,Not at Intersection,N,Non-Junction,None,,,         ,Shawn,Taylor,Clear,Front to Rear,no,no,no,no,yes,False
100974960,METROPOLITAN NASHVILLE POLICE DEPT,20150933719,Davidson,Nashville,10/7/2015 4:45:00 PM,2,0,0,36.153490,-86.723260,LEBANON PKE,,,,500.00,Feet,West,SPENCE LN,,,,0.00,N,Not at Intersection,N,Non-Junction,None,,,         ,Felipe,Pereira,Clear,Front to Rear,no,no,no,no,yes,False
100974963,METROPOLITAN NASHVILLE POLICE DEPT,20150933949,Davidson,Nashville,10/7/2015 4:30:00 PM,2,0,0,36.111060,-86.747360,THOMPSON LN,,,,0.00,,,LOUISE DR,,,,0.00,Y,T-Intersection,N,Intersection-Related,None,,,         ,Tien,Nguyen,Clear,Angle,no,no,no,no,yes,False
100974968,METROPOLITAN NASHVILLE POLICE DEPT,20150933722,Davidson,Nashville,10/7/2015 5:06:00 PM,2,1,0,36.095140,-86.677770,DONELSON PKE,,,,901.00,Feet,North,HARDING PL,,,,0.00,N,Not at Intersection,N,Non-Junction,None,,,         ,Jessie,Meadows,Clear,Angle,no,no,no,no,yes,False
100974979,METROPOLITAN NASHVILLE POLICE DEPT,20150933911,Davidson,Nashville,10/7/2015 4:30:00 PM,2,0,0,36.095590,-86.710280,DONNA KAY DR,,,,0.00,,,BOLSTER CT,,,,0.00,Y,OTHER, ,,None,,,         ,Natalie,Robinson,,,no,no,no,no,no,False
100974991,METROPOLITAN NASHVILLE POLICE DEPT,20150933994,Davidson,Nashville,10/7/2015 12:00:00 AM,2,0,0,36.104580,-86.811530,RICHARD JONES RD,,,,775.00,Feet,East,HILLSBORO PKE,,,,0.00,N,Not at Intersection, ,Non-Junction,None,,,         ,Jacob,Crouch,Clear,Front to Rear,no,no,no,yes,yes,False
100974996,METROPOLITAN NASHVILLE POLICE DEPT,20150933829,Davidson,Nashville,10/7/2015 5:27:00 PM,3,1,0,36.160290,-86.786730,CHURCH ST,,,,235.00,Feet,West,10TH AVN,,,,0.00,N,Not at Intersection,N,Non-Junction,None,,,         ,Pedro,Rivera Chaparro,Clear,Front to Rear,no,no,no,no,no,False
100975000,METROPOLITAN NASHVILLE POLICE DEPT,20150933917,Davidson,Nashville,10/7/2015 5:57:00 PM,1,1,0,36.214440,-86.833990,HAYNES PARK DR,,,,367.00,Feet,North,CHARLES CT,,,,0.00,N,Not at Intersection,N,Non-Junction,None,,,         ,Brandon,Evans,Clear,Not Collision with Motor Vehicle in Transport,yes,no,no,no,no,False
100975007,METROPOLITAN NASHVILLE POLICE DEPT,20150934187,Davidson,Nashville,10/7/2015 7:42:00 PM,2,0,0,36.132890,-86.796000,PORTLAND AV,,,,37.00,Feet,West,BELMONT BLVD,,,,0.00,N,Not at Intersection, ,Non-Junction,None,,,         ,Tien,Nguyen,Clear,Angle,no,no,no,no,no,False
100975012,METROPOLITAN NASHVILLE POLICE DEPT,20150933512,Davidson,Nashville,10/7/2015 3:45:00 PM,2,1,0,36.124530,-86.847210,WOODMONT BLVD,,,,206.00,Feet,South,HARDING PKE,,,,0.00,N,Not at Intersection,N,Non-Junction,None,,,         ,Torian,Cox,Clear,Angle,no,no,no,no,no,False
100975019,METROPOLITAN NASHVILLE POLICE DEPT,20150934203,Davidson,Nashville,10/7/2015 7:53:00 PM,1,0,0,36.171790,-86.795730,WARREN ST,,,,142.00,Feet,South,JEFFERSON ST,,,,0.00,N,Not at Intersection, ,OtherLocation,None,,,         ,Steven,Rowlett,Clear,Not Collision with Motor Vehicle in Transport,no,no,no,no,no,False
100975026,METROPOLITAN NASHVILLE POLICE DEPT,20150933539,Davidson,Nashville,10/7/2015 3:54:00 PM,2,0,0,36.193640,-86.743880,STRAIGHTWAY AV,,,,0.00,,,GALLATIN AV,,,,0.00,Y,T-Intersection, ,Intersection,None,,,         ,Cressie,Prill,Clear,Angle,no,no,no,no,no,False
100975036,METROPOLITAN NASHVILLE POLICE DEPT,20150933130,Davidson,Nashville,10/7/2015 1:40:00 PM,2,0,0,36.124960,-86.752180,NOLENSVILLE PKE,,,,10.00,Feet,South,ROSEDALE AV,,,,0.00,N,Not at Intersection,N,Non-Junction,None,,,         ,Jessie,Meadows,Clear,Angle,no,no,no,no,yes,False
100975037,METROPOLITAN NASHVILLE POLICE DEPT,20150933460,Davidson,Nashville,10/7/2015 3:45:00 PM,3,0,0,36.122890,-86.750850,I 440,,,,0.00,,,,,,,6.30,N,Not at Intersection,N,Non-Junction,None,,,         ,Jessie,Meadows,Clear,Front to Rear,no,no,no,no,no,False
100975045,METROPOLITAN NASHVILLE POLICE DEPT,2015-0933658,Davidson,Nashville,10/7/2015 4:30:00 PM,2,0,0,36.038690,-86.783120,OLD HICKORY BLVD,,,,125.00,Feet,East,I65 S EXT RAMP,,,,0.00,N,Not at Intersection,N,Non-Junction,None,,,         ,William,King,Clear,Front to Rear,no,no,no,no,no,False
100975048,METROPOLITAN NASHVILLE POLICE DEPT,20150934134,Davidson,Nashville,10/7/2015 7:55:00 PM,2,0,0,36.133880,-86.727100,I 24,,,,0.00,,,,,,,52.10,N,Not at Intersection, ,Non-Junction,None,,,         ,Jessie,Meadows,Clear,Front to Rear,no,no,no,no,no,False
100975051,METROPOLITAN NASHVILLE POLICE DEPT,20150934274,Davidson,Nashville,10/7/2015 7:07:00 PM,2,1,0,36.168280,-86.796310,I 40,,,,0.00,,,,,,,208.15,N,Not at Intersection,N,Non-Junction,None,,,         ,Pedro,Rivera Chaparro,Clear,Front to Rear,no,no,no,no,no,False
100975054,METROPOLITAN NASHVILLE POLICE DEPT,20150934143,Davidson,Not in City Limit,10/7/2015 7:35:00 PM,2,2,0,36.081700,-86.957110,HIGHWAY 70S,,,,0.00,,,I40 W ENT RAMP,,,,0.00,Y,Four-Way,N,Intersection,None,,,         ,John,Thomas,Clear,Angle,no,no,no,no,no,False
100975055,METROPOLITAN NASHVILLE POLICE DEPT,20150919599,Davidson,Nashville,10/2/2015 9:28:00 PM,2,1,0,36.154630,-86.779160,8TH AVS,,,,0.00,,,LAFAYETTE ST,,,,0.00,Y,Traffic Circle,Y,Intersection-Related,None,,,         ,Jacob,Paul,Cloudy,"Sideswipe, Same Direction",no,no,no,no,no,False
100975059,METROPOLITAN NASHVILLE POLICE DEPT,2015-0934329,Davidson,Nashville,10/7/2015 8:43:00 PM,2,0,0,36.161020,-86.777200,BROADWAY,,,,0.00,,,4TH AVN,,,,0.00,Y,Four-Way,N,Intersection,None,,,         ,Michael,Schlegel,Clear,Angle,no,no,no,no,yes,False
100975065,METROPOLITAN NASHVILLE POLICE DEPT,20150934152,Davidson,Nashville,10/7/2015 7:42:00 PM,1,1,0,36.143680,-86.689880,I 40,,,,0.00,,,,,,,215.30,N,Not at Intersection,N,Non-Junction,None,,,         ,Timothy,Mead,Clear,Not Collision with Motor Vehicle in Transport,no,no,no,no,no,False
100975080,METROPOLITAN NASHVILLE POLICE DEPT,20150934407,Davidson,Nashville,10/7/2015 9:15:00 PM,2,1,0,36.227680,-86.773300,I 65,,,,0.00,,,,,,,88.80,N,Not at Intersection,N,Non-Junction,Construction Zone,Work On Shoulder Or Median,Activity Area,         ,Nathan,Dungan,Clear,Front to Rear,no,no,no,no,no,False
100975084,METROPOLITAN NASHVILLE POLICE DEPT,20150934368,Davidson,Nashville,10/7/2015 7:10:00 PM,1,0,0,36.244430,-86.722150,LAKEWOOD DR,,,,95.00,Feet,East,GALLATIN PKES,,,,0.00,N,Not at Intersection,Y,Entrance/Exit Ramp Related,None,,,         ,Lawrence,Lacy,Clear,Not Collision with Motor Vehicle in Transport,no,no,no,no,no,False
100975085,METROPOLITAN NASHVILLE POLICE DEPT,20150934366,Davidson,Nashville,10/7/2015 8:50:00 PM,2,0,0,36.170830,-86.798120,I 40,,,,0.00,,,,,,,208.00,N,Not at Intersection,Y,Non-Junction,Construction Zone,Laneclosure,Activity Area,         ,Allen,Hall,Clear,Front to Rear,no,no,no,no,yes,False
100975094,METROPOLITAN NASHVILLE POLICE DEPT,20150933537,Davidson,Nashville,10/7/2015 3:55:00 PM,2,1,0,36.105470,-86.767210,I 65,,,,0.00,,,,,,,79.45,N,Not at Intersection,Y,Entrance/Exit Ramp Related,None,,,         ,William,Taylor,Clear,"Sideswipe, Same Direction",no,no,no,no,no,False
100975104,METROPOLITAN NASHVILLE POLICE DEPT,20150933308,Davidson,Nashville,10/7/2015 2:18:00 PM,2,0,0,36.167600,-86.820910,28TH AVN,,,,0.00,,,,,,,0.00,,,N,Non-Junction,None,,,         ,Michael,Brooks,Clear,Angle,no,no,no,yes,yes,False
100975105,METROPOLITAN NASHVILLE POLICE DEPT,20150933597,Davidson,Nashville,10/7/2015 4:04:00 PM,2,0,0,36.167790,-86.820750,JOHN A MERRITT BLVD,,,,0.00,,,28TH AVN,,,,0.00,Y,Four-Way, ,,None,,,         ,Michael,Brooks,,,no,no,no,no,no,False
100975106,METROPOLITAN NASHVILLE POLICE DEPT,20150933720,Davidson,Nashville,10/7/2015 4:27:00 PM,2,0,0,36.156840,-86.804870,CHARLOTTE AV,,,,234.00,Feet,East,SHORTVIEW AV,,,,0.00,N,Not at Intersection,N,Non-Junction,None,,,         ,Michael,Brooks,Clear,Front to Rear,no,no,no,no,yes,False
100975107,METROPOLITAN NASHVILLE POLICE DEPT,20150933912,Davidson,Nashville,10/7/2015 5:45:00 PM,2,2,0,36.208730,-86.862580,ASHLAND CITY HWY,,,,0.00,,,EATONS CREEK RD,,,,0.00,Y,T-Intersection,Y,Intersection,None,,,         ,Michael,Brooks,Clear,Angle,no,no,no,no,no,False
100975108,METROPOLITAN NASHVILLE POLICE DEPT,20150934176,Davidson,Nashville,10/7/2015 7:49:00 PM,2,2,0,36.191120,-86.797200,VANTAGE WAY,,,,0.00,,,FRENCH LANDING DR,,,,0.00,Y,Four-Way,Y,Intersection,None,,,         ,Michael,Brooks,Clear,Angle,no,no,no,no,no,False
100975109,METROPOLITAN NASHVILLE POLICE DEPT,20150934374,Davidson,Nashville,10/7/2015 6:04:00 PM,2,0,0,36.169090,-86.809600,21ST AVN,,,,0.00,,,JEFFERSON ST,,,,0.00,Y,Four-Way, ,Intersection,None,,,         ,Michael,Brooks,Clear,Angle,no,no,no,no,no,False
100975110,METROPOLITAN NASHVILLE POLICE DEPT,20150933810,Davidson,Nashville,10/7/2015 4:44:00 PM,3,0,0,36.216730,-86.837500,CLARKSVILLE PKE,,,,658.00,Feet,South,KINGS LN,,,,0.00,N,Not at Intersection,N,Non-Junction,None,,,         ,Michael,Brooks,Clear,Front to Rear,no,no,no,no,no,False
100975118,METROPOLITAN NASHVILLE POLICE DEPT,2015-0931863,Davidson,Nashville,10/7/2015 6:01:00 AM,2,0,0,36.170760,-86.768650,INTERSTATE DR,,,,144.00,Feet,North,WOODLAND ST,,,,0.00,N,Not at Intersection, ,Non-Junction,None,,,         ,Michael,Willis Jr.,Clear,"Sideswipe, Same Direction",no,no,no,no,no,False
100975126,METROPOLITAN NASHVILLE POLICE DEPT,20150933335,Davidson,Nashville,10/7/2015 2:22:00 PM,2,0,0,36.045390,-86.712970,OLD HICKORY BLVD,,,,50.00,Feet,East,NOLENSVILLE PKE,,,,0.00,N,Not at Intersection, ,Non-Junction,None,,,         ,Kevin,Keating,Clear,Angle,no,no,no,no,no,False
100975139,METROPOLITAN NASHVILLE POLICE DEPT,20150934823,Davidson,Nashville,10/7/2015 11:59:00 PM,2,0,0,36.044900,-86.661760,BELL RD,,,,0.00,,,,,,,0.00,,, ,Non-Junction,None,,,         ,Steven,Williams,Clear,Angle,no,no,no,yes,yes,False
100975157,METROPOLITAN NASHVILLE POLICE DEPT,20150935014,Davidson,Not in City Limit,10/8/2015 1:25:00 AM,1,0,0,36.281950,-86.876930,CLARKSVILLE PKE,,,,1374.00,Feet,West,OLD HICKORY BLVD,,,,0.00,N,Not at Intersection, ,,None,,,         ,Eric,Mumaw,,,no,no,no,no,no,False
100975158,METROPOLITAN NASHVILLE POLICE DEPT,20150934684,Davidson,Nashville,10/7/2015 11:10:00 PM,2,0,0,36.142740,-86.787030,EDGEHILL AV,,,,0.00,Feet,,12TH AVS,,,,0.00,Y,Four-Way,N,Intersection,None,,,         ,Michael,Baron,Clear,Angle,no,no,no,no,no,False
100975159,METROPOLITAN NASHVILLE POLICE DEPT,20150934908,Davidson,Nashville,10/8/2015 12:07:00 AM,2,1,0,36.153400,-86.800840,20TH AVN,,,,0.00,,,CHURCH ST,,,,0.00,Y,Four-Way,Y,Intersection,None,,,         ,Taylor,Jeansonne,Clear,Angle,no,no,no,no,no,Campus
100975188,METROPOLITAN NASHVILLE POLICE DEPT,2015-0928660,Davidson,Nashville,10/6/2015 9:04:00 AM,2,0,0,36.168320,-86.688740,LEBANON PKE,,,,0.00,,,BRILEY PKWY S ENT RAMP,,,,0.00,Y,T-Intersection, ,Intersection,None,,,         ,Jeb,Johnston,Clear,"Sideswipe, Same Direction",no,no,no,no,no,False
100975190,METROPOLITAN NASHVILLE POLICE DEPT,2015-0935176,Davidson,Nashville,10/8/2015 3:00:00 AM,2,0,0,36.232300,-86.757000,MAPLEWOOD TRC,,,,0.00,,,,,,,0.00,,,N,Non-Junction,None,,,         ,Michael,Agee,Clear,Angle,no,no,no,yes,no,False
100975191,METROPOLITAN NASHVILLE POLICE DEPT,2015-0928317,Davidson,Nashville,10/6/2015 7:19:00 AM,2,0,0,36.107790,-86.676870,MURFREESBORO PKE,,,,0.00,Feet,,DELL PKWY,,,,0.00,Y,T-Intersection,N,Intersection,None,,,         ,Jeb,Johnston,Clear,Front to Rear,no,no,no,no,no,False
100975193,METROPOLITAN NASHVILLE POLICE DEPT,2015-0929038,Davidson,Nashville,10/6/2015 11:10:00 AM,2,0,0,36.154370,-86.759780,I 40,,,,0.00,,,,,,,211.00,N,Not at Intersection, ,,None,,,         ,Jeb,Johnston,,,no,no,no,no,no,False
100975196,METROPOLITAN NASHVILLE POLICE DEPT,2015-0929343,Davidson,Nashville,10/6/2015 12:53:00 PM,2,0,0,36.125360,-86.696190,KERMIT DR,,,,0.00,,,BRILEY PKWY,,,,0.00,Y,T-Intersection, ,Intersection,None,,,         ,Jeb,Johnston,Clear,Front to Rear,no,no,no,no,no,False
100975206,BERRY HILL POLICE DEPT,15-4011,Davidson,Berry Hill,10/7/2015 7:18:00 AM,2,0,0,36.112200,-86.765730,THOMPSON LN,,,,327.00,Feet,South,BRANSFORD AV,,,,0.00,N,Not at Intersection, ,Non-Junction,None,,,         ,Ronnie,Hill,Clear,Front to Rear,no,no,no,no,no,False
100975210,METROPOLITAN NASHVILLE POLICE DEPT,20150935253,Davidson,Nashville,10/8/2015 2:50:00 AM,1,0,0,36.223590,-86.624720,6TH ST,,,,100.00,Feet,West,WOODS ST,,,,0.00,N,Not at Intersection,N,Non-Junction,None,,,         ,Matthew,Harris,Clear,Not Collision with Motor Vehicle in Transport,no,no,no,no,yes,False
100975217,METROPOLITAN NASHVILLE POLICE DEPT,20150935411,Davidson,Nashville,10/8/2015 12:00:00 AM,1,0,0,36.211480,-86.691170,BRILEY PKWYN,,,,414.00,Feet,South,BRILEY PKWY N EXT RAMP,,,,0.00,N,Not at Intersection,N,Non-Junction,None,,,         ,Benjamin,Cole,Clear,Not Collision with Motor Vehicle in Transport,no,no,no,no,yes,False
100975227,METROPOLITAN NASHVILLE POLICE DEPT,20150935535,Davidson,Nashville,10/8/2015 6:36:00 AM,2,0,0,36.155650,-86.789720,BROADWAY,,,,0.00,,,14TH AVN,,,,0.00,Y,Four-Way,N,Intersection,None,,,         ,Nathan,Kemp,Clear,Angle,no,no,no,no,no,False
100975228,METROPOLITAN NASHVILLE POLICE DEPT,20150925924,Davidson,Nashville,10/5/2015 12:45:00 PM,3,1,0,36.106230,-86.718860,I 24,,,,0.00,,,,,,,54.00,N,Not at Intersection,N,Entrance/Exit Ramp Related,None,,,         ,Ian,Hammond,Clear,"Sideswipe, Same Direction",no,no,no,no,yes,False
100975246,METROPOLITAN NASHVILLE POLICE DEPT,20150932841,Davidson,Nashville,10/7/2015 12:20:00 PM,1,0,0,0.000000,0.000000,HOLT RD,RD,,,500.00,Feet,West,HOLT HILLS RD,RD,,,0.00,N,Not at Intersection, ,Non-Junction,None,,,         ,Marc,Haugen,Clear,Not Collision with Motor Vehicle in Transport,no,no,no,no,no,False
100975259,METROPOLITAN NASHVILLE POLICE DEPT,20150935552,Davidson,Nashville,10/8/2015 6:51:00 AM,2,0,0,36.080940,-86.751620,HARDING PL,,,,0.00,,,WAUFORD DR,,,,0.00,Y,OTHER, ,Non-Junction,None,,,         ,Marc,Haugen,Clear,"Sideswipe, Same Direction",no,no,no,no,no,False
100975261,THP District 9 - Administrative,315051297,Davidson,Nashville,10/6/2015 5:14:00 PM,2,0,0,36.127030,-86.727780,I 24,,,,0.00,,,,,,,51.40,N,Not at Intersection, ,Non-Junction,None,,,         ,Brian,Carmouche,Clear,Front to Rear,no,no,no,no,no,False
100975265,METROPOLITAN NASHVILLE POLICE DEPT,20150935676,Davidson,Nashville,10/8/2015 7:48:00 AM,2,1,0,36.152350,-86.769010,2ND AVS,,,,0.00,,,LINDSLEY AV,,,,0.00,Y,OTHER,Y,Intersection,None,,,         ,Joshua,Hollins,Clear,Angle,no,no,no,no,no,False
100975267,METROPOLITAN NASHVILLE POLICE DEPT,2015-0932626,Davidson,Nashville,10/5/2015 5:50:00 PM,2,0,0,36.212830,-86.760820,DELLWAY VILLA RD,,,,1125.00,Feet,East,DICKERSON PKE,,,,0.00,N,Not at Intersection,N,Non-Junction,None,,,         ,Coleman,Womack,Unknown,Rear to Rear,no,no,no,yes,yes,False
100975283,METROPOLITAN NASHVILLE POLICE DEPT,2015-0935674,Davidson,Nashville,10/8/2015 7:45:00 AM,2,0,0,36.157880,-86.771430,1ST AVS,,,,0.00,,,HERMITAGE AV,,,,0.00,Y,Four-Way,Y,Intersection,None,,,         ,Daniel,Massey,Clear,"Sideswipe, Same Direction",no,no,no,no,no,False
100975286,METROPOLITAN NASHVILLE POLICE DEPT,2015-0935667,Davidson,Nashville,10/8/2015 7:40:00 AM,2,0,0,36.206080,-86.771100,W TRINITY LN,,,,0.00,,,LUCAS LN,,,,0.00,Y,T-Intersection, ,,None,,,         ,Coleman,Womack,,,no,no,no,no,no,False
100975324,METROPOLITAN NASHVILLE POLICE DEPT,20150935804,Davidson,Nashville,10/8/2015 8:29:00 AM,2,0,0,36.133390,-86.727130,I 24,,,,0.00,,,,,,,51.05,N,Not at Intersection, ,Non-Junction,None,,,         ,Tyler,McDaniel,Clear,Front to Rear,no,no,no,no,no,False
100975353,METROPOLITAN NASHVILLE POLICE DEPT,20150935622,Davidson,Nashville,10/8/2015 7:29:00 AM,2,0,0,36.118910,-86.726450,I 24,,,,0.00,,,,,,,53.00,N,Not at Intersection,N,Non-Junction,None,,,         ,Todd,Watson,Clear,Front to Rear,no,no,no,no,no,False
100975355,METROPOLITAN NASHVILLE POLICE DEPT,20150935988,Davidson,Nashville,10/8/2015 9:25:00 AM,2,0,0,36.176910,-86.774580,SPRING ST,,,,0.00,,,N 1ST ST,,,,0.00,Y,Four-Way,N,Intersection-Related,None,,,         ,Michael,Johnson,Cloudy,"Sideswipe, Same Direction",no,no,no,no,no,False
100975357,METROPOLITAN NASHVILLE POLICE DEPT,2015-0936111,Davidson,Nashville,10/8/2015 12:00:00 AM,2,0,0,36.187850,-86.772000,JOSEPH AV,,,,196.00,Feet,North,CLEVELAND ST,,,,0.00,N,Not at Intersection,N,Non-Junction,None,,,         ,Coleman,Womack,Unknown,Front to Rear,no,no,no,no,yes,False
100975358,METROPOLITAN NASHVILLE POLICE DEPT,2015-0933782,Davidson,Not in City Limit,10/7/2015 5:13:00 PM,2,1,0,36.043770,-86.958860,HIGHWAY 100,,,,0.00,Feet,,COLLINS RD,,,,0.00,Y,Four-Way,N,Intersection,None,,,         ,Walter,Gray II,Clear,Angle,no,no,no,no,no,False
100975359,METROPOLITAN NASHVILLE POLICE DEPT,2015-0935649,Davidson,Nashville,10/8/2015 7:37:00 AM,1,1,0,0.000000,0.000000,MCCRORY LANE,,,,5100.00,Feet,North,,,,,785.60,N,Not at Intersection,N,Non-Junction,None,,,         ,Walter,Gray II,Clear,Not Collision with Motor Vehicle in Transport,no,no,no,no,no,False
100975371,METROPOLITAN NASHVILLE POLICE DEPT,2015-0929507,Davidson,Nashville,10/6/2015 1:42:00 PM,2,3,0,36.069120,-86.683840,RICHARDS RD,,,,0.00,,,ANTIOCH PKE,,,,0.00,Y,T-Intersection,N,Intersection,None,,,         ,William,Whitworth,Clear,Front to Rear,no,no,no,no,no,False
100975372,METROPOLITAN NASHVILLE POLICE DEPT,2015-0932005,Davidson,Nashville,10/7/2015 6:55:00 AM,2,0,0,36.049420,-86.713790,NOLENSVILLE PKE,,,,50.00,Feet,South,ASH GROVE DR,,,,0.00,N,Not at Intersection, ,Non-Junction,None,,,         ,William,Whitworth,Clear,"Sideswipe, Same Direction",no,no,no,no,no,False
100975373,METROPOLITAN NASHVILLE POLICE DEPT,2015-0935549,Davidson,Antioch,10/8/2015 6:39:00 AM,2,1,0,36.009930,-86.612310,,,I24,,402.00,Feet,East,,,,,62.20,N,Not at Intersection,N,Non-Junction,None,,,         ,William,Whitworth,Clear,Front to Rear,no,no,no,no,no,False
100975379,METROPOLITAN NASHVILLE POLICE DEPT,20150936218,Davidson,Nashville,10/8/2015 10:54:00 AM,2,0,0,36.112330,-86.767020,BRANSFORD AV,,,,0.00,,,THOMPSON LN,,,,0.00,Y,Four-Way, ,Intersection-Related,None,,,         ,Nathan,Kemp,Clear,"Sideswipe, Same Direction",no,no,no,no,no,False
100975380,METROPOLITAN NASHVILLE POLICE DEPT,20150936145,Davidson,Nashville,10/8/2015 10:30:00 AM,1,0,0,36.163480,-86.819660,I 40,,,,0.00,,,,,,,206.40,N,Not at Intersection,N,Non-Junction,None,,,         ,Daniel,Alford,Clear,Not Collision with Motor Vehicle in Transport,no,no,no,no,no,False
100975383,METROPOLITAN NASHVILLE POLICE DEPT,2015-0936270,Davidson,Nashville,10/8/2015 11:30:00 AM,2,0,0,36.160470,-86.775280,3RD AVS,,,,0.00,,,SHELBY ST PEDESTRIAN BRIDGE GR,,,,0.00,Y,OTHER, ,Non-Junction,None,,,         ,Daniel,Massey,Clear,Front to Rear,no,no,no,no,no,False
100975384,METROPOLITAN NASHVILLE POLICE DEPT,20150933262,Davidson,Nashville,10/7/2015 2:10:00 PM,2,0,0,36.148480,-86.793490,CHET ATKINS PL,,,,0.00,,,MUSIC SQW,,,,0.00,Y,OTHER,N,Non-Junction,None,,,         ,Randal,Owsley,Clear,"Sideswipe, Same Direction",no,no,no,no,no,False
100975392,METROPOLITAN NASHVILLE POLICE DEPT,2015-0935700,Davidson,Nashville,10/8/2015 7:59:00 AM,2,0,0,36.086750,-86.697690,HARDING PL,,,,51.00,Feet,East,I24 W ENT RAMP,,,,0.00,N,Not at Intersection, ,Non-Junction,None,,,         ,Brandon,O'Guin,Clear,Front to Rear,no,no,no,no,yes,False
100975401,METROPOLITAN NASHVILLE POLICE DEPT,20150935756,Davidson,Nashville,10/8/2015 8:13:00 AM,2,0,0,36.045300,-86.701680,BELL RD,,,,0.00,,,OLD HICKORY BLVD,,,,0.00,Y,Four-Way,N,Intersection-Related,None,,,         ,Kenneth,Alexandrow,Clear,Front to Rear,no,no,no,no,no,False
100975407,METROPOLITAN NASHVILLE POLICE DEPT,20150936333,Davidson,Nashville,10/8/2015 11:28:00 AM,3,0,0,36.037470,-86.790980,OLD HICKORY BLVD,,,,0.00,,,EAST PARK DR,,,,0.00,Y,Four-Way,N,Intersection,None,,,         ,Nathan,Kemp,Clear,Angle,no,no,no,no,no,False
100975414,METROPOLITAN NASHVILLE POLICE DEPT,2015-0936195,Davidson,Nashville,10/8/2015 10:20:00 AM,1,0,0,36.087250,-86.695890,METROPLEX DR,,,,143.00,Feet,North,HARDING PL,,,,0.00,N,Not at Intersection, ,Non-Junction,None,,,         ,Brandon,O'Guin,Clear,Not Collision with Motor Vehicle in Transport,no,no,no,no,yes,False