master_record_number,agency,agency_tracking_number,county,city,collision_date,vehicles_involved,number_injured,number_dead,latitude,longitude,roadway_name,roadway_suffix,roadway_number,roadway_local_id,distance_from_reference,miles-feet_indicator,direction_from_reference,intersection_road_name,intersection_road_name_suffix,intersection_road_number,intersection_local_id,mile_marker,intersection_indicator,intersect_type,interchange_related_indicator,relation_to_junction,work_zone_type,construction_maintenance_zone,construction_maintenance_zone_location,fatal_case_number,officer_first_name,officer_last_name,weather_condition(s),manner_of_crash,pedestrian,bicycle,scooter,parking,hitrun,mou
100975936,METROPOLITAN NASHVILLE POLICE DEPT,20150935500,Davidson,Nashville,10/8/2015 6:10:00 AM,2,0,0,36.023900,-86.585640,MURFREESBORO RD,,,,342.00,Feet,South,W NIR SHREIBMAN BLVD,,,,0.00,N,Not at Intersection, ,Non-Junction,None,,,         ,David,Moser,Clear,Front to Rear,no,no,no,no,no,False
100975944,METROPOLITAN NASHVILLE POLICE DEPT,20150939080,Davidson,Nashville,10/9/2015 7:22:00 AM,2,1,0,36.153520,-86.764320,I 40,,,,0.00,,,,,,,210.75,N,Not at Intersection,N,Non-Junction,None,,,         ,Tyler,McDaniel,Clear,Front to Rear,no,no,no,no,no,False
100975951,METROPOLITAN NASHVILLE POLICE DEPT,20150939213,Davidson,Nashville,10/9/2015 8:20:00 AM,2,0,0,36.167420,-86.835070,DR WALTER S DAVIS BLVD,,,,0.00,,,TIGERBELLE DR,,,,0.00,Y,T-Intersection,N,Intersection-Related,None,,,         ,Ky,Luu,Cloudy,Front to Rear,no,no,no,no,no,False
100975955,METROPOLITAN NASHVILLE POLICE DEPT,20150939279,Davidson,Nashville,10/9/2015 8:48:00 AM,4,0,0,36.037550,-86.792150,OLD HICKORY BLVD,,,,345.00,Feet,West,S HILLVIEW DR,,,,0.00,N,Not at Intersection, ,,None,,,         ,Nathan,Kemp,,,no,no,no,no,no,False
100975960,METROPOLITAN NASHVILLE POLICE DEPT,20150939205,Davidson,Nashville,10/9/2015 8:35:00 AM,2,0,0,36.089810,-86.631250,FAIRWAYS PVTDR,,,,0.00,,,NASHBORO BLVD,,,,0.00,Y,Four-Way, ,Intersection,None,,,         ,Justin,Franklin,Clear,Angle,no,no,no,no,no,False
100975962,METROPOLITAN NASHVILLE POLICE DEPT,20150939247,Davidson,Nashville,10/9/2015 8:36:00 AM,1,0,0,36.242980,-86.761120,SKYLINE COMMONS PVTDR,,,,0.00,Feet,East,DOVERSIDE DR,,,,0.00,N,Not at Intersection, ,Non-Junction,None,,,         ,Joshua,Borum,Clear,Not Collision with Motor Vehicle in Transport,no,no,no,no,no,False
100975973,METROPOLITAN NASHVILLE POLICE DEPT,20150936650,Davidson,Nashville,10/8/2015 12:00:00 AM,2,0,0,36.131720,-86.793880,BERNARD AV,,,,479.00,Feet,East,BELMONT BLVD,,,,0.00,N,Not at Intersection, ,Unknown,None,,,         ,Thomas,West,Clear,Unknown,no,no,no,no,yes,False
100975976,METROPOLITAN NASHVILLE POLICE DEPT,20150936544,Davidson,Nashville,10/8/2015 1:13:00 PM,2,0,0,36.138030,-86.818650,ACKLEN AV,,,,31.00,Feet,South,LOVE CIR,,,,0.00,N,Not at Intersection, ,Non-Junction,None,,,         ,Charles,Griffin,Clear,Other,no,no,no,no,no,False
100975982,METROPOLITAN NASHVILLE POLICE DEPT,2015-0939484,Davidson,Nashville,10/9/2015 10:00:00 AM,2,0,0,36.152450,-86.834860,CHARLOTTE AV,,,,0.00,,,40TH AVN,,,,0.00,Y,T-Intersection, ,Intersection,None,,,         ,Curtis,Rich,Cloudy,Front to Rear,no,no,no,no,no,False
100975988,METROPOLITAN NASHVILLE POLICE DEPT,2015-0939446,Davidson,Nashville,10/9/2015 9:40:00 AM,2,1,0,36.161580,-86.783890,CHURCH ST,,,,0.00,,,ROSA L PARKS AV,,,,0.00,Y,Four-Way,N,Intersection,None,,,         ,Paul,Sorace,Cloudy,Front to Rear,no,no,no,no,no,False
100976012,METROPOLITAN NASHVILLE POLICE DEPT,20150939714,Davidson,Nashville,10/9/2015 11:30:00 AM,2,0,0,36.193660,-86.831220,S HAMILTON RD,,,,0.00,,,BUENA VISTA PKE,,,,0.00,Y,Four-Way, ,Intersection-Related,None,,,         ,Ky,Luu,Cloudy,Front to Rear,no,no,no,no,no,False
100976026,METROPOLITAN NASHVILLE POLICE DEPT,20150939611,Davidson,Nashville,10/9/2015 10:47:00 AM,2,0,0,36.077090,-86.725560,EDMONDSON PKE,,,,0.00,,,NOLENSVILLE PKE,,,,0.00,Y,Four-Way,Y,Intersection,None,,,         ,Reuben,Hewit,Clear,Front to Rear,no,no,no,no,no,False
100976067,METROPOLITAN NASHVILLE POLICE DEPT,2015-0932556,Davidson,Nashville,10/7/2015 10:30:00 AM,2,0,0,36.167790,-86.820750,28TH AVN,,,,0.00,Feet,,JEFFERSON ST,,,,0.00,Y,Four-Way,N,Non-Junction,None,,,         ,Darryl,Morton,Clear,Angle,no,no,no,no,yes,False
100976070,METROPOLITAN NASHVILLE POLICE DEPT,2015-0939997,Davidson,Nashville,10/9/2015 1:30:00 PM,2,0,0,36.149020,-86.857910,WHITE BRIDGE PKE,,,,220.00,Feet,North,LENOX AV,,,,0.00,N,Not at Intersection, ,Non-Junction,None,,,         ,Curtis,Rich,Rain,Front to Rear,no,no,no,no,yes,False
100976075,METROPOLITAN NASHVILLE POLICE DEPT,20150940031,Davidson,Nashville,10/9/2015 1:45:00 PM,2,1,0,36.079660,-86.726120,HARDING PL,,,,61.00,Feet,East,NOLENSVILLE PKE,,,,0.00,N,Not at Intersection,N,Non-Junction,None,,,         ,Jiyayi,Suleyman,Clear,Front to Rear,no,no,no,no,no,False
100976079,METROPOLITAN NASHVILLE POLICE DEPT,20150939738,Davidson,Nashville,10/9/2015 11:35:00 AM,2,0,0,36.205910,-86.768910,W TRINITY LN,,,,88.00,Feet,West,DICKERSON PKE,,,,0.00,N,Not at Intersection,N,Non-Junction,None,,,         ,Sheila,Nidiffer,Clear,Front to Rear,no,no,no,no,no,False
100976081,METROPOLITAN NASHVILLE POLICE DEPT,20150939827,Davidson,Nashville,10/9/2015 12:00:00 PM,2,0,0,36.167660,-86.663320,LEBANON PKE,,,,0.00,,,DONELSON PKE,,,,0.00,Y,T-Intersection,Y,Intersection,None,,,         ,Sandra,Fly,Clear,"Sideswipe, Same Direction",no,no,no,no,yes,False
100976082,METROPOLITAN NASHVILLE POLICE DEPT,20150939972,Davidson,Nashville,10/9/2015 12:47:00 PM,2,0,0,36.144560,-86.749660,MURFREESBORO PKE,,,,59.00,Feet,East,ELM HILL PKE,,,,0.00,N,Not at Intersection, ,"Driveway, Alley Access, etc",None,,,         ,Barrett,Teague,Clear,Angle,no,no,no,no,yes,False
100976106,METROPOLITAN NASHVILLE POLICE DEPT,20150940067,Davidson,Nashville,10/9/2015 2:18:00 PM,2,0,0,36.134260,-86.777800,WEDGEWOOD AV,,,,383.00,Feet,East,8TH AVS,,,,0.00,N,Not at Intersection, ,Non-Junction,None,,,         ,Jacob,Crouch,Rain,Front to Rear,no,no,no,no,no,False
100976107,METROPOLITAN NASHVILLE POLICE DEPT,20150937178,Davidson,Nashville,10/8/2015 5:00:00 PM,2,0,0,36.167960,-86.796080,I 40,,,,0.00,,,,,,,208.20,N,Not at Intersection, ,Non-Junction,Construction Zone,,,         ,Jonathan,Weeks,Clear,Front to Rear,no,no,no,no,no,False
100976108,METROPOLITAN NASHVILLE POLICE DEPT,20150940095,Davidson,Nashville,10/9/2015 2:15:00 PM,1,0,0,36.169020,-86.606650,I40 E EXT RAMP,,,,0.00,Feet,East,I 40,,,,0.00,N,Not at Intersection,N,Non-Junction,None,,,         ,Justin,Franklin,Rain,Not Collision with Motor Vehicle in Transport,no,no,no,no,no,False
100976131,METROPOLITAN NASHVILLE POLICE DEPT,20150940203,Davidson,Nashville,10/9/2015 2:50:00 PM,1,0,0,36.188740,-86.615190,OLD HICKORY BLVD,,,,765.00,Feet,South,OLD LEBANON DIRT RD,,,,0.00,N,Not at Intersection, ,OtherLocation,None,,,         ,Shawn,Taylor,Rain,Not Collision with Motor Vehicle in Transport,no,no,no,yes,no,False
100976132,METROPOLITAN NASHVILLE POLICE DEPT,20150940148,Davidson,Nashville,10/9/2015 2:45:00 PM,2,1,0,36.186840,-86.631490,LEBANON PKE,,,,52.00,Feet,East,CENTRAL PKE,,,,0.00,N,Not at Intersection,N,Non-Junction,None,,,         ,Shawn,Taylor,Rain,Front to Rear,no,no,no,no,no,False
100976133,GOODLETTSVILLE POLICE DEPT,15-37738,Davidson,Goodlettsville,10/9/2015 3:36:00 PM,2,0,0,36.315270,-86.713340,RIVERGATE PKWY,,,,93.00,Feet,South,S MAIN ST,,,,0.00,N,Not at Intersection,N,Non-Junction,None,,,         ,Rico,Jones,Cloudy,Front to Rear,no,no,no,no,yes,False
100976135,METROPOLITAN NASHVILLE POLICE DEPT,20150940160,Davidson,Nashville,10/9/2015 3:00:00 PM,2,1,0,36.082100,-86.761700,HARDING PL,,,,0.00,,,SIDCO DR,,,,0.00,Y,Four-Way,N,Intersection,None,,,         ,Eric,Burford,Rain,Angle,no,no,no,no,no,False
100976139,METROPOLITAN NASHVILLE POLICE DEPT,20150940157,Davidson,Nashville,10/9/2015 3:01:00 PM,2,0,0,36.155050,-86.778210,7TH AVS,,,,285.00,Feet,East,KOREAN VETERANS BLVD,,,,0.00,N,Not at Intersection, ,Non-Junction,None,,,         ,Christopher,Augustin,Rain,Other,no,no,no,yes,no,False
100976142,METROPOLITAN NASHVILLE POLICE DEPT,20150940156,Davidson,Nashville,10/9/2015 2:55:00 PM,2,0,0,36.149220,-86.773700,I 40,,,,0.00,,,,,,,210.20,N,Not at Intersection, ,Non-Junction,None,,,         ,Royce,McLester,Rain,Front to Rear,no,no,no,no,no,False
100976147,METROPOLITAN NASHVILLE POLICE DEPT,20150940206,Davidson,Nashville,10/9/2015 3:10:00 PM,2,2,0,36.198580,-86.620310,OLD HICKORY BLVD,,,,54.00,Feet,North,LEBANON PKE,,,,0.00,N,Not at Intersection,N,Non-Junction,None,,,         ,Codey,Mullins,Rain,Front to Rear,no,no,no,no,no,False
100976150,METROPOLITAN NASHVILLE POLICE DEPT,20150940135,Davidson,Nashville,10/9/2015 2:27:00 PM,2,0,0,36.151980,-86.791900,DIVISION ST,,,,96.00,Feet,West,MUSIC SQE,,,,0.00,N,Not at Intersection, ,Non-Junction,None,,,         ,Maria,Cortez,Rain,Angle,no,no,no,no,no,False
100976155,METROPOLITAN NASHVILLE POLICE DEPT,20150937220,Davidson,Nashville,10/8/2015 5:16:00 PM,2,0,0,36.141770,-86.779270,EDGEHILL AV,,,,176.00,Feet,West,CHESTNUT ST,,,,0.00,N,Not at Intersection, ,Non-Junction,None,,,         ,Brenton,Adcox,Clear,Front to Rear,no,no,no,no,no,False
100976165,METROPOLITAN NASHVILLE POLICE DEPT,20150940127,Davidson,Nashville,10/9/2015 2:35:00 PM,2,0,0,36.076060,-86.725240,NOLENSVILLE PKE,,,,378.00,Feet,North,FLORA MAXWELL RD,,,,0.00,N,Not at Intersection,N,Non-Junction,None,,,         ,Clyde,Stambaugh,Rain,"Sideswipe, Same Direction",no,no,no,no,no,False
100976166,METROPOLITAN NASHVILLE POLICE DEPT,20150940168,Davidson,Nashville,10/9/2015 3:07:00 PM,1,0,0,36.160760,-86.793690,14TH AVN,,,,0.00,,,CHARLOTTE AV,,,,0.00,Y,Four-Way, ,Entrance/Exit Ramp Related,None,,,         ,Mikala,Moore,Rain,Not Collision with Motor Vehicle in Transport,no,no,no,no,no,False
100976170,METROPOLITAN NASHVILLE POLICE DEPT,20150940142,Davidson,Nashville,10/9/2015 2:50:00 PM,1,1,0,36.165490,-86.800280,HERMAN ST,,,,0.00,,,16TH AVN,,,,0.00,Y,Four-Way,N,Non-Junction,None,,,         ,Jeanine,Sarno,Cloudy,Not Collision with Motor Vehicle in Transport,no,yes,no,no,no,False
100976189,METROPOLITAN NASHVILLE POLICE DEPT,2015-0940336,Davidson,Nashville,10/9/2015 3:08:00 PM,2,0,0,36.159540,-86.796420,CHARLOTTE AV,,,,63.00,Feet,East,16TH AVN,,,,0.00,N,Not at Intersection,N,Non-Junction,None,,,         ,Austin,Kendrick,Rain,Angle,no,no,no,no,no,False
100976190,METROPOLITAN NASHVILLE POLICE DEPT,20150940323,Davidson,Nashville,10/9/2015 4:20:00 PM,2,0,0,36.084720,-86.704090,HARDING PL,,,,205.00,Feet,West,TRAVELERS INN DR,,,,0.00,N,Not at Intersection, ,Non-Junction,None,,,         ,Rickie,Corman,Rain,Front to Rear,no,no,no,no,no,False
100976193,METROPOLITAN NASHVILLE POLICE DEPT,2015-0940224,Davidson,Nashville,10/9/2015 3:17:00 PM,2,0,0,36.213660,-86.735990,HILLTOP LN,,,,31.00,Feet,North,HART LN,,,,0.00,N,Not at Intersection,N,Non-Junction,None,,,         ,Anthony,Cavis,Cloudy,Front to Rear,no,no,no,no,no,False
100976201,METROPOLITAN NASHVILLE POLICE DEPT,20150940307,Davidson,Antioch,10/9/2015 3:50:00 PM,2,0,0,36.009930,-86.612310,HEIL QUAKER BLVD,,,,0.00,Feet,East,BRIDGESTONE PKWY,,,,0.00,N,Not at Intersection, ,Non-Junction,None,,,         ,Tamara,Zurawski,Rain,Front to Rear,no,no,no,no,no,False
100976202,METROPOLITAN NASHVILLE POLICE DEPT,20150940194,Davidson,Nashville,10/9/2015 1:43:00 PM,2,0,0,36.195640,-86.742810,GALLATIN AV,,,,139.00,Feet,South,CHESTER AV,,,,0.00,N,Not at Intersection,N,Non-Junction,None,,,         ,Rachael,Sacco,Cloudy,Front to Rear,no,no,no,yes,yes,False
100976209,METROPOLITAN NASHVILLE POLICE DEPT,20150940343,Davidson,Nashville,10/9/2015 3:03:00 PM,2,0,0,36.077090,-86.725560,EDMONDSON PKE,,,,0.00,,,WALLACE RD,,,,0.00,Y,Four-Way,N,Intersection,None,,,         ,Clyde,Stambaugh,Rain,Front to Rear,no,no,no,no,yes,False
100976219,METROPOLITAN NASHVILLE POLICE DEPT,20150940402,Davidson,Nashville,10/9/2015 4:51:00 PM,2,0,0,36.077810,-86.725780,NOLENSVILLE PKE,,,,267.00,Feet,North,WALLACE RD,,,,0.00,N,Not at Intersection, ,Non-Junction,None,,,         ,Clyde,Stambaugh,Cloudy,Front to Rear,no,no,no,no,no,False
100976220,METROPOLITAN NASHVILLE POLICE DEPT,20150940318,Davidson,Nashville,10/9/2015 4:00:00 PM,2,0,0,36.151350,-86.768790,I 40,,,,0.00,,,,,,,210.50,N,Not at Intersection, ,Non-Junction,None,,,         ,Christopher,Littles,Rain,Front to Rear,no,no,no,no,no,False
100976226,METROPOLITAN NASHVILLE POLICE DEPT,2015-0939048,Davidson,Antioch,10/9/2015 6:59:00 AM,3,1,0,0.000000,0.000000,,,I24,,303.30,Feet,West,,,,,62.80,N,Not at Intersection,N,Non-Junction,None,,,         ,William,Whitworth,Clear,"Sideswipe, Same Direction",no,no,no,no,no,False
100976227,METROPOLITAN NASHVILLE POLICE DEPT,2015-0940056,Davidson,Nashville,10/9/2015 1:56:00 PM,4,4,0,36.132700,-86.727160,I 24,,,,0.00,,,,,,,52.00,N,Not at Intersection,N,Non-Junction,None,,,         ,William,Whitworth,Cloudy,Front to Rear,no,no,no,no,no,False
100976228,METROPOLITAN NASHVILLE POLICE DEPT,20150936832,Davidson,Madison,10/8/2015 3:10:00 PM,2,0,0,36.266570,-86.710950,GALLATIN PKEN,,,,123.00,Feet,South,DUPONT AV,,,,0.00,N,Not at Intersection,N,"Driveway, Alley Access, etc",None,,,         ,Nathan,Dungan,Clear,Angle,no,no,no,no,no,False
100976234,VANDERBILT UNIVERSITY POLICE,15-940255,Davidson,Nashville,10/9/2015 3:15:00 PM,2,1,0,36.149490,-86.800470,21ST AVS,,,,0.00,,,TERRACE PL,,,,0.00,Y,T-Intersection,N,Intersection,None,,,         ,Donald,Dennis,Rain,"Sideswipe, Same Direction",no,no,no,no,no,Campus
100976235,METROPOLITAN NASHVILLE POLICE DEPT,20150940350,Davidson,Nashville,10/9/2015 3:19:00 PM,2,0,0,36.137930,-86.814700,LOVE CIR,,,,425.00,Feet,West,ACKLEN AV,,,,0.00,N,Not at Intersection, ,Non-Junction,None,,,         ,Royce,McLester,Rain,Front to Rear,no,no,no,no,no,False
100976241,METROPOLITAN NASHVILLE POLICE DEPT,2015-0939920,Davidson,Nashville,10/9/2015 12:57:00 PM,2,0,0,36.147550,-86.868810,CHARLOTTE PKE,,,,0.00,,,CROLEY DR,,,,0.00,Y,T-Intersection,N,Intersection,None,,,         ,Walter,Gray II,Cloudy,Angle,no,no,no,no,no,False
100976242,METROPOLITAN NASHVILLE POLICE DEPT,2015-0940107,Davidson,Nashville,10/9/2015 2:29:00 PM,3,0,0,36.127790,-86.901240,I 40,,,,0.00,,,,,,,200.80,N,Not at Intersection,N,Non-Junction,None,,,         ,Walter,Gray II,Rain,Not Collision with Motor Vehicle in Transport,no,no,no,no,no,False
100976244,METROPOLITAN NASHVILLE POLICE DEPT,20150940394,Davidson,Nashville,10/9/2015 4:47:00 PM,2,1,0,36.033060,-86.773820,CHURCH STE,,,,1525.00,Feet,West,CLOVERLAND DR,,,,0.00,N,Not at Intersection,N,Non-Junction,None,,,         ,Ricki,Armstrong,Rain,Front to Rear,no,no,no,no,no,False
100976249,METROPOLITAN NASHVILLE POLICE DEPT,20150937194,Davidson,Nashville,10/8/2015 5:18:00 PM,2,2,0,36.152790,-86.765440,I 40,,,,0.00,,,,,,,210.65,N,Not at Intersection,N,Non-Junction,None,,,         ,Brian,Theriac,Clear,Front to Rear,no,no,no,no,no,False
100976252,METROPOLITAN NASHVILLE POLICE DEPT,20150940417,Davidson,Nashville,10/9/2015 4:40:00 PM,2,0,0,36.183860,-86.798000,ROSA L PARKS BLVD,,,,0.00,,,I65 N ENT RAMP,,,,0.00,Y,OTHER, ,Non-Junction,None,,,         ,Jeanine,Sarno,Cloudy,Front to Rear,no,no,no,no,no,False
100976259,METROPOLITAN NASHVILLE POLICE DEPT,20150930018,Davidson,Nashville,10/6/2015 4:54:00 PM,2,0,0,36.142130,-86.775760,CHESTNUT ST,,,,0.00,,,FORT NEGLEY BLVD,,,,0.00,Y,Four-Way, ,Intersection,None,,,         ,John,Riddle,Clear,Front to Rear,no,no,no,no,no,False
100976271,METROPOLITAN NASHVILLE POLICE DEPT,20150940609,Davidson,Nashville,10/9/2015 4:50:00 PM,2,0,0,36.015060,-86.725470,HOLT,RD,,,0.00,,,HOLT HILLS,RD,,,0.00,Y,T-Intersection, ,Intersection-Related,None,,,         ,Eric,Burford,Rain,Front to Rear,no,no,no,no,no,False
100976273,METROPOLITAN NASHVILLE POLICE DEPT,20150940413,Davidson,Nashville,10/9/2015 4:15:00 PM,2,0,0,36.185040,-86.798510,I65 S ENT RAMP,,,,0.00,,,I 65,,,,0.00,Y,Y-Intersection, ,Intersection-Related,None,,,         ,Allen,Hall,Rain,Front to Rear,no,no,no,no,no,False
100976276,METROPOLITAN NASHVILLE POLICE DEPT,20150940545,Davidson,Nashville,10/9/2015 4:50:00 PM,2,0,0,36.152210,-86.690540,ELM HILL PKE,,,,0.00,,,BRILEY PKWY N EXT RAMP,,,,0.00,Y,OTHER, ,,None,,,         ,Colby,Mathis,,,no,no,no,no,no,False
100976277,METROPOLITAN NASHVILLE POLICE DEPT,20150940608,Davidson,Nashville,10/9/2015 5:42:00 PM,2,1,0,36.157480,-86.773820,KOREAN VETERANS BLVD,,,,81.00,Feet,East,ALMOND ST,,,,0.00,N,Not at Intersection,N,Non-Junction,None,,,         ,MIchael,Mihajlov,Cloudy,Front to Rear,no,no,no,no,no,False
100976278,METROPOLITAN NASHVILLE POLICE DEPT,2015-0940313,Davidson,Nashville,10/9/2015 4:20:00 PM,3,1,0,36.121610,-86.844520,WOODMONT BLVD,,,,193.00,Feet,South,NICHOLS CT,,,,0.00,N,Not at Intersection,N,Non-Junction,None,,,         ,Walter,Gray II,Cloudy,Front to Rear,no,no,no,no,no,False
100976280,METROPOLITAN NASHVILLE POLICE DEPT,20150940469,Davidson,Nashville,10/9/2015 5:16:00 PM,2,0,0,36.087730,-86.607100,SMITH SPRINGS RD,,,,27.00,Feet,East,ANDERSON RD,,,,0.00,N,Not at Intersection, ,Non-Junction,None,,,         ,Michael,Apsey,Cloudy,Front to Rear,no,no,no,no,no,False
100976282,METROPOLITAN NASHVILLE POLICE DEPT,20150940446,Davidson,Nashville,10/9/2015 5:00:00 PM,2,0,0,36.122870,-86.751000,I 440,,,,0.00,,,,,,,6.30,N,Not at Intersection, ,Non-Junction,None,,,         ,Christopher,Davis,Rain,Front to Rear,no,no,no,no,no,False
100976284,METROPOLITAN NASHVILLE POLICE DEPT,20150940404,Davidson,Nashville,10/9/2015 3:15:00 PM,2,0,0,36.171990,-86.791730,9TH AVN,,,,143.00,Feet,South,PHILLIPS ST,,,,0.00,N,Not at Intersection,N,"Driveway, Alley Access, etc",None,,,         ,Christopher,Augustin,Cloudy,Angle,no,no,no,no,yes,False
100976289,METROPOLITAN NASHVILLE POLICE DEPT,20150940631,Davidson,Nashville,10/9/2015 5:03:00 PM,2,0,0,36.151950,-86.631250,FITZPATRICK RD,,,,434.00,Feet,South,PERCY PRIEST DR,,,,0.00,N,Not at Intersection,N,Non-Junction,None,,,         ,Michael,Apsey,Cloudy,"Sideswipe, Opposite Direction",no,no,no,no,no,False
100976296,METROPOLITAN NASHVILLE POLICE DEPT,20150940342,Davidson,Nashville,10/9/2015 4:25:00 PM,1,1,0,36.238400,-86.783700,I24 W ENT RAMP,,,,0.00,Feet,East,I 24,,,,0.00,N,Not at Intersection,Y,Entrance/Exit Ramp Related,None,,,         ,Nathan,Dungan,Rain,Not Collision with Motor Vehicle in Transport,no,no,no,no,no,False
100976304,METROPOLITAN NASHVILLE POLICE DEPT,20150940695,Davidson,Nashville,10/9/2015 6:38:00 PM,2,0,0,36.122090,-86.807160,I440 E EXT RAMP,,,,0.00,,,I 440,,,,0.00,Y,Y-Intersection, ,Entrance/Exit Ramp Related,None,,,         ,Clyde,Stambaugh,Clear,Front to Rear,no,no,no,no,no,False
100976306,METROPOLITAN NASHVILLE POLICE DEPT,20150940651,Davidson,Nashville,10/9/2015 5:58:00 PM,2,0,0,36.162350,-86.778170,COMMERCE ST,,,,0.00,,,,,,,0.00,,, ,Non-Junction,None,,,         ,Benjamin,Smith,Cloudy,Angle,no,no,no,no,no,False
100976307,METROPOLITAN NASHVILLE POLICE DEPT,20150940656,Davidson,Nashville,10/9/2015 6:18:00 PM,2,0,0,36.202950,-86.776660,I 65,,,,0.00,,,,,,,87.10,N,Not at Intersection,N,Non-Junction,None,,,         ,Joshua,Green,Rain,Front to Rear,no,no,no,no,yes,False
100976317,METROPOLITAN NASHVILLE POLICE DEPT,2015-0937191,Davidson,Nashville,10/8/2015 5:13:00 PM,2,0,0,36.059460,-86.772680,I 65,,,,0.00,,,,,,,75.20,N,Not at Intersection,N,Non-Junction,None,,,         ,William,King,Clear,Front to Rear,no,no,no,no,no,False
100976318,METROPOLITAN NASHVILLE POLICE DEPT,2015-0940238,Davidson,Nashville,10/9/2015 2:33:00 PM,3,0,0,36.086880,-86.777100,BATTERY LN,,,,228.00,Feet,East,CHURCHWOOD DR,,,,0.00,N,Not at Intersection,N,Non-Junction,None,,,         ,William,King,Rain,Front to Rear,no,no,no,no,no,False
100976319,METROPOLITAN NASHVILLE POLICE DEPT,2015-0940419,Davidson,Nashville,10/9/2015 4:48:00 PM,2,1,0,36.033050,-86.773710,CHURCH STE,,,,1500.00,Feet,West,CLOVERLAND DR,,,,0.00,N,Not at Intersection,N,Non-Junction,None,,,         ,William,King,Rain,Front to Rear,no,no,no,no,no,False
100976320,METROPOLITAN NASHVILLE POLICE DEPT,2015-0940657,Davidson,Nashville,10/9/2015 5:31:00 PM,2,1,0,36.045190,-86.715430,OLD HICKORY BLVD,,,,189.00,Feet,West,BRENTWOOD EAST DR,,,,0.00,N,Not at Intersection,N,Non-Junction,None,,,         ,William,King,Rain,Angle,no,no,no,no,yes,False
100976324,METROPOLITAN NASHVILLE POLICE DEPT,20150940715,Davidson,Nashville,10/9/2015 6:40:00 PM,2,0,0,36.163870,-86.786620,YMCA WAY,,,,0.00,Feet,,CHARLOTTE AV,,,,0.00,Y,Four-Way,N,Intersection-Related,None,,,         ,Pedro,Rivera Chaparro,Clear,Front to Rear,no,no,no,no,no,False
100976325,METROPOLITAN NASHVILLE POLICE DEPT,20150940919,Davidson,Nashville,10/9/2015 12:00:00 AM,2,0,0,36.171660,-86.601160,OLD HICKORY BLVD,,,,326.00,Feet,North,I40 W EXT RAMP,,,,0.00,N,Not at Intersection,N,OtherLocation,None,,,         ,Shawn,Taylor,Rain,Front to Rear,no,no,no,yes,yes,False
100976327,METROPOLITAN NASHVILLE POLICE DEPT,20150940839,Davidson,Nashville,10/9/2015 3:40:00 PM,2,0,0,36.154320,-86.742130,LEBANON PKE,,,,0.00,,,FESSLERS LN,,,,0.00,Y,T-Intersection,Y,Intersection,None,,,         ,Bradley,McIntyre,Clear,Front to Rear,no,no,no,no,yes,False
100976335,METROPOLITAN NASHVILLE POLICE DEPT,2015-0933566,Davidson,Nashville,10/7/2015 4:05:00 PM,2,0,0,36.165310,-86.783150,6TH AVN,,,,0.00,,,CHARLOTTE AV,,,,0.00,Y,T-Intersection,N,Intersection-Related,None,,,         ,Michael,Schlegel,Clear,Front to Rear,no,no,no,no,yes,False
100976339,METROPOLITAN NASHVILLE POLICE DEPT,20150940590,Davidson,Nashville,10/9/2015 5:56:00 PM,2,0,0,36.021590,-86.710960,BIENVILLE DR,,,,100.00,Feet,West,LENOX VILLAGE PVTDR,,,,0.00,N,Not at Intersection, ,Non-Junction,None,,,         ,Joseph,Progar,Cloudy,Angle,no,no,no,no,no,False
100976347,METROPOLITAN NASHVILLE POLICE DEPT,20150934094,Davidson,Nashville,10/7/2015 7:00:00 PM,1,0,0,36.237260,-86.758870,I 65,,,,0.00,,,,,,,89.90,N,Not at Intersection,N,Non-Junction,None,,,         ,Whitney,Arnold,Clear,Not Collision with Motor Vehicle in Transport,no,no,no,no,no,False
100976349,METROPOLITAN NASHVILLE POLICE DEPT,20150940361,Davidson,Nashville,10/9/2015 4:35:00 PM,2,0,0,36.248070,-86.742950,I 65,,,,0.00,,,,,,,91.00,N,Not at Intersection,N,Non-Junction,None,,,         ,Daniel,Caruth,Rain,Front to Rear,no,no,no,no,no,False
100976355,METROPOLITAN NASHVILLE POLICE DEPT,20150937477,Davidson,Nashville,10/8/2015 6:59:00 PM,2,2,0,36.059440,-86.640810,CAMBRIDGE APTS PVTDR,,,,88.00,Feet,East,BELL RD,,,,0.00,N,Not at Intersection,N,Non-Junction,None,,,         ,Victoria,Cunningham,Clear,Angle,no,no,no,no,yes,False
100976359,METROPOLITAN NASHVILLE POLICE DEPT,20150940814,Davidson,Nashville,10/9/2015 4:00:00 PM,2,0,0,36.168240,-86.740810,EASTSIDE AV,,,,85.00,Feet,West,S 17TH ST,,,,0.00,N,Not at Intersection, ,Non-Junction,None,,,         ,Cressie,Prill,Rain,"Sideswipe, Same Direction",no,no,no,no,yes,False
100976366,METROPOLITAN NASHVILLE POLICE DEPT,20150940935,Davidson,Nashville,10/9/2015 12:00:00 AM,2,1,0,36.157230,-86.634600,STEWARTS FERRY PKE,,,,391.00,Feet,East,MCCRORY CREEK RD,,,,0.00,N,Not at Intersection,N,Non-Junction,None,,,         ,Austin,Childress,Cloudy,Angle,no,no,no,no,no,False
100976367,METROPOLITAN NASHVILLE POLICE DEPT,20150940569,Davidson,Nashville,10/9/2015 5:46:00 PM,3,0,0,36.153570,-86.788410,DEMONBREUN ST,,,,0.00,,,14TH AVS,,,,0.00,Y,Four-Way, ,Intersection,None,,,         ,Charles,Griffin,Rain,Front to Rear,no,no,no,no,no,False