master_record_number,agency,agency_tracking_number,county,city,collision_date,vehicles_involved,number_injured,number_dead,latitude,longitude,roadway_name,roadway_suffix,roadway_number,roadway_local_id,distance_from_reference,miles-feet_indicator,direction_from_reference,intersection_road_name,intersection_road_name_suffix,intersection_road_number,intersection_local_id,mile_marker,intersection_indicator,intersect_type,interchange_related_indicator,relation_to_junction,work_zone_type,construction_maintenance_zone,construction_maintenance_zone_location,fatal_case_number,officer_first_name,officer_last_name,weather_condition(s),manner_of_crash,pedestrian,bicycle,scooter,parking,hitrun,mou
100976849,METROPOLITAN NASHVILLE POLICE DEPT,2015-0942924,Davidson,Nashville,10/10/2015 3:50:00 PM,2,0,0,0.000000,0.000000,I 65,,,,100.00,Feet,North,I-65 NORTH,,,,0.00,N,Not at Intersection,N,Non-Junction,None,,,         ,Dejuan,Daniels,Clear,Front to Rear,no,no,no,no,yes,False
100976853,METROPOLITAN NASHVILLE POLICE DEPT,20150942439,Davidson,Nashville,10/10/2015 11:11:00 AM,2,0,0,36.175730,-86.793030,ROSA L PARKS BLVD,,,,201.00,Feet,North,MONROE ST,,,,0.00,N,Not at Intersection,N,Non-Junction,None,,,         ,Nathan,Mayo,Clear,Front to Rear,no,no,no,no,yes,False
100976856,GOODLETTSVILLE POLICE DEPT,15-37892,Davidson,Goodlettsville,10/10/2015 4:40:00 PM,2,1,0,36.325060,-86.701830,LONG HOLLOW,PIKE,SR174,,0.00,,,CONFERENCE,DR,,,0.00,Y,Four-Way,N,Intersection,None,,,         ,Rico,Jones,Clear,Angle,no,no,no,no,no,False
100976857,METROPOLITAN NASHVILLE POLICE DEPT,20150942972,Davidson,Not in City Limit,10/10/2015 4:30:00 PM,2,0,0,36.265770,-86.740710,OLD HICKORY BLVDW,,,,215.00,Feet,East,NESBITT LN,,,,0.00,N,Not at Intersection, ,Non-Junction,None,,,         ,Broderick,Jones,Clear,"Sideswipe, Same Direction",no,no,no,no,no,False
100976864,METROPOLITAN NASHVILLE POLICE DEPT,20150942894,Davidson,Nashville,10/10/2015 4:31:00 PM,2,0,0,36.243890,-86.756580,SKYLINE MEMORIAL CT,,,,0.00,,,DICKERSON PKE,,,,0.00,Y,Four-Way, ,Intersection,None,,,         ,Rodney,Phipps,Clear,Angle,no,no,no,no,yes,False
100976865,METROPOLITAN NASHVILLE POLICE DEPT,20150943098,Davidson,Not in City Limit,10/10/2015 4:50:00 PM,2,0,0,36.278250,-86.789120,OLD HICKORY BLVD,,,,20.00,Feet,East,COBBLESTONE CREEK DR,,,,0.00,N,Not at Intersection, ,Non-Junction,None,,,         ,Jessica,Ware,Clear,Front to Rear,no,no,no,no,no,False
100976866,METROPOLITAN NASHVILLE POLICE DEPT,20150943005,Davidson,Nashville,10/10/2015 5:05:00 PM,2,0,0,36.204010,-86.689480,BRILEY PKWYN,,,,323.00,Feet,South,OPRYLAND DR,,,,0.00,N,Not at Intersection,N,Non-Junction,None,,,         ,Austin,Childress,Clear,Front to Rear,no,no,no,no,yes,False
100976868,METROPOLITAN NASHVILLE POLICE DEPT,20150943043,Davidson,Nashville,10/10/2015 5:40:00 PM,1,1,0,36.158670,-86.654000,IRONWOOD DR,,,,42.00,Feet,South,COTTONWOOD DR,,,,0.00,N,Not at Intersection,N,Non-Junction,None,,,         ,Jiyayi,Suleyman,Clear,Not Collision with Motor Vehicle in Transport,no,no,no,no,no,False
100976870,METROPOLITAN NASHVILLE POLICE DEPT,20150942694,Davidson,Nashville,10/10/2015 2:30:00 PM,2,0,0,36.244900,-86.756470,DICKERSON PKE,,,,367.00,Feet,North,DOVERSIDE DR,,,,0.00,N,Not at Intersection, ,Non-Junction,None,,,         ,Jerry,Pirtle,Clear,Not Collision with Motor Vehicle in Transport,no,no,no,no,no,False
100976878,METROPOLITAN NASHVILLE POLICE DEPT,20150943233,Davidson,Nashville,10/10/2015 5:50:00 PM,1,0,0,36.170400,-86.768450,INTERSTATE DR,,,,0.00,,,WOODLAND ST,,,,0.00,Y,Four-Way,N,Intersection,None,,,         ,Mikala,Moore,Clear,Not Collision with Motor Vehicle in Transport,no,no,no,no,yes,False
100976883,VANDERBILT UNIVERSITY POLICE,15-0940720,Davidson,Nashville,10/9/2015 6:10:00 PM,3,0,0,36.145420,-86.808750,KENSINGTON PL,,,,0.00,,,,,,,0.00,,Not at Intersection, ,,None,,,         ,Errikka,Wilbourn,,,no,no,no,yes,no,Campus
100976886,METROPOLITAN NASHVILLE POLICE DEPT,20150942845,Davidson,Nashville,10/10/2015 3:52:00 PM,2,0,0,36.148840,-86.746100,I 40,,,,0.00,,,,,,,211.85,N,Not at Intersection, ,,None,,,         ,Bryan,Byrnes,,,no,no,no,no,no,False
100976892,METROPOLITAN NASHVILLE POLICE DEPT,20150942944,Davidson,Nashville,10/10/2015 4:52:00 PM,2,1,0,36.140130,-86.776330,I 65,,,,0.00,,,,,,,81.80,N,Not at Intersection,N,Non-Junction,None,,,         ,Clyde,Stambaugh,Clear,Front to Rear,no,no,no,no,no,False
100976896,METROPOLITAN NASHVILLE POLICE DEPT,20150943255,Davidson,Goodlettsville,10/10/2015 6:17:00 PM,2,0,0,36.298750,-86.697640,GALLATIN PKEN,,,,487.00,Feet,South,CUDE LN,,,,0.00,N,Not at Intersection, ,Non-Junction,None,,,         ,Ryan,Allen,Clear,"Sideswipe, Same Direction",no,no,no,no,no,False
100976905,METROPOLITAN NASHVILLE POLICE DEPT,20150942855,Davidson,Nashville,10/10/2015 4:00:00 PM,2,1,0,36.242580,-86.752810,I65 S ENT RAMP,,,,0.00,Feet,East,BRILEY PKWY W ENT RAMP,,,,0.00,N,Not at Intersection,N,Non-Junction,None,,,         ,Jerry,Pirtle,Clear,Front to Rear,no,no,no,no,no,False
100976908,VANDERBILT UNIVERSITY POLICE,15-0943142,Davidson,Nashville,10/10/2015 12:00:00 AM,2,0,0,36.139250,-86.804860,24TH AVS,,,,0.00,,,,,,,0.00,,Not at Intersection,N,Non-Junction,None,,,         ,Errikka,Wilbourn,Cloudy,Rear to Rear,no,no,no,yes,no,Campus
100976910,METROPOLITAN NASHVILLE POLICE DEPT,2015-0943272,Davidson,Nashville,10/10/2015 6:24:00 PM,2,0,0,36.153850,-86.794250,WEST END AV,,,,52.00,Feet,East,17TH AVN,,,,0.00,N,Not at Intersection, ,Non-Junction,None,,,         ,Austin,Kendrick,Clear,Front to Rear,no,no,no,no,no,False
100976932,METROPOLITAN NASHVILLE POLICE DEPT,20150943021,Davidson,Nashville,10/10/2015 5:15:00 PM,2,0,0,36.111310,-86.724500,EAST THOMPSON LN,,,,381.00,Feet,West,I24 E EXT RAMP,,,,0.00,N,Not at Intersection,Y,Unknown,None,,,         ,Jarret,Sonnenberg,Clear,Front to Rear,no,no,no,no,yes,False
100976940,GOODLETTSVILLE POLICE DEPT,15-37819,Davidson,Goodlettsville,10/10/2015 3:48:00 AM,1,1,0,36.320970,-86.703480,I 65,,,,0.00,,,,,,,96.80,N,Not at Intersection,N,Non-Junction,None,,,         ,Andre,Sanders,Rain,Not Collision with Motor Vehicle in Transport,no,no,no,no,no,False
100976941,METROPOLITAN NASHVILLE POLICE DEPT,20150943464,Davidson,Nashville,10/10/2015 6:42:00 PM,2,0,0,36.239660,-86.780780,BRILEY PKWY W EXT RAMP,,,,0.00,,,BRICK CHURCH PKE,,,,0.00,Y,T-Intersection,N,Entrance/Exit Ramp Related,None,,,         ,Jessica,Ware,Clear,"Sideswipe, Same Direction",no,no,no,no,yes,False
100976943,METROPOLITAN NASHVILLE POLICE DEPT,20150943261,Davidson,Not in City Limit,10/10/2015 7:14:00 PM,2,1,0,36.289150,-86.741660,DICKERSON PKES,,,,625.00,Feet,East,OLD DICKERSON PKE,,,,0.00,N,Not at Intersection,N,Non-Junction,None,,,         ,Rodney,Phipps,Clear,Angle,no,no,no,no,no,False
100976944,METROPOLITAN NASHVILLE POLICE DEPT,20150943402,Davidson,Nashville,10/10/2015 4:52:00 PM,2,1,0,36.044350,-86.661550,TARGET DR,,,,0.00,,,CANE RIDGE RD,,,,0.00,Y,T-Intersection,N,Intersection,None,,,         ,Josh,Baney,Clear,Angle,no,no,no,no,no,False
100976946,METROPOLITAN NASHVILLE POLICE DEPT,20150943391,Davidson,Nashville,10/10/2015 8:05:00 PM,2,0,0,36.205500,-86.768440,DICKERSON PKE,,,,150.00,Feet,South,E TRINITY LN,,,,0.00,N,Not at Intersection,N,Non-Junction,None,,,         ,Daniel,Garrett,Clear,Rear to Rear,no,no,no,yes,yes,False
100976949,METROPOLITAN NASHVILLE POLICE DEPT,20150943212,Davidson,Nashville,10/10/2015 6:56:00 PM,1,0,0,36.169390,-86.778410,GAY ST,,,,78.00,Feet,East,1ST AVN,,,,0.00,N,Not at Intersection,N,Non-Junction,None,,,         ,MIchael,Mihajlov,Clear,Not Collision with Motor Vehicle in Transport,no,no,no,no,no,False
100976964,METROPOLITAN NASHVILLE POLICE DEPT,20150943564,Davidson,Nashville,10/10/2015 9:31:00 PM,2,0,0,36.151230,-86.785630,DIVISION ST,,,,54.00,Feet,East,I40 W EXT RAMP,,,,0.00,N,Not at Intersection, ,Non-Junction,None,,,         ,Blaze,Williams,Clear,"Sideswipe, Same Direction",no,no,no,no,no,False
100976965,METROPOLITAN NASHVILLE POLICE DEPT,20150941008,Davidson,Nashville,10/9/2015 7:15:00 PM,3,0,0,36.074310,-86.921530,HIGHWAY 70S,,,,141.00,Feet,East,OLD HARDING PKE,,,,0.00,N,Not at Intersection,N,Non-Junction,None,,,         ,Michael,Russell,Rain,Front to Rear,no,no,no,no,yes,False
100976967,METROPOLITAN NASHVILLE POLICE DEPT,20150943580,Davidson,Nashville,10/10/2015 9:25:00 PM,2,0,0,36.139210,-86.728850,I 24,,,,0.00,,,,,,,51.45,N,Not at Intersection, ,,None,,,         ,John,Kelley,,,no,no,no,no,no,False
100976968,METROPOLITAN NASHVILLE POLICE DEPT,20150943330,Davidson,Nashville,10/10/2015 7:42:00 PM,2,1,0,36.091070,-86.704160,I 24,,,,0.00,,,,,,,55.30,N,Not at Intersection,Y,Non-Junction,None,,,         ,Randy,Heinze,Clear,Front to Rear,no,no,no,no,no,False
100976972,METROPOLITAN NASHVILLE POLICE DEPT,20150943528,Davidson,Nashville,10/10/2015 9:16:00 PM,2,2,0,36.113580,-86.630920,BELL RD,,,,590.00,Feet,North,COUCHVILLE PKE,,,,0.00,N,Not at Intersection,N,Non-Junction,None,,,         ,Colby,Mathis,Clear,"Sideswipe, Same Direction",no,no,no,no,no,False
100976976,METROPOLITAN NASHVILLE POLICE DEPT,20150942874,Davidson,Nashville,10/10/2015 4:18:00 PM,1,0,0,36.214170,-86.775510,I 65,,,,0.00,,,,,,,87.90,N,Not at Intersection,N,Non-Junction,None,,,         ,Michael,Brooks,Clear,Not Collision with Motor Vehicle in Transport,no,no,no,no,no,False
100976977,METROPOLITAN NASHVILLE POLICE DEPT,20150943068,Davidson,Nashville,10/10/2015 5:56:00 PM,1,1,0,36.170740,-86.801290,14TH AVN,,,,0.00,,,JEFFERSON ST,,,,0.00,Y,T-Intersection,N,Non-Junction,None,,,         ,Michael,Brooks,Clear,Not Collision with Motor Vehicle in Transport,no,no,no,no,no,False
100976978,METROPOLITAN NASHVILLE POLICE DEPT,20150943567,Davidson,Nashville,10/10/2015 9:11:00 PM,2,0,0,36.178840,-86.795210,ROSA L PARKS BLVD,,,,0.00,,,HUME ST,,,,0.00,Y,Four-Way, ,Intersection,None,,,         ,Michael,Brooks,Clear,Angle,no,no,no,no,no,False
100976987,METROPOLITAN NASHVILLE POLICE DEPT,20150942840,Davidson,Nashville,10/10/2015 3:51:00 PM,2,0,0,36.134570,-86.825280,WEST END AV,,,,0.00,,,BOWLING AV,,,,0.00,Y,Four-Way, ,Intersection-Related,None,,,         ,John,Thomas,Clear,Front to Rear,no,no,no,no,no,False
100976988,METROPOLITAN NASHVILLE POLICE DEPT,20150943506,Davidson,Nashville,10/10/2015 9:05:00 PM,2,1,0,36.043450,-86.744140,EDMONDSON PKE,,,,0.00,,,DERBY TRC,,,,0.00,Y,T-Intersection,N,Intersection-Related,None,,,         ,Eric,Burford,Clear,Front to Rear,no,no,no,no,no,False
100976992,METROPOLITAN NASHVILLE POLICE DEPT,20150940348,Davidson,Antioch,10/9/2015 4:15:00 PM,2,0,0,0.000000,0.000000,MURFREESBORO,PIKE,,,0.00,,,OLD HICKORY,BLVD,,,0.00,Y,OTHER,N,Non-Junction,None,,,         ,Victoria,Cunningham,Rain,Front to Rear,no,no,no,no,no,False
100976994,METROPOLITAN NASHVILLE POLICE DEPT,20150943792,Davidson,Nashville,10/10/2015 9:27:00 PM,2,0,0,36.162900,-86.776860,COMMERCE ST,,,,0.00,,,3RD AVN,,,,0.00,Y,Four-Way, ,Intersection,None,,,         ,William,Thorowgood,Clear,Front to Rear,no,no,no,no,no,False
100976997,METROPOLITAN NASHVILLE POLICE DEPT,20150943755,Davidson,Nashville,10/10/2015 11:24:00 PM,2,0,0,36.174730,-86.614260,CENTRAL PKE,,,,0.00,,,DODSON CHAPEL RD,,,,0.00,Y,Four-Way,N,Intersection,None,,,         ,Christina,Buckner,Clear,Angle,no,no,no,no,no,False
100976999,METROPOLITAN NASHVILLE POLICE DEPT,2015-0942056,Davidson,Nashville,10/10/2015 12:00:00 AM,1,1,0,36.130670,-86.773500,I 65,,,,0.00,,,,,,,81.10,N,Not at Intersection,N,Non-Junction,None,,,         ,Michael,Baron,Clear,Not Collision with Motor Vehicle in Transport,no,no,no,no,no,False
100977001,METROPOLITAN NASHVILLE POLICE DEPT,20150943801,Davidson,Nashville,10/10/2015 10:44:00 PM,2,0,0,36.052680,-86.673590,TUSCULUM RD,,,,144.00,Feet,West,BLUE HOLE RD,,,,0.00,N,Not at Intersection, ,Non-Junction,None,,,         ,Wallis,Massey,Clear,Front to Rear,no,no,no,no,no,False
100977004,METROPOLITAN NASHVILLE POLICE DEPT,2015-0941324,Davidson,Nashville,10/9/2015 10:50:00 PM,1,0,0,36.198560,-86.685850,DONNA HILL CT,,,,0.00,,,TALLY GREEN CT,,,,0.00,Y,T-Intersection,Y,Intersection,None,,,         ,Benjamin,Cole,Rain,Not Collision with Motor Vehicle in Transport,no,no,no,no,yes,False
100977006,METROPOLITAN NASHVILLE POLICE DEPT,20150943714,Davidson,Nashville,10/10/2015 4:30:00 PM,2,0,0,36.068150,-86.632070,MURFREESBORO PKE,,,,363.00,Feet,North,FOREST VIEW DR,,,,0.00,N,Not at Intersection, ,Non-Junction,None,,,         ,Autumn,Manning,Clear,Angle,no,no,no,no,yes,False
100977008,METROPOLITAN NASHVILLE POLICE DEPT,20150943689,Davidson,Nashville,10/10/2015 9:50:00 PM,1,0,0,36.151530,-86.875270,WESTBORO DR,,,,9.00,Feet,North,THUNDERBIRD DR,,,,0.00,N,Not at Intersection,N,Non-Junction,None,,,         ,Melvin,Foster,Clear,Not Collision with Motor Vehicle in Transport,no,no,no,yes,no,False
100977011,METROPOLITAN NASHVILLE POLICE DEPT,20150943939,Davidson,Nashville,10/11/2015 1:18:00 AM,2,0,0,36.134280,-86.779090,WEDGEWOOD AV,,,,0.00,,,8TH AVS,,,,0.00,Y,Four-Way, ,Intersection-Related,None,,,         ,Michael,Baron,Clear,HeadOn,no,no,no,no,no,False
100977013,METROPOLITAN NASHVILLE POLICE DEPT,20150942062,Davidson,Nashville,10/10/2015 6:36:00 AM,1,0,0,36.117090,-86.698610,MURFREESBORO PKE,,,,220.00,Feet,East,MCGAVOCK PKE,,,,0.00,N,Not at Intersection,N,Non-Junction,None,,,         ,Thomas,Burns,Cloudy,Unknown,no,no,no,no,yes,False
100977015,METROPOLITAN NASHVILLE POLICE DEPT,20150943891,Davidson,Nashville,10/11/2015 12:49:00 AM,1,2,0,36.222680,-86.761310,DICKERSON PKE,,,,375.00,Feet,North,HART LN,,,,0.00,N,Not at Intersection,N,Non-Junction,None,,,         ,Terrance,McBride,Clear,Not Collision with Motor Vehicle in Transport,no,no,no,no,no,False
100977025,METROPOLITAN NASHVILLE POLICE DEPT,20150943654,Davidson,Nashville,10/10/2015 10:02:00 PM,2,0,0,36.148640,-86.797930,CHET ATKINS PL,,,,0.00,,,20TH AVS,,,,0.00,Y,Y-Intersection,N,Non-Junction,None,,,         ,Benjamin,Fisher,Clear,Front to Rear,no,no,no,yes,yes,Campus
100977041,METROPOLITAN NASHVILLE POLICE DEPT,20150944128,Davidson,Nashville,10/11/2015 12:00:00 AM,1,0,0,36.163690,-86.819770,28TH AVN,,,,206.00,Feet,South,I40 E ENT RAMP,,,,0.00,N,Not at Intersection,N,Unknown,None,,,         ,Peter,Finnegan,Clear,Unknown,no,no,no,no,yes,False
100977043,VANDERBILT UNIVERSITY POLICE,15-0943749,Davidson,Nashville,10/10/2015 12:00:00 AM,1,0,0,36.148850,-86.804560,WEST END AV,,,,0.00,,,23RD AVN,,,,0.00,Y,Four-Way,N,Non-Junction,None,,,         ,Charles,Stevens,Clear,Not Collision with Motor Vehicle in Transport,no,no,no,no,no,Campus
100977069,METROPOLITAN NASHVILLE POLICE DEPT,2015-0943623,Davidson,Nashville,10/10/2015 9:35:00 PM,2,0,0,36.166600,-86.764850,SHELBY AV,,,,90.00,Feet,West,I24 W ENT RAMP,,,,0.00,N,Not at Intersection,N,Non-Junction,None,,,         ,Jared,Zwilling,Clear,Front to Rear,no,no,no,no,no,False
100977080,METROPOLITAN NASHVILLE POLICE DEPT,20150934710,Davidson,Nashville,10/7/2015 11:12:00 PM,1,0,0,36.104110,-86.884100,BROOK HOLLOW RD,,,,0.00,,,,,,,0.00,,,N,Intersection-Related,None,,,         ,Ryan,McManman,Clear,Not Collision with Motor Vehicle in Transport,no,no,no,no,no,False
100977087,METROPOLITAN NASHVILLE POLICE DEPT,20150944268,Davidson,Nashville,10/11/2015 12:00:00 AM,2,0,0,36.195160,-86.752730,ELLINGTON PKWY S EXT RAMP,,,,0.00,Feet,East,ELLINGTON PKWYS,,,,0.00,N,Not at Intersection,N,Entrance/Exit Ramp Related,None,,,         ,Ashley,Arnold,Clear,Front to Rear,no,no,no,no,no,False
100977088,METROPOLITAN NASHVILLE POLICE DEPT,20150941294,Davidson,Nashville,10/9/2015 10:21:00 PM,2,1,0,36.162220,-86.776390,3RD AVN,,,,0.00,,,,,,,0.00,,,N,Non-Junction,None,,,         ,Brian,Smith,Rain,Front to Rear,no,no,no,no,no,False
100977089,METROPOLITAN NASHVILLE POLICE DEPT,20150942537,Davidson,Nashville,10/10/2015 12:40:00 PM,2,2,1,36.175850,-86.804310,14TH AVN,,,,0.00,Feet,,COCKRILL ST,,,,0.00,Y,Four-Way,N,Intersection-Related,None,,,15-0737  ,Erika,Bowden,Clear,Angle,no,no,no,no,no,False
100977113,METROPOLITAN NASHVILLE POLICE DEPT,20150942627,Davidson,Goodlettsville,10/10/2015 1:34:00 PM,1,0,0,36.285180,-86.728410,I 65,,,,0.00,,,,,,,93.80,N,Not at Intersection,N,Non-Junction,None,,,         ,William,Coy,Clear,Not Collision with Motor Vehicle in Transport,no,no,no,no,no,False
100977116,METROPOLITAN NASHVILLE POLICE DEPT,20150942065,Davidson,Nashville,10/10/2015 6:41:00 AM,1,1,0,36.138530,-86.809710,BLAKEMORE AV,,,,344.00,Feet,East,NATCHEZ TRC,,,,0.00,N,Not at Intersection,Y,Non-Junction,None,,,         ,Joshua,Dickall,Clear,Not Collision with Motor Vehicle in Transport,no,no,no,no,no,Campus
100977135,METROPOLITAN NASHVILLE POLICE DEPT,20150942453,Davidson,Nashville,10/10/2015 11:04:00 AM,2,0,0,36.141130,-86.627970,BELL RD,,,,0.00,,,ELM HILL PKE,,,,0.00,Y,T-Intersection, ,Intersection-Related,None,,,         ,Terry,Denton,Clear,"Sideswipe, Same Direction",no,no,no,no,no,False
100977140,METROPOLITAN NASHVILLE POLICE DEPT,20150922593,Davidson,Nashville,10/4/2015 3:03:00 AM,2,2,0,36.044920,-86.664550,BELL RD,,,,756.00,Feet,East,CEDAR POINTE PKWY,,,,0.00,N,Not at Intersection,N,Non-Junction,None,,,         ,Dezmond,Hughes,Clear,Angle,no,no,no,no,yes,False
100977142,METROPOLITAN NASHVILLE POLICE DEPT,20150943716,Davidson,Nashville,10/10/2015 11:12:00 PM,2,1,0,36.243890,-86.756580,SKYLINE MEMORIAL CT,,,,0.00,,,DICKERSON PKE,,,,0.00,Y,T-Intersection,N,Intersection,None,,,         ,Craig,Amabile,Clear,"Sideswipe, Opposite Direction",no,no,no,no,no,False
100977150,METROPOLITAN NASHVILLE POLICE DEPT,20150944324,Davidson,Nashville,10/11/2015 12:00:00 AM,1,1,0,36.052250,-86.681710,TUSCULUM RD,,,,269.00,Feet,East,BENZING RD,,,,0.00,N,Not at Intersection,N,Non-Junction,None,,,         ,Megan,Arnett,Clear,Not Collision with Motor Vehicle in Transport,no,no,no,no,yes,False
100977156,METROPOLITAN NASHVILLE POLICE DEPT,20150942624,Davidson,Nashville,10/10/2015 12:54:00 PM,2,0,0,36.238780,-86.630010,PITTS AV,,,,0.00,,,OLD HICKORY BLVD,,,,0.00,Y,Four-Way, ,Intersection,None,,,         ,Cassandra,Del Bosco,Clear,Front to Rear,no,no,no,no,no,False
100977169,VANDERBILT UNIVERSITY POLICE,15-0942625,Davidson,Nashville,10/10/2015 1:25:00 PM,2,0,0,36.111340,-86.765750,STATE HWY 155,,,,0.00,,,,,,,0.00,,, ,,None,,,         ,Robert,Pasinger,,,no,no,no,yes,no,OHO
100977204,METROPOLITAN NASHVILLE POLICE DEPT,2015-0944593,Davidson,Nashville,10/11/2015 10:05:00 AM,2,0,0,36.146660,-86.840040,IDAHO AV,,,,160.00,Feet,East,45TH AVN,,,,0.00,N,Not at Intersection,N,Non-Junction,None,,,         ,Cesar,Castillo,Clear,Angle,no,no,no,no,yes,False
100977216,METROPOLITAN NASHVILLE POLICE DEPT,20150942424,Davidson,Nashville,10/10/2015 10:50:00 AM,2,4,0,36.180750,-86.800350,I 65,,,,0.00,,,,,,,85.05,N,Not at Intersection,N,Non-Junction,None,,,         ,Steven,Spillers,Clear,Not Collision with Motor Vehicle in Transport,no,no,no,no,no,False
100977220,METROPOLITAN NASHVILLE POLICE DEPT,20150944625,Davidson,Nashville,10/11/2015 10:42:00 AM,1,1,0,36.088970,-86.689450,HARDING PL,,,,354.00,Feet,West,HARDING INDUSTRIAL DR,,,,0.00,N,Not at Intersection,N,Non-Junction,None,,,         ,Ian,Hammond,Clear,Not Collision with Motor Vehicle in Transport,no,no,no,no,no,False
100977233,METROPOLITAN NASHVILLE POLICE DEPT,20150944560,Davidson,Nashville,10/11/2015 9:48:00 AM,1,1,0,36.152300,-86.879060,HENRY FORD DR,,,,543.00,Feet,South,BAGLEYSHOP DR,,,,0.00,N,Not at Intersection,N,Non-Junction,None,,,         ,Corteze,Armstrong,,Not Collision with Motor Vehicle in Transport,no,no,no,no,no,False
100977236,METROPOLITAN NASHVILLE POLICE DEPT,20150944600,Davidson,Nashville,10/11/2015 10:30:00 AM,4,0,0,36.217360,-86.763230,LORRAINE AV,,,,0.00,,,DICKERSON PKE,,,,0.00,Y,OTHER,N,Non-Junction,None,,,         ,Robert,Young,Clear,Angle,no,no,no,no,no,False
100977244,METROPOLITAN NASHVILLE POLICE DEPT,20150944695,Davidson,Nashville,10/11/2015 10:45:00 AM,2,0,0,36.079600,-86.726320,HARDING PL,,,,0.00,,,NOLENSVILLE PKE,,,,0.00,Y,Four-Way,N,Intersection,None,,,         ,Marc,Haugen,Clear,Front to Rear,no,no,no,no,no,False
100977245,METROPOLITAN NASHVILLE POLICE DEPT,20150944667,Davidson,Nashville,10/11/2015 11:10:00 AM,2,0,0,36.064490,-86.717200,NOLENSVILLE PKE,,,,561.00,Feet,East,FAIRLANE DR,,,,0.00,N,Not at Intersection,N,Non-Junction,None,,,         ,Benjamin,Spees,Clear,Angle,no,no,no,no,no,False
100977251,METROPOLITAN NASHVILLE POLICE DEPT,2015-0944677,Davidson,Nashville,10/11/2015 11:05:00 AM,2,0,0,36.167150,-86.779610,3RD AVN,,,,0.00,,,JAMES ROBERTSON PKWY,,,,0.00,Y,Four-Way, ,Intersection,Work Zone,,,         ,Paul,Sorace,Clear,Front to Rear,no,no,no,no,no,False
100977255,METROPOLITAN NASHVILLE POLICE DEPT,20150944733,Davidson,Nashville,10/11/2015 11:46:00 AM,2,0,0,36.144210,-86.738720,I 40,,,,0.00,,,,,,,212.40,N,Not at Intersection, ,Non-Junction,None,,,         ,Craig,Carlson,Clear,"Sideswipe, Same Direction",no,no,no,no,no,False
100977260,METROPOLITAN NASHVILLE POLICE DEPT,2015-0939649,Davidson,Nashville,10/9/2015 11:13:00 AM,2,0,0,0.000000,0.000000,MURFREESBORO,PIKE,US70 S,,403.10,Feet,South,BELL,RD,SR171,,0.00,N,Not at Intersection,N,"Driveway, Alley Access, etc",None,,,         ,William,Whitworth,Clear,Front to Rear,no,no,no,yes,yes,False
100977271,METROPOLITAN NASHVILLE POLICE DEPT,20150941739,Davidson,Nashville,10/10/2015 2:33:00 AM,2,0,0,36.177350,-86.794180,ROSA L PARKS BLVD,,,,198.00,Feet,North,TAYLOR ST,,,,0.00,N,Not at Intersection,N,Non-Junction,None,,,         ,Kevin,Frei,Cloudy,Front to Rear,no,no,no,no,no,False
100977272,METROPOLITAN NASHVILLE POLICE DEPT,20150936214,Davidson,Nashville,10/8/2015 10:45:00 AM,2,1,0,36.132470,-86.719310,MURFREESBORO PKE,,,,0.00,,,WILHAGAN RD,,,,0.00,Y,T-Intersection,N,Intersection-Related,None,,,         ,Terry,Denton,Clear,Front to Rear,no,no,no,no,no,False
100977280,METROPOLITAN NASHVILLE POLICE DEPT,20150944847,Davidson,Nashville,10/11/2015 12:57:00 PM,2,0,0,36.108140,-86.765650,POWELL AV,,,,664.00,Feet,North,POWELL PL,,,,0.00,N,Not at Intersection, ,Non-Junction,None,,,         ,James,Smith,Clear,Other,no,no,no,no,no,False
100977284,METROPOLITAN NASHVILLE POLICE DEPT,20150944799,Davidson,Nashville,10/11/2015 12:00:00 AM,1,1,0,36.098980,-86.716190,ANTIOCH PKE,,,,393.00,Feet,East,MCCALL ST,,,,0.00,N,Not at Intersection,N,Non-Junction,None,,,         ,Christopher,Hanor,Clear,Not Collision with Motor Vehicle in Transport,no,no,no,no,no,False
100977285,METROPOLITAN NASHVILLE POLICE DEPT,20150942656,Davidson,Nashville,10/10/2015 2:05:00 PM,2,0,0,36.100530,-86.739910,NOLENSVILLE PKE,,,,0.00,,,CHILTON ST,,,,0.00,Y,T-Intersection, ,Non-Junction,None,,,         ,Christopher,Hanor,Clear,Front to Rear,no,no,no,no,yes,False
100977289,METROPOLITAN NASHVILLE POLICE DEPT,2015-0944620,Davidson,Nashville,10/11/2015 10:30:00 AM,2,0,0,36.153250,-86.794010,17TH AVS,,,,0.00,,,BROADWAY,,,,0.00,Y,Four-Way, ,Intersection,None,,,         ,David,Barras,Clear,Front to Rear,no,no,no,no,no,False
100977294,METROPOLITAN NASHVILLE POLICE DEPT,20150944628,Davidson,Nashville,10/11/2015 10:35:00 AM,2,1,0,36.140580,-86.724010,I 40,,,,0.00,,,,,,,213.45,N,Not at Intersection,N,Non-Junction,None,,,         ,Justin,Franklin,Clear,Front to Rear,no,no,no,no,no,False
100977320,METROPOLITAN NASHVILLE POLICE DEPT,20150944848,Davidson,Nashville,10/11/2015 12:58:00 PM,3,0,0,36.045870,-86.657800,COLLINS PARK DR,,,,67.00,Feet,South,BELL RD,,,,0.00,N,Not at Intersection, ,Non-Junction,None,,,         ,Tyler,McDaniel,Clear,Front to Rear,no,no,no,no,no,False