master_record_number,agency,agency_tracking_number,county,city,collision_date,vehicles_involved,number_injured,number_dead,latitude,longitude,roadway_name,roadway_suffix,roadway_number,roadway_local_id,distance_from_reference,miles-feet_indicator,direction_from_reference,intersection_road_name,intersection_road_name_suffix,intersection_road_number,intersection_local_id,mile_marker,intersection_indicator,intersect_type,interchange_related_indicator,relation_to_junction,work_zone_type,construction_maintenance_zone,construction_maintenance_zone_location,fatal_case_number,officer_first_name,officer_last_name,weather_condition(s),manner_of_crash,pedestrian,bicycle,scooter,parking,hitrun,mou
100977754,METROPOLITAN NASHVILLE POLICE DEPT,2015-0946937,Davidson,Antioch,10/12/2015 9:44:00 AM,2,0,0,36.009930,-86.612310,FIRESTONE,PKWY,,,340.00,Feet,East,OLD HICKORY,BLVD,SR171,,0.00,N,Not at Intersection,N,"Driveway, Alley Access, etc",None,,,         ,William,Whitworth,Clear,Angle,no,no,no,no,yes,False
100977755,METROPOLITAN NASHVILLE POLICE DEPT,20150947094,Davidson,Nashville,10/11/2015 12:00:00 AM,2,0,0,36.169140,-86.739700,LONG AV,,,,160.00,Feet,West,S 18TH ST,,,,0.00,N,Not at Intersection, ,Non-Junction,None,,,         ,Quinn,White,Clear,HeadOn,no,no,no,no,yes,False
100977775,METROPOLITAN NASHVILLE POLICE DEPT,20150947009,Davidson,Nashville,10/12/2015 10:11:00 AM,3,2,0,36.132610,-86.727160,I 24,,,,0.00,,,,,,,52.00,N,Not at Intersection,N,Non-Junction,None,,,         ,Christopher,Hanor,Clear,Front to Rear,no,no,no,no,no,False
100977781,METROPOLITAN NASHVILLE POLICE DEPT,20150947358,Davidson,Nashville,10/12/2015 12:27:00 PM,2,0,0,36.110690,-86.767070,POWELL AV,,,,99.00,Feet,South,OLD POWELL AV,,,,0.00,N,Not at Intersection, ,,None,,,         ,Nathan,Kemp,,,no,no,no,no,no,False
100977782,METROPOLITAN NASHVILLE POLICE DEPT,20150947080,Davidson,Nashville,10/12/2015 10:37:00 AM,2,0,0,36.198440,-86.620270,LEBANON PKE,,,,0.00,,,OLD HICKORY BLVD,,,,0.00,Y,Four-Way, ,Intersection-Related,None,,,         ,James,Curtis,Clear,Front to Rear,no,no,no,no,no,False
100977789,METROPOLITAN NASHVILLE POLICE DEPT,20150947368,Davidson,Nashville,10/12/2015 12:35:00 PM,2,0,0,36.148870,-86.864540,CHARLOTTE PKE,,,,191.00,Feet,East,LELLYETT ST,,,,0.00,N,Not at Intersection, ,Non-Junction,None,,,         ,Dontaveous,Eubanks,Clear,Angle,no,no,no,no,no,False
100977791,METROPOLITAN NASHVILLE POLICE DEPT,20150947345,Davidson,Nashville,10/12/2015 12:26:00 PM,2,0,0,36.153140,-86.785260,12TH AVS,,,,184.00,Feet,South,LAUREL ST,,,,0.00,N,Not at Intersection,N,Non-Junction,None,,,         ,Joshua,Hollins,Clear,Front to Rear,no,no,no,no,no,False
100977795,METROPOLITAN NASHVILLE POLICE DEPT,20150947210,Davidson,Nashville,10/12/2015 11:15:00 AM,2,0,0,36.139550,-86.666180,DONELSON PKE,,,,110.00,Feet,South,I40 E ENT RAMP,,,,0.00,N,Not at Intersection, ,Non-Junction,None,,,         ,Brandon,Helms,Clear,Angle,no,no,no,no,no,False
100977797,METROPOLITAN NASHVILLE POLICE DEPT,2015-0947347,Davidson,Nashville,10/12/2015 12:05:00 PM,2,0,0,36.177150,-86.745770,WOODLAND ST,,,,0.00,,,N 14TH ST,,,,0.00,Y,Four-Way, ,,None,,,         ,Coleman,Womack,,,no,no,no,no,no,False
100977802,METROPOLITAN NASHVILLE POLICE DEPT,20150947215,Davidson,Nashville,10/12/2015 11:29:00 AM,2,0,0,36.182280,-86.608000,FRIST BLVD,,,,0.00,,,ANDREW JACKSON WAY,,,,0.00,Y,Four-Way, ,Intersection,None,,,         ,Cassandra,Del Bosco,Clear,Front to Rear,no,no,no,no,no,False
100977805,METROPOLITAN NASHVILLE POLICE DEPT,20150946965,Davidson,Nashville,10/12/2015 9:50:00 AM,2,0,0,36.134680,-86.727110,I 24,,,,0.00,,,,,,,52.15,N,Not at Intersection, ,,None,,,         ,Ian,Hammond,,,no,no,no,no,no,False
100977830,METROPOLITAN NASHVILLE POLICE DEPT,2015-0947307,Davidson,Nashville,10/12/2015 12:00:00 AM,2,0,0,36.122510,-86.813640,22ND AVS,,,,315.00,Feet,South,SHARONDALE DR,,,,0.00,N,Not at Intersection,N,Non-Junction,None,,,         ,Walter,Gray II,Unknown,"Sideswipe, Same Direction",no,no,no,no,yes,False
100977833,METROPOLITAN NASHVILLE POLICE DEPT,2015-0947568,Davidson,Nashville,10/12/2015 1:52:00 PM,2,0,0,36.083870,-86.689460,ANTIOCH PKE,,,,0.00,,,JANSING DR,,,,0.00,Y,T-Intersection,N,OtherLocation,None,,,         ,John,Neely,Unknown,"Sideswipe, Same Direction",no,no,no,yes,yes,False
100977838,METROPOLITAN NASHVILLE POLICE DEPT,2015-0947574,Davidson,Not in City Limit,10/12/2015 1:51:00 PM,2,0,0,36.078330,-87.022060,MCCRORY LN,,,,204.00,Feet,South,NEWSOM STATION RD,,,,0.00,N,Not at Intersection, ,Non-Junction,None,,,         ,Walter,Gray II,Clear,Front to Rear,no,no,no,no,no,False
100977840,METROPOLITAN NASHVILLE POLICE DEPT,20150941463,Davidson,Nashville,10/9/2015 2:00:00 AM,2,0,0,36.152050,-86.795300,US HWY 431,,,,0.00,,,18TH AVE S,,,,0.00,Y,T-Intersection, ,Intersection,None,,,         ,Charles,Holmes,Rain,"Sideswipe, Same Direction",no,no,no,no,no,False
100977848,METROPOLITAN NASHVILLE POLICE DEPT,20150947627,Davidson,Not in City Limit,10/12/2015 2:19:00 PM,2,0,0,36.083020,-87.004620,NEWSOM STATION RD,,,,0.00,,,RIVERVALLEY DR,,,,0.00,Y,T-Intersection, ,Intersection,None,,,         ,Brandon,Pedigo,Clear,Angle,no,no,no,no,no,False
100977852,METROPOLITAN NASHVILLE POLICE DEPT,20150947687,Davidson,Nashville,10/12/2015 3:04:00 PM,2,0,0,36.045520,-86.711690,OLD HICKORY BLVD,,,,467.00,Feet,East,NOLENSVILLE PKE,,,,0.00,N,Not at Intersection, ,Non-Junction,None,,,         ,Jessie,Meadows,Clear,Front to Rear,no,no,no,no,no,False
100977857,METROPOLITAN NASHVILLE POLICE DEPT,20150947677,Davidson,Nashville,10/12/2015 2:10:00 PM,2,0,0,36.143690,-86.814200,WEST END AV,,,,0.00,,,30TH AVN,,,,0.00,Y,Four-Way, ,Intersection-Related,None,,,         ,Tien,Nguyen,Clear,Angle,no,no,no,no,no,Campus
100977858,METROPOLITAN NASHVILLE POLICE DEPT,20150947676,Davidson,Nashville,10/12/2015 2:09:00 PM,2,0,0,36.140400,-86.814960,32ND AVS,,,,0.00,,,ORLEANS DR,,,,0.00,Y,T-Intersection, ,Intersection-Related,None,,,         ,Tien,Nguyen,Clear,Front to Rear,no,no,no,no,no,Campus
100977861,METROPOLITAN NASHVILLE POLICE DEPT,20150947674,Davidson,Nashville,10/12/2015 1:30:00 PM,2,0,0,36.085230,-86.726890,TRAVIS DR,,,,77.00,Feet,South,PARAGON MILLS RD,,,,0.00,N,Not at Intersection, ,Non-Junction,None,,,         ,Randy,Heinze,Clear,"Sideswipe, Same Direction",no,no,no,no,no,False
100977873,METROPOLITAN NASHVILLE POLICE DEPT,20150941256,Davidson,Nashville,10/9/2015 10:02:00 PM,2,0,0,36.093740,-86.706050,I 24,,,,0.00,,,,,,,55.10,N,Not at Intersection, ,Non-Junction,None,,,         ,Natalie,Robinson,Rain,Angle,no,no,no,no,no,False
100977874,METROPOLITAN NASHVILLE POLICE DEPT,20150947787,Davidson,Nashville,10/12/2015 3:00:00 PM,2,0,0,36.037400,-86.786570,FRANKLIN PKE,,,,0.00,,,OLD HICKORY BLVD,,,,0.00,Y,Four-Way, ,Intersection,None,,,         ,Peter,Knisley,Clear,Front to Rear,no,no,no,no,no,False
100977876,METROPOLITAN NASHVILLE POLICE DEPT,20150947785,Davidson,Nashville,10/12/2015 2:23:00 PM,2,0,0,36.131880,-86.795500,BERNARD AV,,,,0.00,,,BELMONT BLVD,,,,0.00,Y,T-Intersection, ,Non-Junction,None,,,         ,Nicholas,Smith,Clear,Other,no,no,no,no,no,False
100977880,METROPOLITAN NASHVILLE POLICE DEPT,20150947706,Davidson,Nashville,10/12/2015 2:50:00 PM,2,0,0,36.192790,-86.745220,DOUGLAS AV,,,,131.00,Feet,East,TREVECCA AV,,,,0.00,N,Not at Intersection,N,Non-Junction,None,,,         ,Daniel,Garrett,Clear,Front to Rear,no,no,no,no,no,False
100977889,METROPOLITAN NASHVILLE POLICE DEPT,20150947808,Davidson,Nashville,10/12/2015 3:40:00 PM,2,2,0,36.153950,-86.787980,I 40,,,,0.00,,,,,,,209.30,N,Not at Intersection,N,Non-Junction,None,,,         ,Blaze,Williams,Clear,Front to Rear,no,no,no,no,no,False
100977898,METROPOLITAN NASHVILLE POLICE DEPT,20150947889,Davidson,Nashville,10/12/2015 4:05:00 PM,2,0,0,36.137570,-86.800760,WEDGEWOOD AV,,,,0.00,,,21ST AVS,,,,0.00,Y,Four-Way,N,Intersection-Related,None,,,         ,Tien,Nguyen,Clear,Front to Rear,no,no,no,no,no,Campus
100977901,METROPOLITAN NASHVILLE POLICE DEPT,2015-0947691,Davidson,Nashville,10/12/2015 2:15:00 PM,2,0,0,36.210770,-86.732020,GREENFIELD AV,,,,325.00,Feet,East,GALLATIN PKE,,,,0.00,N,Not at Intersection, ,Non-Junction,None,,,         ,Ryan,Howard,Clear,"Sideswipe, Opposite Direction",no,no,no,yes,yes,False
100977902,METROPOLITAN NASHVILLE POLICE DEPT,2015-0947692,Davidson,Nashville,10/12/2015 2:16:00 PM,2,0,0,36.210770,-86.732020,GREENFIELD AV,,,,325.00,Feet,East,GALLATIN PKE,,,,0.00,N,Not at Intersection, ,Non-Junction,None,,,         ,Ryan,Howard,Clear,Angle,no,no,no,yes,yes,False
100977904,METROPOLITAN NASHVILLE POLICE DEPT,20150947809,Davidson,Nashville,10/12/2015 4:21:00 PM,3,0,0,36.122840,-86.696530,BRILEY PKWY,,,,133.00,Feet,South,VENUS DR,,,,0.00,N,Not at Intersection, ,Non-Junction,None,,,         ,Thomas,Barnes,Clear,Front to Rear,no,no,no,no,no,False
100977907,METROPOLITAN NASHVILLE POLICE DEPT,2015-0947817,Davidson,Nashville,10/12/2015 3:50:00 PM,3,0,0,36.100720,-86.870930,HARDING PKE,,,,150.00,Feet,North,PAGE RD,,,,0.00,N,Not at Intersection, ,Non-Junction,None,,,         ,Walter,Gray II,Clear,Front to Rear,no,no,no,no,no,False
100977909,METROPOLITAN NASHVILLE POLICE DEPT,20150941126,Davidson,Nashville,10/9/2015 9:31:00 PM,2,2,0,36.081310,-86.696990,I 24,,,,0.00,,,,,,,56.10,N,Not at Intersection,N,Non-Junction,None,,,         ,Natalie,Robinson,Rain,Front to Rear,no,no,no,no,yes,False
100977910,METROPOLITAN NASHVILLE POLICE DEPT,20150947964,Davidson,Nashville,10/12/2015 4:47:00 PM,1,0,0,36.076040,-86.889410,HIGHWAY 100,,,,1320.00,Feet,East,HARPETH GLEN CONDOS PVTDR,,,,0.00,N,Not at Intersection, ,Non-Junction,None,,,         ,Douglas,Sykes,Clear,Not Collision with Motor Vehicle in Transport,no,no,no,no,no,False
100977917,METROPOLITAN NASHVILLE POLICE DEPT,20150947789,Davidson,Nashville,10/12/2015 3:30:00 PM,3,0,0,36.194620,-86.776170,I 24,,,,0.00,,,,,,,46.60,N,Not at Intersection,N,Non-Junction,None,,,         ,Christopher,Mackey,Clear,Other,no,no,no,no,yes,False
100977919,BELLE MEADE POLICE DEPT,15-0262,Davidson,Belle Meade,10/12/2015 10:43:00 AM,2,0,0,36.113270,-86.862950,HARDING PKE,,,,0.00,,,JACKSON BLVD,,,,0.00,Y,T-Intersection, ,Intersection-Related,None,,,         ,Keith,Samol,Clear,"Sideswipe, Same Direction",no,no,no,no,no,False
100977923,METROPOLITAN NASHVILLE POLICE DEPT,20150947871,Davidson,Nashville,10/12/2015 2:20:00 PM,2,0,0,36.207550,-86.777790,BRICK CHURCH PKE,,,,0.00,,,I65 S EXT RAMP,,,,0.00,Y,Four-Way, ,Intersection,None,,,         ,Brian,Woodard,Clear,"Sideswipe, Same Direction",no,no,no,no,yes,False
100977926,METROPOLITAN NASHVILLE POLICE DEPT,20150948010,Davidson,Nashville,10/12/2015 5:15:00 PM,3,0,0,36.138110,-86.806020,BLAKEMORE AV,,,,286.00,Feet,West,25TH AVS,,,,0.00,N,Not at Intersection, ,Non-Junction,None,,,         ,Charles,Griffin,Clear,Front to Rear,no,no,no,no,no,Campus
100977928,METROPOLITAN NASHVILLE POLICE DEPT,20150947940,Davidson,Nashville,10/12/2015 4:20:00 PM,2,0,0,36.153960,-86.818220,28TH AVN,,,,0.00,,,CHARLOTTE AV,,,,0.00,Y,Four-Way, ,Intersection,None,,,         ,Royce,McLester,Clear,Front to Rear,no,no,no,no,yes,False
100977929,METROPOLITAN NASHVILLE POLICE DEPT,20150947938,Davidson,Nashville,10/12/2015 4:40:00 PM,1,0,0,36.076370,-86.888820,STATE HWY 100,,,,1210.00,Feet,South,HIGHLAND PARK DR,,,,0.00,N,Not at Intersection,N,Non-Junction,None,,,         ,Michael,Russell,Clear,Not Collision with Motor Vehicle in Transport,no,no,no,no,no,False
100977932,METROPOLITAN NASHVILLE POLICE DEPT,20150948112,Davidson,Nashville,10/12/2015 6:01:00 PM,2,0,0,36.134010,-86.758950,NOLENSVILLE PKE,,,,0.00,,,CRAIGHEAD ST,,,,0.00,Y,T-Intersection, ,Intersection-Related,None,,,         ,Tien,Nguyen,Clear,Front to Rear,no,no,no,no,no,False
100977934,METROPOLITAN NASHVILLE POLICE DEPT,20150948012,Davidson,Nashville,10/12/2015 5:18:00 PM,2,4,0,36.180220,-86.814600,BUCHANAN ST,,,,0.00,,,23RD AVN,,,,0.00,Y,Four-Way,N,Intersection,None,,,         ,Zachary,Ronan,Clear,Angle,no,no,no,no,no,False
100977935,METROPOLITAN NASHVILLE POLICE DEPT,20150947527,Davidson,Nashville,10/12/2015 1:37:00 PM,2,0,0,36.127420,-86.712030,MURFREESBORO PKE,,,,382.00,Feet,West,EAST THOMPSON LN,,,,0.00,N,Not at Intersection, ,Non-Junction,None,,,         ,Terry,Miller,Clear,Front to Rear,no,no,no,no,no,False
100977939,METROPOLITAN NASHVILLE POLICE DEPT,20150948157,Davidson,Nashville,10/12/2015 5:59:00 PM,2,0,0,36.136320,-86.794510,WEDGEWOOD AV,,,,0.00,,,16TH AVS,,,,0.00,Y,Four-Way, ,Intersection,None,,,         ,Charles,Griffin,Clear,Front to Rear,no,no,no,no,no,False
100977943,METROPOLITAN NASHVILLE POLICE DEPT,20150948133,Davidson,Nashville,10/12/2015 6:25:00 PM,1,1,0,36.050840,-86.698150,OCALA DR,,,,26.00,Feet,East,TUSCULUM CT,,,,0.00,N,Not at Intersection,N,Non-Junction,None,,,         ,Jessie,Meadows,Clear,Not Collision with Motor Vehicle in Transport,no,no,no,no,no,False
100977949,METROPOLITAN NASHVILLE POLICE DEPT,20150948088,Davidson,Nashville,10/12/2015 5:18:00 PM,1,0,0,36.198930,-86.705270,WILLOW SPRINGS DR,,,,389.00,Feet,North,ROSEBANK AV,,,,0.00,N,Not at Intersection,N,Non-Junction,None,,,         ,Clinton,Schroeder,Clear,Not Collision with Motor Vehicle in Transport,no,no,no,yes,no,False
100977951,GOODLETTSVILLE POLICE DEPT,15-38168,Davidson,Goodlettsville,10/12/2015 6:38:00 PM,2,0,0,36.297970,-86.713380,I 65,,,,0.00,,,,,,,95.00,N,Not at Intersection, ,Non-Junction,None,,,         ,Wesley,Kinnaird,Clear,Other,no,no,no,no,yes,False
100977958,METROPOLITAN NASHVILLE POLICE DEPT,20150948171,Davidson,Nashville,10/12/2015 6:31:00 PM,2,0,0,36.038990,-86.782580,OLD HICKORY BLVD,,,,0.00,,,I65 N EXT RAMP,,,,0.00,Y,T-Intersection,N,Intersection-Related,None,,,         ,Tien,Nguyen,Clear,Front to Rear,no,no,no,no,no,False
100977964,METROPOLITAN NASHVILLE POLICE DEPT,2015930123,Davidson,Nashville,10/6/2015 5:25:00 PM,2,2,0,36.154830,-86.763340,HERMITAGE AV,,,,0.00,,,ANTHES DR,,,,0.00,Y,T-Intersection,N,Intersection-Related,None,,,         ,Jacob,Paul,Clear,HeadOn,no,no,no,no,no,False
100977966,METROPOLITAN NASHVILLE POLICE DEPT,2015-0947977,Davidson,Nashville,10/12/2015 5:00:00 PM,3,4,0,36.131880,-86.818330,I 440,,,,0.00,,,,,,,1.85,N,Not at Intersection,N,Non-Junction,None,,,         ,Christopher,Clark,Clear,Front to Rear,no,no,no,no,no,False
100977967,METROPOLITAN NASHVILLE POLICE DEPT,20150947902,Davidson,Nashville,10/12/2015 5:11:00 PM,2,0,0,36.045820,-86.660490,I24 E EXT RAMP,,,,0.00,Feet,East,I 24,,,,0.00,N,Not at Intersection,N,Entrance/Exit Ramp Related,None,,,         ,Jessie,Meadows,Clear,Front to Rear,no,no,no,no,no,False
100977970,METROPOLITAN NASHVILLE POLICE DEPT,2015-0948196,Davidson,Nashville,10/12/2015 6:40:00 PM,2,0,0,36.148400,-86.809210,25TH AVN,,,,267.00,Feet,South,BRANDAU PL,,,,0.00,N,Not at Intersection, ,,None,,,         ,Austin,Kendrick,,,no,no,no,no,no,Campus
100977971,METROPOLITAN NASHVILLE POLICE DEPT,20150947908,Davidson,Nashville,10/12/2015 4:51:00 PM,2,0,0,36.091170,-86.704250,I 24,,,,0.00,,,,,,,55.30,N,Not at Intersection, ,Non-Junction,None,,,         ,Jessie,Meadows,Clear,Front to Rear,no,no,no,no,no,False
100977975,METROPOLITAN NASHVILLE POLICE DEPT,20150948284,Davidson,Not in City Limit,10/12/2015 7:35:00 PM,1,0,0,36.071850,-86.926610,HICKS RD,,,,314.00,Feet,South,OLD HARDING PKE,,,,0.00,N,Not at Intersection,N,Non-Junction,None,,,         ,Brandon,Pedigo,Cloudy,Not Collision with Motor Vehicle in Transport,no,no,no,no,no,False
100977978,METROPOLITAN NASHVILLE POLICE DEPT,20150948200,Davidson,Nashville,10/12/2015 6:40:00 PM,4,2,0,36.215760,-86.775160,I 65,,,,0.00,,,,,,,88.00,N,Not at Intersection,N,Non-Junction,Work Zone,Work On Shoulder Or Median,Unknown,         ,Paul,Stein,Cloudy,Front to Rear,no,no,no,no,no,False
100977984,METROPOLITAN NASHVILLE POLICE DEPT,20150948230,Davidson,Nashville,10/12/2015 4:00:00 PM,2,0,0,36.187920,-86.798480,DOMINICAN DR,,,,0.00,,,ROSA L PARKS BLVD,,,,0.00,Y,Four-Way, ,Non-Junction,None,,,         ,Jeanine,Sarno,Clear,Front to Rear,no,no,no,no,no,False
100978001,METROPOLITAN NASHVILLE POLICE DEPT,20150947779,Davidson,Nashville,10/12/2015 3:35:00 PM,2,0,0,36.024930,-86.719010,BRADFORD HILLS DR,,,,83.00,Feet,West,FALLVIEW TRL,,,,0.00,N,Not at Intersection, ,Non-Junction,None,,,         ,Ricki,Armstrong,Clear,Rear to Side,no,no,no,no,no,False
100978002,METROPOLITAN NASHVILLE POLICE DEPT,2015-0948354,Davidson,Nashville,10/12/2015 8:08:00 PM,2,0,0,36.150300,-86.801610,WEST END AV,,,,133.00,Feet,West,21ST AVS,,,,0.00,N,Not at Intersection, ,Non-Junction,None,,,         ,Austin,Kendrick,Rain,Angle,no,no,no,no,no,Campus
100978003,METROPOLITAN NASHVILLE POLICE DEPT,20150948276,Davidson,Nashville,10/12/2015 7:10:00 PM,2,1,0,36.119780,-86.726750,I 24,,,,0.00,,,,,,,52.95,N,Not at Intersection,N,Non-Junction,None,,,         ,Randy,Heinze,Rain,Front to Rear,no,no,no,no,no,False
100978009,METROPOLITAN NASHVILLE POLICE DEPT,20150948358,Davidson,Nashville,10/12/2015 7:52:00 PM,2,0,0,36.169050,-86.772240,S 1ST ST,,,,0.00,,,WOODLAND ST,,,,0.00,Y,Four-Way, ,Non-Junction,None,,,         ,Caleb,Rogan,Rain,Front to Rear,no,no,no,no,no,False
100978011,METROPOLITAN NASHVILLE POLICE DEPT,20150948396,Davidson,Nashville,10/12/2015 7:22:00 PM,2,0,0,36.174110,-86.790450,7TH AVN,,,,0.00,,,MADISON ST,,,,0.00,Y,Four-Way, ,Intersection,None,,,         ,Brian,Woodard,Cloudy,Angle,no,no,no,no,yes,False
100978012,METROPOLITAN NASHVILLE POLICE DEPT,20150948306,Davidson,Not in City Limit,10/12/2015 7:40:00 PM,2,0,0,36.264280,-86.711490,GALLATIN PKEN,,,,0.00,Feet,,OLD TIME VILLAGE PVTDR,,,,0.00,Y,OTHER,N,Intersection-Related,None,,,         ,Broderick,Jones,Rain,Front to Rear,no,no,no,no,no,False
100978015,METROPOLITAN NASHVILLE POLICE DEPT,20150947828,Davidson,Nashville,10/12/2015 4:30:00 PM,2,1,0,36.063470,-86.627020,MURFREESBORO PKE,,,,646.00,Feet,South,HAMILTON CHURCH RD,,,,0.00,N,Not at Intersection,N,Non-Junction,None,,,         ,Jessie,Meadows,Clear,Front to Rear,no,no,no,no,no,False
100978016,METROPOLITAN NASHVILLE POLICE DEPT,20150948384,Davidson,Nashville,10/12/2015 8:36:00 PM,2,0,0,36.083670,-86.727580,NOLENSVILLE PKE,,,,104.00,Feet,North,PARAGON MILLS RD,,,,0.00,N,Not at Intersection,N,Non-Junction,None,,,         ,Jessie,Meadows,Clear,Front to Rear,no,no,no,no,no,False
100978017,METROPOLITAN NASHVILLE POLICE DEPT,20150948244,Davidson,Nashville,10/12/2015 6:53:00 PM,1,1,0,36.048410,-86.659280,HICKORY HOLLOW PKWY,,,,29.00,Feet,West,HICKORY HOLLOW MALL PVTDR PL,,,,0.00,N,Not at Intersection,N,Non-Junction,None,,,         ,Matthew,Johnson,Cloudy,Not Collision with Motor Vehicle in Transport,no,no,no,no,no,False
100978023,METROPOLITAN NASHVILLE POLICE DEPT,20150948362,Davidson,Nashville,10/12/2015 7:57:00 PM,2,0,0,36.170400,-86.768450,INTERSTATE DR,,,,0.00,,,WOODLAND ST,,,,0.00,Y,Four-Way, ,Intersection,None,,,         ,Caleb,Rogan,Rain,Front to Rear,no,no,no,no,no,False
100978028,METROPOLITAN NASHVILLE POLICE DEPT,20150947724,Davidson,Antioch,10/12/2015 3:08:00 PM,2,0,0,36.010270,-86.608320,BRIDGESTONE PKWY,,,,0.78,Miles,West,HEIL QUAKER BLVD,,,,0.00,N,Not at Intersection,N,Non-Junction,None,,,         ,William,Durham,Clear,Front to Rear,no,no,no,no,no,False
100978037,METROPOLITAN NASHVILLE POLICE DEPT,20150948213,Davidson,Nashville,10/12/2015 7:01:00 PM,3,0,0,36.146180,-86.626080,BELL RD,,,,248.00,Feet,North,LINCOYA BAY DR,,,,0.00,N,Not at Intersection, ,Non-Junction,None,,,         ,Timothy,Mead,Clear,Front to Rear,no,no,no,no,no,False
100978040,METROPOLITAN NASHVILLE POLICE DEPT,20150948445,Davidson,Nashville,10/12/2015 12:00:00 AM,2,0,0,36.206270,-86.773480,W TRINITY LN,,,,0.00,,,I65 N ENT RAMP,,,,0.00,Y,OTHER,N,Non-Junction,None,,,         ,Paul,Stein,Cloudy,Front to Rear,no,no,no,no,yes,False
100978047,METROPOLITAN NASHVILLE POLICE DEPT,20150947922,Davidson,Nashville,10/12/2015 4:36:00 PM,2,1,0,36.118610,-86.726330,I 24,,,,0.00,,,,,,,53.00,N,Not at Intersection,N,Non-Junction,None,,,         ,William,Durham,Clear,Front to Rear,no,no,no,no,no,False
100978049,METROPOLITAN NASHVILLE POLICE DEPT,20150948389,Davidson,Nashville,10/12/2015 8:30:00 PM,2,0,0,36.178470,-86.773400,I 24,,,,0.00,,,,,,,47.80,N,Not at Intersection, ,Non-Junction,None,,,         ,Charles,Wakefield,Rain,"Sideswipe, Same Direction",no,no,no,no,no,False
100978051,METROPOLITAN NASHVILLE POLICE DEPT,20150934120,Davidson,Goodlettsville,10/7/2015 8:15:00 PM,2,0,0,36.277570,-86.750800,NESBITT DR,,,,150.00,Feet,East,DICKERSON PKE,,,,0.00,N,Not at Intersection, ,Non-Junction,None,,,         ,Nathan,Dungan,Clear,Front to Rear,no,no,no,no,no,False
100978052,METROPOLITAN NASHVILLE POLICE DEPT,20150948078,Davidson,Nashville,10/12/2015 5:24:00 PM,2,0,0,36.140550,-86.731870,I 24,,,,0.00,,,,,,,51.60,N,Not at Intersection, ,Non-Junction,None,,,         ,William,Durham,Clear,Front to Rear,no,no,no,no,no,False
100978054,METROPOLITAN NASHVILLE POLICE DEPT,20150948360,Davidson,Nashville,10/12/2015 8:13:00 PM,1,0,0,36.190170,-86.790820,I 65,,,,0.00,,,,,,,85.70,N,Not at Intersection,N,Non-Junction,None,,,         ,Zachary,Ronan,Rain,Not Collision with Motor Vehicle in Transport,no,no,no,no,no,False
100978057,METROPOLITAN NASHVILLE POLICE DEPT,20150934032,Davidson,Nashville,10/7/2015 6:45:00 PM,2,1,0,36.278200,-86.771980,OLD HICKORY BLVD,,,,0.00,,,DALEMERE DR,,,,0.00,Y,T-Intersection,N,Intersection,None,,,         ,Nathan,Dungan,Clear,Angle,no,no,no,no,no,False
100978060,METROPOLITAN NASHVILLE POLICE DEPT,20150948172,Davidson,Nashville,10/12/2015 6:30:00 PM,3,2,0,36.064640,-86.684720,I 24,,,,0.00,,,,,,,57.40,N,Not at Intersection,N,Non-Junction,None,,,         ,William,Durham,Clear,Front to Rear,no,no,no,no,yes,False
100978065,METROPOLITAN NASHVILLE POLICE DEPT,20150948519,Davidson,Nashville,10/12/2015 9:22:00 PM,2,0,0,36.152340,-86.771580,ASH ST,,,,0.00,,,4TH AVS,,,,0.00,Y,Four-Way,N,Intersection,None,,,         ,Tyler,Hutton,Rain,Angle,no,no,no,no,yes,False
100978066,METROPOLITAN NASHVILLE POLICE DEPT,20150948490,Davidson,Nashville,10/12/2015 9:08:00 PM,2,0,0,36.038990,-86.782580,OLD HICKORY BLVD,,,,0.00,,,I65 N EXT RAMP,,,,0.00,Y,T-Intersection,N,Intersection-Related,None,,,         ,Tien,Nguyen,Rain,Front to Rear,no,no,no,no,no,False
100978067,METROPOLITAN NASHVILLE POLICE DEPT,2015-0948497,Davidson,Nashville,10/12/2015 9:10:00 PM,1,0,0,36.125730,-86.794050,BELMONT BLVD,,,,0.00,,,BEECHWOOD AV,,,,0.00,Y,T-Intersection,Y,Intersection,None,,,         ,Austin,Kendrick,Rain,Not Collision with Motor Vehicle in Transport,no,no,no,no,no,False
100978069,METROPOLITAN NASHVILLE POLICE DEPT,20150948342,Davidson,Nashville,10/12/2015 7:55:00 PM,2,1,0,36.155040,-86.797520,18TH AVN,,,,0.00,,,CHURCH ST,,,,0.00,Y,Four-Way,N,Intersection,None,,,         ,Royce,McLester,Rain,Front to Rear,no,no,no,no,yes,False
100978076,METROPOLITAN NASHVILLE POLICE DEPT,20150940601,Davidson,Madison,10/9/2015 5:50:00 PM,2,0,0,36.282880,-86.707200,GALLATIN PKEN,,,,199.00,Feet,South,EDGEMEADE BLVD,,,,0.00,N,Not at Intersection,N,"Driveway, Alley Access, etc",None,,,         ,Nathan,Dungan,Cloudy,Angle,no,no,no,no,yes,False
100978081,METROPOLITAN NASHVILLE POLICE DEPT,20150948507,Davidson,Nashville,10/12/2015 9:30:00 PM,2,1,0,36.106210,-86.673060,MURFREESBORO PKE,,,,0.00,,,DONELSON PKE,,,,0.00,Y,Four-Way,N,Intersection-Related,None,,,         ,Colby,Mathis,Rain,HeadOn,no,no,no,no,no,False