master_record_number,agency,agency_tracking_number,county,city,collision_date,vehicles_involved,number_injured,number_dead,latitude,longitude,roadway_name,roadway_suffix,roadway_number,roadway_local_id,distance_from_reference,miles-feet_indicator,direction_from_reference,intersection_road_name,intersection_road_name_suffix,intersection_road_number,intersection_local_id,mile_marker,intersection_indicator,intersect_type,interchange_related_indicator,relation_to_junction,work_zone_type,construction_maintenance_zone,construction_maintenance_zone_location,fatal_case_number,officer_first_name,officer_last_name,weather_condition(s),manner_of_crash,pedestrian,bicycle,scooter,parking,hitrun,mou
100978092,METROPOLITAN NASHVILLE POLICE DEPT,20150948039,Davidson,Nashville,10/12/2015 5:20:00 PM,2,0,0,36.045480,-86.647290,CROSSINGS BLVD,,,,0.00,,,MT VIEW RD,,,,0.00,Y,Four-Way, ,Intersection-Related,None,,,         ,Kevin,Keating,Clear,"Sideswipe, Same Direction",no,no,no,no,no,False
100978105,METROPOLITAN NASHVILLE POLICE DEPT,20150948666,Davidson,Nashville,10/12/2015 10:45:00 PM,1,0,0,36.156220,-86.789020,I40 W ENT RAMP,,,,0.00,,,I 40,,,,0.00,Y,Y-Intersection,N,Entrance/Exit Ramp Related,Construction Zone,Work On Shoulder Or Median,Transition Area,         ,Adam,Crutcher,Rain,Not Collision with Motor Vehicle in Transport,no,no,no,no,no,False
100978106,METROPOLITAN NASHVILLE POLICE DEPT,20150946298,Davidson,Nashville,10/12/2015 12:00:00 AM,2,0,0,36.126700,-86.711090,MURFREESBORO PKE,,,,0.00,,,THOMPSON PL,,,,0.00,Y,Four-Way,N,Intersection,None,,,         ,James,Jensen,Cloudy,Front to Rear,no,no,no,no,no,False
100978113,METROPOLITAN NASHVILLE POLICE DEPT,20150948776,Davidson,Nashville,10/12/2015 10:50:00 PM,2,0,0,36.184570,-86.864090,BRILEY PKWYN,,,,338.00,Feet,South,COUNTY HOSPITAL RD,,,,0.00,N,Not at Intersection, ,Non-Junction,None,,,         ,Eric,Mumaw,Fog,Front to Rear,no,no,no,no,yes,False
100978129,METROPOLITAN NASHVILLE POLICE DEPT,20150948658,Davidson,Nashville,10/12/2015 12:00:00 AM,2,0,0,36.191320,-86.767470,MERIDIAN ST,,,,275.00,Feet,South,RICHARDSON AV,,,,0.00,N,Not at Intersection,N,Non-Junction,None,,,         ,Ashley,Arnold,Rain,"Sideswipe, Same Direction",no,no,no,no,no,False
100978133,METROPOLITAN NASHVILLE POLICE DEPT,2015-0943934,Davidson,Not in City Limit,10/10/2015 12:00:00 AM,1,0,0,36.279560,-86.708740,GALLATIN PKEN,,,,85.00,Feet,North,ONE MILE PKWY,,,,0.00,N,Not at Intersection,N,Non-Junction,None,,,         ,John,Joyce,Clear,Not Collision with Motor Vehicle in Transport,no,no,no,no,yes,False
100978151,METROPOLITAN NASHVILLE POLICE DEPT,20150949073,Davidson,Nashville,10/13/2015 2:39:00 AM,1,0,0,36.148920,-86.873120,WESTBORO DR,,,,0.00,,,OBRIEN AV,,,,0.00,Y,T-Intersection,N,Intersection,None,,,         ,Sean,Wuethrich,Rain,Not Collision with Motor Vehicle in Transport,no,no,no,no,yes,False
100978153,METROPOLITAN NASHVILLE POLICE DEPT,20150945985,Davidson,Nashville,10/12/2015 12:00:00 AM,2,3,0,36.163480,-86.824800,ALBION ST,,,,0.00,,,32ND AVN,,,,0.00,Y,Four-Way,N,Intersection,None,,,         ,Chad,Brown,Clear,Angle,no,no,no,no,no,False
100978159,METROPOLITAN NASHVILLE POLICE DEPT,20150949185,Davidson,Nashville,10/13/2015 3:37:00 AM,2,0,0,36.136960,-86.727300,I 24,,,,0.00,,,,,,,51.30,N,Not at Intersection,N,Non-Junction,None,,,         ,Raymond,Heymann,Fog,"Sideswipe, Same Direction",no,no,no,no,no,False
100978164,METROPOLITAN NASHVILLE POLICE DEPT,2015-0946465,Davidson,Nashville,10/12/2015 6:29:00 AM,2,1,0,36.154540,-86.737750,LEBANON PKE,,,,536.00,Feet,East,OMOHUNDRO PL,,,,0.00,N,Not at Intersection,N,Non-Junction,None,,,         ,Andy,Esqueda,Clear,Front to Rear,no,no,no,no,no,False
100978166,METROPOLITAN NASHVILLE POLICE DEPT,20150946706,Davidson,Nashville,10/12/2015 8:28:00 AM,2,0,0,36.103250,-86.765720,I 65,,,,0.00,,,,,,,79.30,N,Not at Intersection, ,Non-Junction,None,,,         ,Erik,Wagner,Cloudy,Front to Rear,no,no,no,no,no,False
100978171,THP District 9 - Administrative,315051971,Davidson,Nashville,10/11/2015 10:00:00 AM,2,0,0,36.174770,-86.771270,I 24,,,,0.00,,,,,,,48.10,N,Not at Intersection, ,Entrance/Exit Ramp Related,None,,,         ,Michael,Lowe,Clear,Front to Rear,no,no,no,no,no,False
100978189,METROPOLITAN NASHVILLE POLICE DEPT,2015-0949453,Davidson,Nashville,10/13/2015 7:00:00 AM,2,1,0,36.096340,-86.877620,HARDING PKE,,,,0.00,,,VOSSLAND DR,,,,0.00,Y,Four-Way,N,Intersection,None,,,         ,Curtis,Rich,Fog,Front to Rear,no,no,no,no,no,False
100978195,METROPOLITAN NASHVILLE POLICE DEPT,20150949410,Davidson,Nashville,10/13/2015 6:00:00 AM,1,1,0,36.075560,-86.767910,I 65,,,,0.00,,,,,,,77.35,N,Not at Intersection,N,Non-Junction,None,,,         ,Brent,Bauer,Clear,Not Collision with Motor Vehicle in Transport,no,no,no,no,no,False
100978199,Metro Park Police,20150947611,Davidson,Nashville,10/12/2015 2:05:00 PM,2,0,0,36.270570,-86.749910,OLD HICKORY BLVDW,,,,0.00,,,,,,,0.00,,, ,Non-Junction,None,,,         ,Aubrey,"Whitworth, Jr.",Clear,Angle,no,no,no,yes,no,False
100978209,METROPOLITAN NASHVILLE POLICE DEPT,20150949457,Davidson,Nashville,10/13/2015 6:43:00 AM,3,0,0,36.104680,-86.669460,MURFREESBORO PKE,,,,771.00,Feet,East,EZELL PKE,,,,0.00,N,Not at Intersection, ,Non-Junction,None,,,         ,James,Curtis,Clear,Front to Rear,no,no,no,no,no,False
100978211,METROPOLITAN NASHVILLE POLICE DEPT,20150949475,Davidson,Nashville,10/13/2015 7:00:00 AM,2,0,0,36.044240,-86.713130,NOLENSVILLE PKE,,,,0.00,,,BRENTWOOD EAST DR,,,,0.00,Y,T-Intersection, ,Intersection-Related,None,,,         ,Randall,Combs,Cloudy,Front to Rear,no,no,no,no,no,False
100978212,METROPOLITAN NASHVILLE POLICE DEPT,2015-0949471,Davidson,Nashville,10/13/2015 7:00:00 AM,2,0,0,36.182420,-86.733360,EASTLAND AV,,,,0.00,,,PORTER RD,,,,0.00,Y,T-Intersection, ,,None,,,         ,Coleman,Womack,,,no,no,no,no,no,False
100978214,METROPOLITAN NASHVILLE POLICE DEPT,2015-0949617,Davidson,Nashville,10/13/2015 6:44:00 AM,1,0,0,36.060730,-86.866010,CHICKERING LN,,,,1120.00,Feet,South,PICCADILLY PL,,,,0.00,N,Not at Intersection, ,Non-Junction,None,,,         ,Curtis,Rich,Fog,Not Collision with Motor Vehicle in Transport,no,no,no,no,no,False
100978221,METROPOLITAN NASHVILLE POLICE DEPT,2015-0949612,Davidson,Nashville,10/13/2015 7:45:00 AM,2,0,0,36.114690,-86.836750,ESTES RD,,,,230.00,Feet,North,AUBURN LN,,,,0.00,N,Not at Intersection, ,Non-Junction,None,,,         ,Paul,Junkmann,Clear,Front to Rear,no,no,no,no,no,False
100978223,METROPOLITAN NASHVILLE POLICE DEPT,15-0947549,Davidson,Nashville,10/12/2015 1:30:00 PM,2,0,0,36.166880,-86.779430,3RD AVN,,,,0.00,,,CHARLOTTE AV,,,,0.00,Y,OTHER,N,Non-Junction,None,,,         ,Dale,Tomlin,Clear,Angle,no,no,no,no,no,False
100978225,METROPOLITAN NASHVILLE POLICE DEPT,2015-0949501,Davidson,Nashville,10/13/2015 7:20:00 AM,2,1,0,36.151970,-86.848570,CHARLOTTE AV,,,,0.00,,,51ST AVN,,,,0.00,Y,OTHER,Y,Intersection,None,,,         ,George,Spencer,Clear,Angle,no,no,no,no,no,False
100978227,METROPOLITAN NASHVILLE POLICE DEPT,20150949658,Davidson,Nashville,10/13/2015 8:26:00 AM,2,0,0,36.153750,-86.747930,HERMITAGE AV,,,,69.00,Feet,East,CAULEY AV,,,,0.00,N,Not at Intersection, ,Non-Junction,None,,,         ,James,Curtis,Clear,"Sideswipe, Same Direction",no,no,no,no,no,False
100978230,METROPOLITAN NASHVILLE POLICE DEPT,20150949642,Davidson,Not in City Limit,10/13/2015 8:10:00 AM,3,0,0,36.263000,-86.681500,STATE RT 45,,,,165.00,Feet,West,RIO VISTA DR,,,,0.00,N,Not at Intersection, ,Non-Junction,None,,,         ,Brian,Otto,Clear,Front to Rear,no,no,no,no,no,False
100978231,METROPOLITAN NASHVILLE POLICE DEPT,20150949488,Davidson,Nashville,10/13/2015 7:12:00 AM,1,0,0,36.232430,-86.785790,EWING DR,,,,888.00,Feet,North,EWING LN,,,,0.00,N,Not at Intersection, ,Non-Junction,None,,,         ,Earnest,Fields,Clear,Not Collision with Motor Vehicle in Transport,no,no,no,no,no,False
100978233,METROPOLITAN NASHVILLE POLICE DEPT,20150949607,Davidson,Nashville,10/13/2015 7:55:00 AM,2,1,0,36.143080,-86.651780,ELM HILL PKE,,,,200.00,Feet,West,NEILWORTH LN,,,,0.00,N,Not at Intersection,N,Non-Junction,None,,,         ,Justin,Franklin,Clear,Front to Rear,no,no,no,no,no,False
100978234,METROPOLITAN NASHVILLE POLICE DEPT,20150949619,Davidson,Nashville,10/13/2015 8:01:00 AM,2,1,0,36.164280,-86.804440,HERMOSA ST,,,,0.00,,,DR D B TODD JR BLVD,,,,0.00,Y,T-Intersection,N,Intersection,None,,,         ,Nathan,Mayo,Clear,Angle,no,no,no,no,no,False
100978235,METROPOLITAN NASHVILLE POLICE DEPT,20150949686,Davidson,Nashville,10/13/2015 8:41:00 AM,2,0,0,36.178770,-86.800850,I 65,,,,0.00,,,,,,,84.90,N,Not at Intersection,N,Non-Junction,None,,,         ,Michael,Parman,Clear,"Sideswipe, Same Direction",no,no,no,no,no,False
100978236,METROPOLITAN NASHVILLE POLICE DEPT,2015-0949713,Davidson,Nashville,10/13/2015 9:00:00 AM,2,0,0,36.133080,-86.819160,I 440,,,,0.00,,,,,,,1.75,N,Not at Intersection, ,,None,,,         ,Curtis,Rich,,,no,no,no,no,no,False
100978237,METROPOLITAN NASHVILLE POLICE DEPT,20150940044,Davidson,Madison,10/9/2015 1:45:00 PM,2,1,0,36.294920,-86.700940,GALLATIN PKEN,,,,0.00,,,MCHENRY CENTER PVTDR,,,,0.00,Y,Four-Way,N,Intersection-Related,None,,,         ,George,Oden,Clear,Angle,no,no,no,no,yes,False
100978253,METROPOLITAN NASHVILLE POLICE DEPT,20150949637,Davidson,Nashville,10/13/2015 7:49:00 AM,1,1,0,36.180030,-86.809600,BUCHANAN ST,,,,27.00,Feet,West,16TH AVN,,,,0.00,N,Not at Intersection,N,Non-Junction,None,,,         ,Rodney,Clark,Clear,Not Collision with Motor Vehicle in Transport,yes,no,no,no,no,False
100978257,VANDERBILT UNIVERSITY POLICE,15-947577,Davidson,Nashville,10/12/2015 1:25:00 PM,2,0,0,36.144210,-86.801860,STEVENSON CENTER LN,,,,364.00,Feet,North,GARLAND AV,,,,0.00,N,Not at Intersection, ,"Driveway, Alley Access, etc",None,,,         ,Allan,Sullivan,Clear,"Sideswipe, Same Direction",no,no,no,yes,no,Campus
100978258,METROPOLITAN NASHVILLE POLICE DEPT,20150949534,Davidson,Nashville,10/13/2015 7:35:00 AM,2,0,0,36.085500,-86.726880,PARAGON MILLS RD,,,,62.00,Feet,East,TRAVIS DR,,,,0.00,N,Not at Intersection, ,Non-Junction,None,,,         ,James,Thomas,Clear,Front to Rear,no,no,no,no,no,False
100978260,METROPOLITAN NASHVILLE POLICE DEPT,2015-0949562,Davidson,Nashville,10/13/2015 7:46:00 AM,3,2,0,36.195490,-86.776150,I 65,,,,0.00,,,,,,,86.55,N,Not at Intersection,N,Non-Junction,None,,,         ,Darryl,Morton,Clear,Front to Rear,no,no,no,no,yes,False
100978264,METROPOLITAN NASHVILLE POLICE DEPT,2015-0949768,Davidson,Nashville,10/13/2015 9:00:00 AM,2,1,0,36.132940,-86.829810,WEST END AV,,,,126.00,Feet,West,LEONARD AV,,,,0.00,N,Not at Intersection,N,Non-Junction,None,,,         ,Cesar,Castillo,Clear,Front to Rear,no,no,no,no,no,False
100978265,METROPOLITAN NASHVILLE POLICE DEPT,20150949672,Davidson,Nashville,10/13/2015 8:30:00 AM,1,0,0,36.252940,-86.785580,I 24,,,,0.00,,,,,,,42.40,N,Not at Intersection,N,Non-Junction,None,,,         ,Clint,Gilleland,Clear,Not Collision with Motor Vehicle in Transport,no,no,no,no,no,False
100978275,METROPOLITAN NASHVILLE POLICE DEPT,20150949450,Davidson,Nashville,10/13/2015 5:56:00 AM,2,1,0,36.072160,-86.732950,BLACKMAN RD,,,,19.00,Feet,West,EDMONDSON PKE,,,,0.00,N,Not at Intersection,N,Non-Junction,None,,,         ,Tony,Folad,Fog,Other,no,no,no,no,no,False
100978277,METROPOLITAN NASHVILLE POLICE DEPT,20150949655,Davidson,Nashville,10/13/2015 8:25:00 AM,2,0,0,36.052200,-86.743090,HUNTINGTON PKWY,,,,0.00,Feet,,EDMONDSON PKE,,,,0.00,Y,T-Intersection,N,Intersection,None,,,         ,Benjamin,Spees,Clear,HeadOn,no,no,no,no,no,False
100978278,METROPOLITAN NASHVILLE POLICE DEPT,20150949696,Davidson,Nashville,10/13/2015 7:50:00 AM,3,2,0,36.021030,-86.627710,I 24,,,,0.00,,,,,,,62.00,N,Not at Intersection,N,Non-Junction,None,,,         ,Randall,Combs,Clear,Front to Rear,no,no,no,no,no,False
100978280,METROPOLITAN NASHVILLE POLICE DEPT,2015-0949742,Davidson,Nashville,10/13/2015 9:00:00 AM,3,0,0,36.083960,-86.689530,ANTIOCH PKE,,,,39.00,Feet,North,JANSING DR,,,,0.00,N,Not at Intersection,N,Non-Junction,None,,,         ,Stanley,Collins,Clear,Front to Rear,no,no,no,no,yes,False
100978281,METROPOLITAN NASHVILLE POLICE DEPT,20150949663,Davidson,Nashville,10/13/2015 7:53:00 AM,4,0,0,36.039710,-86.649090,I 24,,,,0.00,,,,,,,60.10,N,Not at Intersection, ,Non-Junction,None,,,         ,Julius,Gallon,Clear,Front to Rear,no,no,no,no,yes,False
100978282,METROPOLITAN NASHVILLE POLICE DEPT,20150949667,Davidson,Nashville,10/13/2015 9:00:00 AM,3,1,0,36.088240,-86.881070,CHEEKWOOD TER,,,,0.00,Feet,,HIGHWAY 100,,,,0.00,Y,T-Intersection,N,Intersection,None,,,         ,Kyle,Arndt,Clear,Front to Rear,no,no,no,no,no,False
100978283,METROPOLITAN NASHVILLE POLICE DEPT,20150949660,Davidson,Nashville,10/13/2015 8:26:00 AM,3,1,0,36.051130,-86.743280,EDMONDSON PKE,,,,395.00,Feet,South,HUNTINGTON PKWY,,,,0.00,N,Not at Intersection,N,Non-Junction,None,,,         ,Brent,Bauer,Clear,Front to Rear,no,no,no,no,no,False
100978284,METROPOLITAN NASHVILLE POLICE DEPT,20150949874,Davidson,Nashville,10/13/2015 9:45:00 AM,1,0,0,36.239260,-86.728990,WALTON LN,,,,0.00,,,QUAIL CREEK CONDOMINIUMS PVTDR,,,,0.00,Y,OTHER, ,OtherLocation,None,,,         ,Brian,Otto,Clear,Not Collision with Motor Vehicle in Transport,no,no,no,yes,no,False
100978285,METROPOLITAN NASHVILLE POLICE DEPT,2015-0949788,Davidson,Nashville,10/13/2015 9:00:00 AM,2,0,0,36.106430,-86.819430,ABBOTT MARTIN RD,,,,0.00,,,CLEGHORN AV,,,,0.00,Y,Four-Way, ,Intersection,None,,,         ,Paul,Junkmann,Clear,Angle,no,no,no,no,no,False
100978292,METROPOLITAN NASHVILLE POLICE DEPT,20150949843,Davidson,Nashville,10/13/2015 9:39:00 AM,2,0,0,36.167880,-86.809380,21ST AVN,,,,0.00,,,MEHARRY BLVD,,,,0.00,Y,Four-Way, ,Intersection,None,,,         ,Nathan,Mayo,Clear,Angle,no,no,no,no,no,False
100978314,METROPOLITAN NASHVILLE POLICE DEPT,20150949486,Davidson,Nashville,10/13/2015 7:13:00 AM,2,0,0,36.115900,-86.785050,I 440,,,,0.00,,,,,,,4.25,N,Not at Intersection,N,Non-Junction,None,,,         ,Nathan,Kemp,Clear,Front to Rear,no,no,no,no,no,False
100978315,METROPOLITAN NASHVILLE POLICE DEPT,20150950163,Davidson,Nashville,10/13/2015 11:33:00 AM,2,0,0,36.142100,-86.815130,31ST AVS,,,,208.00,Feet,South,WEST END AV,,,,0.00,N,Not at Intersection, ,"Driveway, Alley Access, etc",None,,,         ,Nathan,Kemp,Clear,Angle,no,no,no,no,no,Campus
100978316,METROPOLITAN NASHVILLE POLICE DEPT,20150947426,Davidson,Nashville,10/12/2015 12:00:00 AM,2,0,0,36.088760,-86.702300,I 24,,,,0.00,,,,,,,55.50,N,Not at Intersection,Y,Entrance/Exit Ramp Related,None,,,         ,Brent,Hedgcoth,Clear,Front to Rear,no,no,no,no,no,False
100978317,METROPOLITAN NASHVILLE POLICE DEPT,2015-0948142,Davidson,Not in City Limit,10/12/2015 6:14:00 PM,2,0,0,36.062290,-86.942760,OLD HARDING PKE,,,,13.00,Feet,South,BEECH BEND DR,,,,0.00,N,Not at Intersection,N,Non-Junction,None,,,         ,Walter,Gray II,Clear,Front to Rear,no,no,no,no,no,False
100978318,METROPOLITAN NASHVILLE POLICE DEPT,2015-0950155,Davidson,Nashville,10/13/2015 11:35:00 AM,2,0,0,36.149250,-86.861900,CHARLOTTE PKE,,,,600.00,Feet,West,OCEOLA AV,,,,0.00,N,Not at Intersection,N,Non-Junction,None,,,         ,Walter,Gray II,Clear,"Sideswipe, Same Direction",no,no,no,no,yes,False
100978319,METROPOLITAN NASHVILLE POLICE DEPT,2015-0950219,Davidson,Nashville,10/13/2015 11:55:00 AM,2,0,0,36.127570,-86.843880,WOODLAWN DR,,,,0.00,,,HARDING PKE,,,,0.00,Y,Four-Way, ,Intersection,None,,,         ,Curtis,Rich,Clear,Front to Rear,no,no,no,no,no,False
100978323,METROPOLITAN NASHVILLE POLICE DEPT,2015-0950150,Davidson,Nashville,10/13/2015 11:20:00 AM,2,0,0,36.173530,-86.782460,2ND AVN,,,,0.00,,,BICENTENNIAL MALL CNCTR,,,,0.00,Y,OTHER, ,,None,,,         ,Charles,Coe,,,no,no,no,no,no,False
100978330,METROPOLITAN NASHVILLE POLICE DEPT,20150950166,Davidson,Nashville,10/13/2015 11:34:00 AM,2,0,0,36.157480,-86.818630,TORBETT ST,,,,0.00,,,28TH AVN,,,,0.00,Y,T-Intersection,N,Intersection,None,,,         ,Nathan,Mayo,Clear,Front to Rear,no,no,no,no,no,False
100978333,METROPOLITAN NASHVILLE POLICE DEPT,20150950164,Davidson,Nashville,10/13/2015 11:00:00 AM,2,0,0,36.046530,-86.683350,BELL RD,,,,0.00,,,BRENTRIDGE DR,,,,0.00,Y,T-Intersection, ,Intersection,None,,,         ,Randall,Combs,Clear,Angle,no,no,no,no,no,False
100978337,METROPOLITAN NASHVILLE POLICE DEPT,20150950201,Davidson,Nashville,10/13/2015 11:44:00 AM,2,1,0,36.169990,-86.772710,S 1ST ST,,,,0.00,,,MAIN ST,,,,0.00,Y,Four-Way,N,Intersection-Related,None,,,         ,Bryan,Birdwell,Clear,Angle,no,no,no,no,no,False
100978339,METROPOLITAN NASHVILLE POLICE DEPT,20150947498,Davidson,Nashville,10/12/2015 1:15:00 PM,2,0,0,36.109930,-86.720340,BRILEY PKWYN,,,,0.00,,,I24 W EXT RAMP,,,,0.00,Y,T-Intersection, ,Entrance/Exit Ramp Related,None,,,         ,Todd,Watson,Clear,Front to Rear,no,no,no,no,no,False
100978343,METROPOLITAN NASHVILLE POLICE DEPT,20150950277,Davidson,Nashville,10/13/2015 11:49:00 AM,1,0,0,36.148030,-86.772180,6TH AVS,,,,0.00,,,OAK ST,,,,0.00,Y,OTHER,N,Non-Junction,None,,,         ,Gregory,Lindstrom,Clear,Not Collision with Motor Vehicle in Transport,no,no,no,yes,yes,False
100978352,METROPOLITAN NASHVILLE POLICE DEPT,20150950310,Davidson,Nashville,10/13/2015 12:29:00 PM,3,2,0,36.079640,-86.836170,HILLSBORO PKE,,,,35.00,Feet,South,HEMINGWAY DR,,,,0.00,N,Not at Intersection,N,Non-Junction,None,,,         ,Nathan,Kemp,Clear,Front to Rear,no,no,no,no,no,False
100978360,METROPOLITAN NASHVILLE POLICE DEPT,20150949853,Davidson,Nashville,10/13/2015 8:40:00 AM,2,0,0,36.087920,-86.692600,ANTIOCH PKE,,,,213.00,Feet,North,HARDING PL,,,,0.00,N,Not at Intersection,N,Non-Junction,None,,,         ,James,Grady,Clear,Angle,no,no,no,no,no,False
100978365,METROPOLITAN NASHVILLE POLICE DEPT,20150946595,Davidson,Nashville,10/12/2015 7:48:00 AM,2,1,0,36.075280,-86.768130,I 65,,,,0.00,,,,,,,77.30,N,Not at Intersection,N,Non-Junction,None,,,         ,Erik,Wagner,Cloudy,Front to Rear,no,no,no,no,no,False
100978366,METROPOLITAN NASHVILLE POLICE DEPT,20150949593,Davidson,Nashville,10/13/2015 8:01:00 AM,3,0,0,36.142520,-86.815580,WEST END AV,,,,34.00,Feet,South,31ST AVN,,,,0.00,N,Not at Intersection, ,Non-Junction,None,,,         ,Erik,Wagner,Clear,Front to Rear,no,no,no,no,yes,Campus
100978378,METROPOLITAN NASHVILLE POLICE DEPT,20150950187,Davidson,Nashville,10/13/2015 12:15:00 PM,2,0,0,36.238470,-86.755920,I 65,,,,0.00,,,,,,,90.10,N,Not at Intersection, ,Non-Junction,Construction Zone,,,         ,Jeffery,Burnette,Clear,"Sideswipe, Same Direction",no,no,no,no,no,False
100978379,METROPOLITAN NASHVILLE POLICE DEPT,2015-0950438,Davidson,Nashville,10/13/2015 1:10:00 PM,2,0,0,36.181320,-86.749420,GALLATIN AV,,,,0.00,,,MANSFIELD ST,,,,0.00,Y,T-Intersection, ,Intersection,None,,,         ,Coleman,Womack,Clear,Front to Rear,no,no,no,no,no,False
100978381,METROPOLITAN NASHVILLE POLICE DEPT,20150950145,Davidson,Nashville,10/13/2015 11:29:00 AM,2,0,0,36.189140,-86.593260,OLD LEBANON DIRT RD,,,,0.00,,,TULIP GROVE RD,,,,0.00,Y,Four-Way,N,Intersection,None,,,         ,Wesley,Young,Clear,Angle,no,no,no,no,no,False
100978383,METROPOLITAN NASHVILLE POLICE DEPT,20150926584,Davidson,Nashville,10/5/2015 4:47:00 PM,2,0,0,36.079730,-86.725850,HARDING PL,,,,144.00,Feet,East,NOLENSVILLE PKE,,,,0.00,N,Not at Intersection, ,Non-Junction,None,,,         ,Miguel,Garcia,Clear,Front to Rear,no,no,no,no,no,False
100978415,VANDERBILT UNIVERSITY POLICE,15-0947342,Davidson,Nashville,10/12/2015 1:00:00 PM,2,0,0,36.149490,-86.800470,21ST AVS,,,,0.00,,,TERRACE PL,,,,0.00,Y,OTHER, ,Non-Junction,None,,,         ,Yasemine,Lomax,Clear,"Sideswipe, Same Direction",no,no,no,no,no,Campus
100978420,METROPOLITAN NASHVILLE POLICE DEPT,20150949518,Davidson,Nashville,10/13/2015 7:15:00 AM,2,0,0,36.240340,-86.744730,I65 N ENT RAMP,,,,0.00,,,BRILEY PKWYW,,,,0.00,Y,OTHER, ,Entrance/Exit Ramp Related,Construction Zone,,,         ,David,Snowden,Clear,"Sideswipe, Same Direction",no,no,no,no,no,False
100978427,METROPOLITAN NASHVILLE POLICE DEPT,2015-0939878,Davidson,Nashville,10/9/2015 12:35:00 PM,2,0,0,36.173270,-86.791400,ROSA L PARKS BLVD,,,,0.00,Feet,East,JEFFERSON ST,,,,0.00,N,Not at Intersection,N,Non-Junction,None,,,         ,Darryl,Morton,Clear,HeadOn,no,no,no,no,yes,False
100978428,BERRY HILL POLICE DEPT,15-4102,Davidson,Berry Hill,10/13/2015 12:44:00 PM,2,2,0,36.119260,-86.758890,MELROSE AV,,,,0.00,,,FOUR FORTY CENTER PVTDR,,,,0.00,Y,T-Intersection,Y,"Driveway, Alley Access, etc",None,,,         ,Ronnie,Hill,Clear,"Sideswipe, Opposite Direction",no,no,no,no,no,False
100978429,METROPOLITAN NASHVILLE POLICE DEPT,2015-0949796,Davidson,Nashville,10/13/2015 8:56:00 AM,3,1,0,0.000000,0.000000,MURFREESBORO,PIKE,SR41,,300.00,Feet,East,MT VIEW,RD,,,0.00,N,Not at Intersection,N,Non-Junction,None,,,         ,John,Neely,Clear,"Sideswipe, Same Direction",no,no,no,no,no,False
100978440,METROPOLITAN NASHVILLE POLICE DEPT,20150950665,Davidson,Nashville,10/13/2015 2:11:00 PM,2,0,0,36.139610,-86.821630,MURPHY RD,,,,0.00,,,WEST END AV EXT RAMP,,,,0.00,Y,T-Intersection,N,Intersection-Related,None,,,         ,Tien,Nguyen,Clear,Angle,no,no,no,no,yes,False
100978472,METROPOLITAN NASHVILLE POLICE DEPT,20150950848,Davidson,Nashville,10/13/2015 3:40:00 PM,2,0,0,36.224880,-86.694520,BRILEY PKWYN,,,,230.00,Feet,North,BRILEY PKWYS,,,,0.00,N,Not at Intersection, ,,None,,,         ,John,Kelley,,,no,no,no,no,no,False
100978475,METROPOLITAN NASHVILLE POLICE DEPT,2015-0950612,Davidson,Nashville,10/13/2015 2:12:00 PM,2,1,0,36.157850,-86.842520,46TH AVN,,,,0.00,,,ILLINOIS AV,,,,0.00,Y,Four-Way,N,Intersection,None,,,         ,Walter,Gray II,Clear,Angle,no,no,no,no,no,False
100978476,METROPOLITAN NASHVILLE POLICE DEPT,2015-0950739,Davidson,Nashville,10/13/2015 2:34:00 PM,2,1,0,36.116000,-86.831030,WOODMONT BLVD,,,,50.00,Feet,West,LYNNBROOK RD,,,,0.00,N,Not at Intersection,N,Non-Junction,None,,,         ,Walter,Gray II,Clear,Angle,no,no,no,no,no,False
100978477,METROPOLITAN NASHVILLE POLICE DEPT,20150950781,Davidson,Nashville,10/13/2015 3:35:00 PM,2,0,0,36.149150,-86.769450,4TH AVS,,,,104.00,Feet,North,OAK ST,,,,0.00,N,Not at Intersection, ,,None,,,         ,Jacob,Masteller,,,no,no,no,no,no,False
100978479,METROPOLITAN NASHVILLE POLICE DEPT,20150950836,Davidson,Nashville,10/13/2015 4:10:00 PM,1,1,0,36.192320,-86.829050,CLARKSVILLE PKE,,,,0.00,,,CLIFF DR,,,,0.00,Y,T-Intersection,N,Non-Junction,None,,,         ,Brandon,Evans,Clear,Not Collision with Motor Vehicle in Transport,yes,no,no,no,no,False
100978481,METROPOLITAN NASHVILLE POLICE DEPT,2015-0950627,Davidson,Nashville,10/13/2015 2:24:00 PM,3,0,0,36.133300,-86.828820,WEST END AV,,,,168.00,Feet,West,WHITEHALL,,,,0.00,N,Not at Intersection, ,Non-Junction,None,,,         ,Christopher,Clark,Clear,Front to Rear,no,no,no,no,no,False
100978493,METROPOLITAN NASHVILLE POLICE DEPT,20150950740,Davidson,Nashville,10/13/2015 3:18:00 PM,2,1,0,36.197610,-86.837320,CLARKSVILLE PKE,,,,0.00,,,ASHLAND CITY HWY,,,,0.00,Y,OTHER,N,Intersection,None,,,         ,Christopher,Kelly,Clear,Angle,no,no,no,no,no,False
100978497,METROPOLITAN NASHVILLE POLICE DEPT,20150948558,Davidson,Nashville,10/12/2015 10:00:00 PM,2,0,0,36.222810,-86.725820,GREENLAND AV,,,,0.00,,,GALLATIN PKE,,,,0.00,Y,T-Intersection, ,Intersection,None,,,         ,Joshua,Murray,Cloudy,Angle,no,no,no,no,no,False
100978502,METROPOLITAN NASHVILLE POLICE DEPT,20150950873,Davidson,Nashville,10/13/2015 4:05:00 PM,2,1,0,36.060480,-86.716490,NOLENSVILLE PKE,,,,143.00,Feet,North,STRASSER DR,,,,0.00,N,Not at Intersection,N,Non-Junction,None,,,         ,Tien,Nguyen,Clear,Front to Rear,no,no,no,no,no,False