master_record_number,agency,agency_tracking_number,county,city,collision_date,vehicles_involved,number_injured,number_dead,latitude,longitude,roadway_name,roadway_suffix,roadway_number,roadway_local_id,distance_from_reference,miles-feet_indicator,direction_from_reference,intersection_road_name,intersection_road_name_suffix,intersection_road_number,intersection_local_id,mile_marker,intersection_indicator,intersect_type,interchange_related_indicator,relation_to_junction,work_zone_type,construction_maintenance_zone,construction_maintenance_zone_location,fatal_case_number,officer_first_name,officer_last_name,weather_condition(s),manner_of_crash,pedestrian,bicycle,scooter,parking,hitrun,mou
100978909,METROPOLITAN NASHVILLE POLICE DEPT,20150953484,Davidson,Nashville,10/14/2015 11:03:00 AM,2,0,0,36.184260,-86.748170,GALLATIN AV,,,,172.00,Feet,South,CHICAMAUGA AV,,,,0.00,N,Not at Intersection, ,,None,,,         ,Jared,Eaves,,,no,no,no,no,no,False
100978910,Metro Park Police,2015-0950650,Davidson,Nashville,10/13/2015 2:25:00 PM,2,0,0,36.149600,-86.814460,CENTENNIAL PARK PVTDR,,,,668.00,Feet,East,28TH AVN,,,,0.00,N,Not at Intersection, ,SharedUsePathOrTrail,None,,,         ,Bryan,Crutchfield,Clear,Rear to Side,no,no,no,yes,no,False
100978913,METROPOLITAN NASHVILLE POLICE DEPT,2015-0953602,Davidson,Nashville,10/14/2015 11:40:00 AM,2,0,0,36.229110,-86.725140,GALLATIN PKE,,,,0.00,,,BROADMOOR DR,,,,0.00,Y,T-Intersection, ,Intersection,None,,,         ,Coleman,Womack,Clear,Front to Rear,no,no,no,no,no,False
100978920,METROPOLITAN NASHVILLE POLICE DEPT,2015-0953695,Davidson,Nashville,10/14/2015 11:15:00 AM,2,0,0,36.144930,-86.766660,4TH AVS,,,,0.00,,,CHESTNUT ST,,,,0.00,Y,OTHER,N,Non-Junction,None,,,         ,Emily,Davies,Clear,"Sideswipe, Same Direction",no,no,no,no,yes,False
100978935,METROPOLITAN NASHVILLE POLICE DEPT,20150953616,Davidson,Nashville,10/14/2015 11:52:00 AM,2,2,0,36.039890,-86.741780,OLD HICKORY BLVD,,,,504.00,Feet,East,EDMONDSON PKE,,,,0.00,N,Not at Intersection,N,Non-Junction,None,,,         ,Arthur,Hummell,Clear,"Sideswipe, Opposite Direction",no,no,no,no,no,False
100978940,METROPOLITAN NASHVILLE POLICE DEPT,20150953481,Davidson,Nashville,10/14/2015 10:44:00 AM,2,2,0,36.122350,-86.786500,HALCYON AV,,,,0.00,,,10TH AVS,,,,0.00,Y,Four-Way,N,Intersection,None,,,         ,Darrell,Osment,Clear,Angle,no,no,no,no,no,False
100978946,METROPOLITAN NASHVILLE POLICE DEPT,2015-0952921,Davidson,Nashville,10/14/2015 7:00:00 AM,1,0,0,36.154640,-86.662810,LAKELAND DR,,,,59.00,Feet,West,KENT RD,,,,0.00,N,Not at Intersection, ,Non-Junction,None,,,         ,Michael,Baker,Clear,Not Collision with Motor Vehicle in Transport,no,no,no,no,no,False
100978949,METROPOLITAN NASHVILLE POLICE DEPT,20150953530,Davidson,Nashville,10/14/2015 12:00:00 AM,2,0,0,36.170070,-86.793220,10TH AVN,,,,0.00,,,LOCKLAYER ST,,,,0.00,Y,T-Intersection, ,Intersection,None,,,         ,Michael,Wolterbeek,Clear,"Sideswipe, Opposite Direction",no,no,no,no,no,False
100978951,METROPOLITAN NASHVILLE POLICE DEPT,2015-0953707,Davidson,Nashville,10/14/2015 12:15:00 PM,2,0,0,36.170690,-86.773090,N 1ST ST,,,,167.00,Feet,North,MAIN ST,,,,0.00,N,Not at Intersection, ,Non-Junction,None,,,         ,Alyson,Cook,Clear,Front to Rear,no,no,no,yes,yes,False
100978954,METROPOLITAN NASHVILLE POLICE DEPT,2015-0953084,Davidson,Nashville,10/14/2015 7:54:00 AM,2,0,0,36.163430,-86.663970,DONELSON PKE,,,,135.00,Feet,North,COLONIAL CIR,,,,0.00,N,Not at Intersection, ,Non-Junction,None,,,         ,Michael,Baker,Clear,Front to Rear,no,no,no,no,no,False
100978958,METROPOLITAN NASHVILLE POLICE DEPT,20150953449,Davidson,Nashville,10/14/2015 10:35:00 AM,2,0,0,36.168350,-86.776970,JAMES ROBERTSON PKWY,,,,75.00,Feet,East,GAY ST,,,,0.00,N,Not at Intersection,N,Non-Junction,None,,,         ,Catherine,Poole,Clear,Angle,no,no,no,no,yes,False
100978960,METROPOLITAN NASHVILLE POLICE DEPT,20150953807,Davidson,Nashville,10/14/2015 12:00:00 AM,2,0,0,36.189950,-86.726270,RIVERSIDE DR,,,,117.00,Feet,South,CREIGHTON AV,,,,0.00,N,Not at Intersection, ,Non-Junction,None,,,         ,Aaron,Wigginton,Clear,Rear to Rear,no,no,no,no,no,False
100978962,METROPOLITAN NASHVILLE POLICE DEPT,20150953802,Davidson,Nashville,10/14/2015 12:56:00 PM,2,3,0,36.248940,-86.732200,DUE WEST AVW,,,,23.00,Feet,East,ACRE TRL,,,,0.00,N,Not at Intersection,Y,Non-Junction,None,,,         ,George,Oden,Clear,Angle,no,no,no,no,no,False
100978965,METROPOLITAN NASHVILLE POLICE DEPT,20150953846,Davidson,Nashville,10/14/2015 12:50:00 PM,2,0,0,36.096770,-86.705240,ANTIOCH PKE,,,,487.00,Feet,East,SPACE PARK SOUTH DR,,,,0.00,N,Not at Intersection,N,Non-Junction,None,,,         ,James,Thomas,Clear,"Sideswipe, Opposite Direction",no,no,no,no,yes,False
100978986,METROPOLITAN NASHVILLE POLICE DEPT,20150951837,Davidson,Nashville,10/13/2015 9:55:00 PM,2,0,0,36.167790,-86.740820,S 17TH ST,,,,0.00,,,,,,,0.00,,, ,"Driveway, Alley Access, etc",None,,,         ,Cressie,Prill,Clear,Front to Rear,no,no,no,no,no,False
100978996,METROPOLITAN NASHVILLE POLICE DEPT,20150954129,Davidson,Nashville,10/14/2015 2:34:00 PM,2,0,0,36.154810,-86.798000,CHURCH ST,,,,163.00,Feet,West,18TH AVN,,,,0.00,N,Not at Intersection, ,Non-Junction,None,,,         ,Tien,Nguyen,Clear,"Sideswipe, Same Direction",no,no,no,no,no,False
100979010,METROPOLITAN NASHVILLE POLICE DEPT,2015-0953699,Davidson,Nashville,10/14/2015 12:14:00 PM,1,0,0,36.084760,-86.701330,I24 E ENT RAMP,,,,201.00,Feet,South,I 24,,,,0.00,N,Not at Intersection,N,OtherLocation,None,,,         ,William,Whitworth,Clear,Not Collision with Motor Vehicle in Transport,no,no,no,yes,no,False
100979018,METROPOLITAN NASHVILLE POLICE DEPT,20150954249,Davidson,Nashville,10/14/2015 2:54:00 PM,2,0,0,36.149530,-86.764510,LAFAYETTE ST,,,,400.00,Feet,East,1ST AVS,,,,0.00,N,Not at Intersection, ,Non-Junction,None,,,         ,Tyler,Conrads,Clear,Angle,no,no,no,no,no,False
100979019,METROPOLITAN NASHVILLE POLICE DEPT,20150954173,Davidson,Nashville,10/14/2015 2:35:00 PM,2,0,0,36.148360,-86.777070,I 40,,,,0.00,,,,,,,210.00,N,Not at Intersection, ,Non-Junction,None,,,         ,Tyler,Conrads,Clear,Front to Rear,no,no,no,no,no,False
100979028,METROPOLITAN NASHVILLE POLICE DEPT,20150954150,Davidson,Nashville,10/14/2015 2:58:00 PM,2,3,0,36.233140,-86.758660,MAPLEWOOD TRC,,,,0.00,,,DICKERSON PKE,,,,0.00,Y,Four-Way,N,Intersection,None,,,         ,Jarred,Ruhlman,Clear,Angle,no,no,no,no,no,False
100979031,Nashville Airport Police,2015-02331,Davidson,Nashville,10/13/2015 4:25:00 PM,1,0,0,0.000000,0.000000,KNAPP,BLVD,,,0.50,Miles,West,DONELSON,PIKE,SR255,,0.00,N,Not at Intersection,N,Non-Junction,None,,,         ,Steve,Wright,Clear,Not Collision with Motor Vehicle in Transport,no,no,no,yes,no,False
100979037,METROPOLITAN NASHVILLE POLICE DEPT,20150954353,Davidson,Nashville,10/14/2015 3:50:00 PM,2,2,0,36.133230,-86.801310,PORTLAND AV,,,,0.00,,,MAGNOLIA BLVD,,,,0.00,Y,Four-Way,N,Intersection-Related,None,,,         ,Tien,Nguyen,Clear,Angle,no,no,no,no,no,False
100979044,METROPOLITAN NASHVILLE POLICE DEPT,20150954508,Davidson,Nashville,10/14/2015 4:28:00 PM,2,0,0,36.152830,-86.779330,8TH AVS,,,,0.00,,,DREXEL ST,,,,0.00,Y,OTHER,N,Non-Junction,None,,,         ,Jeffrey,Livingston,Clear,Front to Rear,no,no,no,no,no,False
100979070,METROPOLITAN NASHVILLE POLICE DEPT,20150954861,Davidson,Nashville,10/14/2015 5:49:00 PM,2,0,0,36.143690,-86.814200,WEST END AV,,,,0.00,,,30TH AVN,,,,0.00,Y,Four-Way, ,Intersection,None,,,         ,Maria,Cortez,Clear,Angle,no,no,no,no,no,Campus
100979078,METROPOLITAN NASHVILLE POLICE DEPT,20150954487,Davidson,Nashville,10/14/2015 4:20:00 PM,2,0,0,36.152260,-86.787090,I 40,,,,0.00,,,,,,,209.40,N,Not at Intersection, ,Non-Junction,None,,,         ,Jacob,Crouch,Clear,Front to Rear,no,no,no,no,no,False
100979080,METROPOLITAN NASHVILLE POLICE DEPT,20150954458,Davidson,Nashville,10/14/2015 4:51:00 PM,2,0,0,36.138140,-86.764140,HAMILTON AV,,,,0.00,,,RAINS AV,,,,0.00,Y,T-Intersection, ,Intersection,None,,,         ,Mekisha,Page,Clear,Front to Rear,no,no,no,no,no,False
100979082,METROPOLITAN NASHVILLE POLICE DEPT,20150954629,Davidson,Nashville,10/14/2015 5:00:00 PM,2,0,0,36.159110,-86.822190,I 40,,,,0.00,,,,,,,205.95,N,Not at Intersection, ,Non-Junction,None,,,         ,Brian,Woodard,Clear,Front to Rear,no,no,no,no,no,False
100979086,METROPOLITAN NASHVILLE POLICE DEPT,20150954725,Davidson,Nashville,10/14/2015 5:15:00 PM,1,1,0,36.129120,-86.788260,LAWRENCE AV,,,,199.00,Feet,East,12TH AVS,,,,0.00,N,Not at Intersection,N,Non-Junction,None,,,         ,Jacob,Crouch,Clear,Not Collision with Motor Vehicle in Transport,yes,no,no,no,yes,False
100979094,METROPOLITAN NASHVILLE POLICE DEPT,20150954439,Davidson,Nashville,10/14/2015 4:47:00 PM,2,0,0,36.084260,-86.708460,EISENHOWER DR,,,,294.00,Feet,West,JEFFERY DR,,,,0.00,N,Not at Intersection,N,Non-Junction,None,,,         ,Jessie,Meadows,Clear,"Sideswipe, Same Direction",no,no,no,no,yes,False
100979095,METROPOLITAN NASHVILLE POLICE DEPT,20150954694,Davidson,Nashville,10/14/2015 5:34:00 PM,2,0,0,36.125090,-86.733680,I 440,,,,0.00,,,,,,,7.20,N,Not at Intersection,N,Non-Junction,None,,,         ,Jessie,Meadows,Clear,Front to Rear,no,no,no,no,no,False
100979096,METROPOLITAN NASHVILLE POLICE DEPT,20150954960,Davidson,Nashville,10/14/2015 7:45:00 PM,2,0,0,36.102440,-86.713680,I 24,,,,0.00,,,,,,,54.40,N,Not at Intersection,N,Non-Junction,None,,,         ,Jessie,Meadows,Clear,Front to Rear,no,no,no,no,yes,False
100979097,METROPOLITAN NASHVILLE POLICE DEPT,20150955064,Davidson,Nashville,10/14/2015 8:07:00 PM,1,0,0,36.100240,-86.711350,I 24,,,,0.00,,,,,,,54.55,N,Not at Intersection, ,Non-Junction,None,,,         ,Jessie,Meadows,Clear,Not Collision with Motor Vehicle in Transport,no,no,no,no,no,False
100979099,GOODLETTSVILLE POLICE DEPT,15-38455,Davidson,Goodlettsville,10/14/2015 4:43:00 PM,3,2,0,36.312800,-86.701270,I 65,,,,0.00,,,,,,,96.20,N,Not at Intersection,N,Non-Junction,None,,,         ,Rico,Jones,Clear,Front to Rear,no,no,no,no,no,False
100979105,METROPOLITAN NASHVILLE POLICE DEPT,20150954884,Davidson,Nashville,10/14/2015 6:36:00 PM,2,0,0,36.146930,-86.743500,I 40,,,,0.00,,,,,,,212.05,N,Not at Intersection, ,,None,,,         ,Khalid,Abbady,,,no,no,no,no,no,False
100979106,METROPOLITAN NASHVILLE POLICE DEPT,20150954382,Davidson,Nashville,10/14/2015 3:57:00 PM,3,1,0,36.146810,-86.666460,DONELSON PKE,,,,300.00,Feet,North,ROYAL PKWY,,,,0.00,N,Not at Intersection,N,Non-Junction,None,,,         ,Tyler,Conrads,Clear,Front to Rear,no,no,no,no,yes,False
100979116,METROPOLITAN NASHVILLE POLICE DEPT,20150955026,Davidson,Nashville,10/14/2015 7:36:00 PM,2,0,0,36.171850,-86.767900,JAMES ROBERTSON PKWY,,,,0.00,,,I24 W EXT RAMP,,,,0.00,Y,Traffic Circle,N,Non-Junction,None,,,         ,Jeffrey,Livingston,Clear,Front to Rear,no,no,no,no,no,False
100979121,METROPOLITAN NASHVILLE POLICE DEPT,20150954716,Davidson,Nashville,10/14/2015 5:35:00 PM,2,0,0,36.122070,-86.753480,I 440,,,,0.00,,,,,,,6.15,N,Not at Intersection, ,,None,,,         ,Charles,Griffin,,,no,no,no,no,no,False
100979127,METROPOLITAN NASHVILLE POLICE DEPT,20150954235,Davidson,Nashville,10/14/2015 3:20:00 PM,3,1,0,36.078890,-86.746000,HARDING PL,,,,251.00,Feet,West,DANBY DR,,,,0.00,N,Not at Intersection,N,Non-Junction,None,,,         ,Miguel,Garcia,Clear,Front to Rear,no,no,no,no,yes,False
100979131,METROPOLITAN NASHVILLE POLICE DEPT,20150954678,Davidson,Nashville,10/14/2015 5:21:00 PM,2,0,0,36.130560,-86.781720,SOUTH DOUGLAS AV,,,,280.00,Feet,South,ELLIOTT AV,,,,0.00,N,Not at Intersection, ,Non-Junction,None,,,         ,Brenton,Adcox,Clear,Front to Rear,no,no,no,no,yes,False
100979134,METROPOLITAN NASHVILLE POLICE DEPT,20150954577,Davidson,Nashville,10/14/2015 4:50:00 PM,2,2,0,36.036910,-86.782670,I65 N EXT RAMP,,,,0.00,,,I 65,,,,0.00,Y,OTHER,N,Entrance/Exit Ramp Related,None,,,         ,Peter,Knisley,Clear,Front to Rear,no,no,no,no,no,False
100979135,METROPOLITAN NASHVILLE POLICE DEPT,20150954537,Davidson,Nashville,10/14/2015 4:39:00 PM,2,0,0,36.155750,-86.809740,23RD AVN,,,,0.00,,,CHARLOTTE AV,,,,0.00,Y,T-Intersection, ,Intersection-Related,None,,,         ,Tien,Nguyen,Clear,Front to Rear,no,no,no,no,no,False
100979136,METROPOLITAN NASHVILLE POLICE DEPT,20150954709,Davidson,Nashville,10/14/2015 5:06:00 PM,2,0,0,36.136890,-86.800840,BELCOURT AV,,,,0.00,Feet,,21ST AVS,,,,0.00,Y,Four-Way, ,Intersection-Related,None,,,         ,Tien,Nguyen,Clear,Front to Rear,no,no,no,no,no,Campus
100979137,METROPOLITAN NASHVILLE POLICE DEPT,20150954890,Davidson,Nashville,10/14/2015 6:41:00 PM,1,0,0,36.156360,-86.796320,17TH AVN,,,,21.00,Feet,North,CHURCH STREET ALY,,,,0.00,N,Not at Intersection,N,Non-Junction,None,,,         ,Tien,Nguyen,Clear,Not Collision with Motor Vehicle in Transport,no,no,no,no,no,False
100979138,METROPOLITAN NASHVILLE POLICE DEPT,20150955136,Davidson,Nashville,10/14/2015 8:09:00 PM,2,0,0,36.151370,-86.799330,20TH AVS,,,,0.00,,,WEST END AV,,,,0.00,Y,Four-Way, ,Intersection-Related,None,,,         ,Tien,Nguyen,Clear,Front to Rear,no,no,no,no,no,Campus
100979139,METROPOLITAN NASHVILLE POLICE DEPT,20150955229,Davidson,Nashville,10/14/2015 8:30:00 PM,1,0,0,36.107700,-86.794260,EXCELLA PL,,,,73.00,Feet,West,GRANDVIEW DR,,,,0.00,N,Not at Intersection, ,Non-Junction,None,,,         ,Tien,Nguyen,Clear,Not Collision with Motor Vehicle in Transport,no,no,no,no,no,False
100979156,METROPOLITAN NASHVILLE POLICE DEPT,20150954544,Davidson,Nashville,10/14/2015 4:46:00 PM,2,0,0,36.037450,-86.790740,OLD HICKORY BLVD,,,,90.00,Feet,East,S HILLVIEW DR,,,,0.00,N,Not at Intersection, ,Non-Junction,None,,,         ,Eric,Burford,Clear,Front to Rear,no,no,no,no,no,False
100979157,METROPOLITAN NASHVILLE POLICE DEPT,20150954947,Davidson,Nashville,10/14/2015 7:08:00 PM,2,0,0,36.220550,-86.774090,I 65,,,,0.00,,,,,,,88.35,N,Not at Intersection,N,Non-Junction,Construction Zone,Work On Shoulder Or Median,Activity Area,         ,Charles,Wakefield,Clear,Front to Rear,no,no,no,no,no,False
100979162,METROPOLITAN NASHVILLE POLICE DEPT,20150947741,Davidson,Goodlettsville,10/12/2015 2:15:00 PM,2,0,0,36.290350,-86.722810,I 65,,,,0.00,,,,,,,94.25,N,Not at Intersection, ,Non-Junction,None,,,         ,Nathan,Dungan,Clear,"Sideswipe, Same Direction",no,no,no,no,no,False
100979163,METROPOLITAN NASHVILLE POLICE DEPT,20150948103,Davidson,Goodlettsville,10/12/2015 5:55:00 PM,2,0,0,36.289740,-86.723530,I 65,,,,0.00,,,,,,,94.20,N,Not at Intersection, ,Non-Junction,None,,,         ,Nathan,Dungan,Clear,Front to Rear,no,no,no,no,no,False
100979164,METROPOLITAN NASHVILLE POLICE DEPT,20150950232,Davidson,Madison,10/13/2015 12:00:00 PM,2,1,0,36.262820,-86.680970,STATE RT 45,,,,0.00,Feet,,RIO VISTA DR,,,,0.00,Y,Four-Way,N,Intersection,None,,,         ,Nathan,Dungan,Clear,Angle,no,no,no,no,yes,False
100979165,METROPOLITAN NASHVILLE POLICE DEPT,20150950893,Davidson,Madison,10/13/2015 4:10:00 PM,2,0,0,36.264220,-86.735540,OLD HICKORY BLVDW,,,,75.00,Feet,West,BOYDS HILLTOP DR,,,,0.00,N,Not at Intersection,N,Non-Junction,None,,,         ,Nathan,Dungan,Clear,Front to Rear,no,no,no,no,no,False
100979166,METROPOLITAN NASHVILLE POLICE DEPT,20150951039,Davidson,Madison,10/13/2015 5:00:00 PM,1,0,0,36.253210,-86.697540,NEELYS BEND RD,,,,200.00,Feet,East,HOWSE AV,,,,0.00,N,Not at Intersection,N,Non-Junction,None,,,         ,Nathan,Dungan,Clear,Not Collision with Motor Vehicle in Transport,no,no,no,no,no,False
100979167,METROPOLITAN NASHVILLE POLICE DEPT,20150951527,Davidson,Nashville,10/13/2015 8:00:00 PM,2,1,0,36.258690,-86.763360,TUCKAHOE DR,,,,143.00,Feet,South,EWING CREEK DR,,,,0.00,N,Not at Intersection,N,Non-Junction,None,,,         ,Nathan,Dungan,Clear,HeadOn,no,no,no,no,no,False
100979168,METROPOLITAN NASHVILLE POLICE DEPT,20150954400,Davidson,Nashville,10/14/2015 4:00:00 PM,2,0,0,36.237690,-86.732680,BRILEY PKWY W EXT RAMP,,,,0.00,Feet,East,KINSINGTON DR,,,,0.00,N,Not at Intersection, ,Entrance/Exit Ramp Related,None,,,         ,Nathan,Dungan,Clear,"Sideswipe, Same Direction",no,no,no,no,no,False
100979169,METROPOLITAN NASHVILLE POLICE DEPT,20150954667,Davidson,Madison,10/14/2015 5:20:00 PM,3,0,0,36.264880,-86.738050,OLD HICKORY BLVDW,,,,75.00,Feet,East,I65 S ENT RAMP,,,,0.00,N,Not at Intersection,N,Non-Junction,None,,,         ,Nathan,Dungan,Clear,Front to Rear,no,no,no,no,no,False
100979170,METROPOLITAN NASHVILLE POLICE DEPT,20150954998,Davidson,Madison,10/14/2015 7:20:00 PM,2,0,0,36.271270,-86.689660,MYATT DR,,,,309.00,Feet,South,ANDERSON LN,,,,0.00,N,Not at Intersection,N,"Driveway, Alley Access, etc",None,,,         ,Nathan,Dungan,Clear,Angle,no,no,no,no,no,False
100979171,METROPOLITAN NASHVILLE POLICE DEPT,20150955375,Davidson,Nashville,10/14/2015 6:20:00 PM,2,0,0,36.129950,-86.816750,I 440,,,,0.00,,,,,,,2.00,N,Not at Intersection, ,,None,,,         ,Eric,Harvey,,,no,no,no,no,no,False
100979179,METROPOLITAN NASHVILLE POLICE DEPT,20150954138,Davidson,Nashville,10/14/2015 1:48:00 PM,2,0,0,36.045450,-86.712430,OLD HICKORY BLVD,,,,246.00,Feet,East,NOLENSVILLE PKE,,,,0.00,N,Not at Intersection,N,Non-Junction,None,,,         ,William,Durham,Clear,Front to Rear,no,no,no,no,no,False
100979180,METROPOLITAN NASHVILLE POLICE DEPT,20150954474,Davidson,Nashville,10/14/2015 4:22:00 PM,3,0,0,36.076400,-86.693980,I 24,,,,0.00,,,,,,,56.50,N,Not at Intersection,N,Non-Junction,None,,,         ,William,Durham,Clear,Front to Rear,no,no,no,no,yes,False
100979181,METROPOLITAN NASHVILLE POLICE DEPT,20150954735,Davidson,Nashville,10/14/2015 5:44:00 PM,2,0,0,36.110030,-86.720830,BRILEY PKWYS,,,,72.00,Feet,West,I24 W EXT RAMP,,,,0.00,N,Not at Intersection,N,Non-Junction,None,,,         ,William,Durham,Clear,"Sideswipe, Same Direction",no,no,no,no,yes,False
100979182,METROPOLITAN NASHVILLE POLICE DEPT,20150954966,Davidson,Nashville,10/14/2015 6:35:00 PM,3,0,0,36.048910,-86.691130,ROXANNE DR,,,,467.00,Feet,East,LOU CT,,,,0.00,N,Not at Intersection, ,Non-Junction,None,,,         ,William,Durham,Clear,HeadOn,no,no,no,no,no,False
100979185,THP District 3 - Nashville,315051296,Davidson,Nashville,10/6/2015 5:07:00 PM,2,0,0,36.143400,-86.703980,I 40,,,,0.00,,,,,,,214.50,N,Not at Intersection,Y,Entrance/Exit Ramp Related,None,,,         ,William,Matsunaga,Clear,"Sideswipe, Same Direction",no,no,no,no,no,False
100979188,METROPOLITAN NASHVILLE POLICE DEPT,20150955017,Davidson,Nashville,10/14/2015 7:31:00 PM,2,0,0,36.193000,-86.775530,I 24,,,,0.00,,,,,,,46.70,N,Not at Intersection,N,Non-Junction,None,,,         ,Joshua,Reece,Clear,Front to Rear,no,no,no,no,no,False
100979194,METROPOLITAN NASHVILLE POLICE DEPT,20150954183,Davidson,Nashville,10/14/2015 2:30:00 PM,2,0,0,36.154400,-86.759900,I 40,,,,0.00,,,,,,,211.00,N,Not at Intersection,N,Non-Junction,None,,,         ,Leslie,Hale,Clear,"Sideswipe, Same Direction",no,no,no,no,no,False
100979198,METROPOLITAN NASHVILLE POLICE DEPT,2015-0954133,Davidson,Nashville,10/14/2015 2:15:00 PM,2,0,0,36.174480,-86.761060,MAIN ST,,,,40.00,Feet,West,S 7TH ST,,,,0.00,N,Not at Intersection, ,Non-Junction,None,,,         ,Ryan,Howard,Clear,Front to Rear,no,no,no,no,no,False
100979199,METROPOLITAN NASHVILLE POLICE DEPT,20150955311,Davidson,Not in City Limit,10/14/2015 8:45:00 PM,2,1,0,36.264210,-86.734820,OLD HICKORY BLVDW,,,,109.00,Feet,East,BOYDS HILLTOP DR,,,,0.00,N,Not at Intersection,N,Non-Junction,None,,,         ,Jerry,Pirtle,Cloudy,Front to Rear,no,no,no,no,yes,False
100979205,METROPOLITAN NASHVILLE POLICE DEPT,20150954052,Davidson,Nashville,10/14/2015 2:20:00 PM,1,1,0,36.095420,-86.624890,BELL RD,,,,561.00,Feet,North,HARBOR LIGHTS DR,,,,0.00,N,Not at Intersection,N,Non-Junction,None,,,         ,Timothy,Mead,Clear,Not Collision with Motor Vehicle in Transport,no,no,no,no,no,False
100979206,METROPOLITAN NASHVILLE POLICE DEPT,20150955300,Davidson,Not in City Limit,10/14/2015 9:05:00 PM,2,2,0,36.263070,-86.711920,STATE RT 45,,,,0.00,,,GALLATIN PKEN,,,,0.00,Y,Four-Way,N,Intersection,None,,,         ,Rodney,Phipps,Clear,HeadOn,no,no,no,no,no,False
100979211,METROPOLITAN NASHVILLE POLICE DEPT,20150952860,Davidson,Nashville,10/14/2015 6:30:00 AM,2,0,0,36.154880,-86.762190,HERMITAGE AV,,,,0.00,,,I40 W ENT RAMP,,,,0.00,Y,T-Intersection, ,Entrance/Exit Ramp Related,Construction Zone,,,         ,Doyle,Wilhoite,Clear,"Sideswipe, Same Direction",no,no,no,no,no,False
100979219,METROPOLITAN NASHVILLE POLICE DEPT,20150954815,Davidson,Nashville,10/14/2015 12:00:00 AM,2,0,0,36.164970,-86.825150,ALAMEDA ST,,,,0.00,,,32ND AVN,,,,0.00,Y,Four-Way, ,Intersection,None,,,         ,Michael,Brooks,Clear,Angle,no,no,no,no,no,False
100979233,METROPOLITAN NASHVILLE POLICE DEPT,20150955975,Davidson,Nashville,10/15/2015 1:30:00 AM,1,0,0,36.157440,-86.635680,STEWARTS FERRY PKE,,,,64.00,Feet,East,MCCRORY CREEK RD,,,,0.00,N,Not at Intersection,N,Non-Junction,None,,,         ,Curtis,Fisher,Clear,Not Collision with Motor Vehicle in Transport,no,no,no,no,no,False
100979237,METROPOLITAN NASHVILLE POLICE DEPT,20150952802,Davidson,Not in City Limit,10/14/2015 5:40:00 AM,2,1,0,36.318400,-86.839730,I 24,,,,0.00,,,,,,,36.75,N,Not at Intersection,N,Non-Junction,None,,,         ,Eric,Mumaw,Clear,"Sideswipe, Same Direction",no,no,no,no,no,False
100979244,METROPOLITAN NASHVILLE POLICE DEPT,2015-0955944,Davidson,Nashville,10/15/2015 1:20:00 AM,1,0,0,36.165150,-86.823910,ALAMEDA ST,,,,0.00,,,31ST AVN,,,,0.00,Y,T-Intersection,N,Intersection,None,,,         ,Cameron,Brown,Clear,Not Collision with Motor Vehicle in Transport,no,no,no,no,yes,False
100979245,METROPOLITAN NASHVILLE POLICE DEPT,20150956080,Davidson,Nashville,10/15/2015 12:00:00 AM,1,0,0,36.213580,-86.736040,HART LN,,,,0.00,,,HILLTOP LN,,,,0.00,Y,T-Intersection,N,Non-Junction,None,,,         ,Andrew,Mrosla,Clear,Not Collision with Motor Vehicle in Transport,no,no,no,no,yes,False
100979249,METROPOLITAN NASHVILLE POLICE DEPT,20150955696,Davidson,Nashville,10/14/2015 12:00:00 AM,2,0,0,36.181690,-86.749120,CALVIN AV,,,,40.00,Feet,East,GALLATIN AV,,,,0.00,N,Not at Intersection,N,Non-Junction,None,,,         ,Joshua,Lefler,Clear,Front to Rear,no,no,no,no,yes,False
100979256,METROPOLITAN NASHVILLE POLICE DEPT,20150 952841,Davidson,Nashville,10/14/2015 6:15:00 AM,2,2,0,36.135800,-86.725040,MURFREESBORO PKE,,,,0.00,,,SPENCE LN,,,,0.00,Y,OTHER,N,Non-Junction,None,,,         ,James,Jensen,Cloudy,Angle,no,no,no,no,no,False
100979273,METROPOLITAN NASHVILLE POLICE DEPT,2015-0953221,Davidson,Nashville,10/14/2015 8:33:00 AM,2,1,0,36.168680,-86.666910,LEBANON PKE,,,,0.00,,,J B ESTILLE DR,,,,0.00,Y,Four-Way,N,Intersection,None,,,         ,Jeb,Johnston,Cloudy,Front to Rear,no,no,no,no,no,False
100979275,METROPOLITAN NASHVILLE POLICE DEPT,20150956519,Davidson,Nashville,10/15/2015 6:36:00 AM,2,0,0,36.230170,-86.771240,I 65,,,,0.00,,,,,,,89.00,N,Not at Intersection, ,,Construction Zone,,,         ,Ryan,Kozlowski,,,no,no,no,no,no,False
100979277,METROPOLITAN NASHVILLE POLICE DEPT,2015-0947202,Davidson,Nashville,10/12/2015 11:29:00 AM,2,1,0,36.152240,-86.625070,BELL RD,,,,0.00,,,BLACKWOOD DR,,,,0.00,Y,Four-Way,N,Intersection,None,,,         ,Jeb,Johnston,Cloudy,Front to Rear,no,no,no,no,no,False
100979278,METROPOLITAN NASHVILLE POLICE DEPT,2015-0949588,Davidson,Nashville,10/13/2015 7:58:00 AM,2,0,0,36.166410,-86.654440,STEWARTS FERRY PKE,,,,146.00,Feet,West,BLUE BRICK DR,,,,0.00,N,Not at Intersection, ,Non-Junction,None,,,         ,Jeb,Johnston,Clear,Front to Rear,no,no,no,no,no,False