master_record_number,agency,agency_tracking_number,county,city,collision_date,vehicles_involved,number_injured,number_dead,latitude,longitude,roadway_name,roadway_suffix,roadway_number,roadway_local_id,distance_from_reference,miles-feet_indicator,direction_from_reference,intersection_road_name,intersection_road_name_suffix,intersection_road_number,intersection_local_id,mile_marker,intersection_indicator,intersect_type,interchange_related_indicator,relation_to_junction,work_zone_type,construction_maintenance_zone,construction_maintenance_zone_location,fatal_case_number,officer_first_name,officer_last_name,weather_condition(s),manner_of_crash,pedestrian,bicycle,scooter,parking,hitrun,mou
100979283,METROPOLITAN NASHVILLE POLICE DEPT,20150956536,Davidson,Nashville,10/15/2015 6:45:00 AM,2,0,0,36.039530,-86.781720,I65 N EXT RAMP,,,,0.00,,,OLD HICKORY BLVD,,,,0.00,Y,Y-Intersection,N,Entrance/Exit Ramp Related,None,,,         ,Nathan,Kemp,Clear,Front to Rear,no,no,no,no,no,False
100979284,METROPOLITAN NASHVILLE POLICE DEPT,20150953241,Davidson,Nashville,10/14/2015 9:21:00 AM,2,0,0,36.068220,-86.737040,EDMONDSON PKE,,,,222.00,Feet,North,BRIARWOOD DR,,,,0.00,N,Not at Intersection,N,Non-Junction,None,,,         ,Benjamin,Spees,Clear,"Sideswipe, Same Direction",no,no,no,no,no,False
100979296,METROPOLITAN NASHVILLE POLICE DEPT,20150956441,Davidson,Nashville,10/15/2015 5:48:00 AM,2,0,0,36.176960,-86.775430,SPRING ST,,,,250.00,Feet,West,N 1ST ST,,,,0.00,N,Not at Intersection, ,Non-Junction,None,,,         ,Audrean,Manquero,Clear,"Sideswipe, Same Direction",no,no,no,no,no,False
100979300,METROPOLITAN NASHVILLE POLICE DEPT,20150956666,Davidson,Nashville,10/15/2015 7:49:00 AM,2,0,0,36.040130,-86.780740,OLD HICKORY BLVD,,,,0.00,,,I65 N ENT RAMP,,,,0.00,Y,Four-Way,N,Entrance/Exit Ramp Related,None,,,         ,Nathan,Kemp,Clear,Front to Rear,no,no,no,no,no,False
100979302,METROPOLITAN NASHVILLE POLICE DEPT,20150956588,Davidson,Nashville,10/15/2015 12:00:00 AM,1,0,0,36.104990,-86.818880,BANDYWOOD DR,,,,196.00,Feet,East,HILLSBORO CIR,,,,0.00,N,Not at Intersection,N,Non-Junction,None,,,         ,Corteze,Armstrong,Unknown,Not Collision with Motor Vehicle in Transport,no,no,no,no,yes,False
100979303,METROPOLITAN NASHVILLE POLICE DEPT,20150956623,Davidson,Nashville,10/15/2015 7:25:00 AM,2,0,0,36.255010,-86.715230,MADISON BLVD,,,,0.00,,,GALLATIN PKES,,,,0.00,Y,OTHER, ,Non-Junction,None,,,         ,Eric,Richardson,Clear,Front to Rear,no,no,no,no,no,False
100979306,METROPOLITAN NASHVILLE POLICE DEPT,20150956580,Davidson,Nashville,10/15/2015 7:14:00 AM,2,2,0,36.045190,-86.715880,OLD HICKORY BLVD,,,,322.00,Feet,West,BRENTWOOD EAST DR,,,,0.00,N,Not at Intersection,N,Non-Junction,None,,,         ,Arthur,Hummell,Clear,Angle,no,no,no,no,no,False
100979309,METROPOLITAN NASHVILLE POLICE DEPT,20150953891,Davidson,Goodlettsville,10/14/2015 1:22:00 PM,2,0,0,36.304710,-86.688980,GALLATIN PKEN,,,,0.00,,,LIBERTY LN,,,,0.00,Y,Four-Way, ,Intersection,None,,,         ,Ronald,Raynore,Clear,Front to Rear,no,no,no,no,no,False
100979321,METROPOLITAN NASHVILLE POLICE DEPT,2015-0956547,Davidson,Antioch,10/15/2015 6:30:00 AM,2,0,0,36.032670,-86.569650,HAMILTON CHURCH,RD,,,873.00,Feet,South,MT VIEW,RD,,,0.00,N,Not at Intersection,N,Non-Junction,None,,,         ,William,Whitworth,Clear,"Sideswipe, Opposite Direction",no,no,no,no,no,False
100979329,METROPOLITAN NASHVILLE POLICE DEPT,20150956621,Davidson,Nashville,10/15/2015 7:35:00 AM,2,1,0,36.131880,-86.895530,CHARLOTTE PKE,,,,0.00,,,I40 E ENT RAMP,,,,0.00,Y,Four-Way,N,Intersection,None,,,         ,Kyle,Arndt,Clear,Front to Rear,no,no,no,no,no,False
100979332,METROPOLITAN NASHVILLE POLICE DEPT,20150956553,Davidson,Nashville,10/15/2015 7:00:00 AM,2,2,0,36.252780,-86.709920,MADISON BLVD,,,,0.00,,,WALNUT ST,,,,0.00,Y,Four-Way,N,Intersection,None,,,         ,Caleb,Foster,Clear,Angle,no,no,no,no,no,False
100979343,METROPOLITAN NASHVILLE POLICE DEPT,2015-0956727,Davidson,Nashville,10/15/2015 8:14:00 AM,2,0,0,36.024300,-86.742390,MT PISGAH RD,,,,0.00,,,EDMONDSON PKE,,,,0.00,Y,Four-Way,Y,Intersection,None,,,         ,Benjamin,Spees,Clear,Angle,no,no,no,no,yes,False
100979354,METROPOLITAN NASHVILLE POLICE DEPT,20150956662,Davidson,Nashville,10/15/2015 7:46:00 AM,2,0,0,36.221700,-86.761670,HART LN,,,,0.00,,,DICKERSON PKE,,,,0.00,Y,Four-Way,N,Intersection,None,,,         ,William,Crowe,Clear,Angle,no,no,no,no,no,False
100979358,METROPOLITAN NASHVILLE POLICE DEPT,20150956654,Davidson,Nashville,10/15/2015 7:40:00 AM,2,0,0,36.044400,-86.657190,I 24,,,,0.00,,,,,,,59.50,N,Not at Intersection, ,Non-Junction,None,,,         ,Ian,Hammond,Clear,Angle,no,no,no,no,no,False
100979359,METROPOLITAN NASHVILLE POLICE DEPT,20150956810,Davidson,Nashville,10/15/2015 8:30:00 AM,2,0,0,36.176570,-86.765780,ELLINGTON PKWYS,,,,240.00,Feet,North,SPRING ST ENT RAMP,,,,0.00,N,Not at Intersection, ,Non-Junction,None,,,         ,Sheila,Nidiffer,Clear,Front to Rear,no,no,no,no,no,False
100979360,METROPOLITAN NASHVILLE POLICE DEPT,20150956649,Davidson,Nashville,10/15/2015 7:38:00 AM,2,0,0,36.195580,-86.776150,FERN AV,,,,4.00,Feet,South,BRICK CHURCH PKE,,,,0.00,N,Not at Intersection, ,Non-Junction,None,,,         ,Ernie,Wilson,Clear,"Sideswipe, Same Direction",no,no,no,no,yes,False
100979361,METROPOLITAN NASHVILLE POLICE DEPT,20150956734,Davidson,Not in City Limit,10/15/2015 8:18:00 AM,2,1,0,36.316120,-86.864430,UNION HILL RD,,,,433.00,Feet,East,WHITES CREEK PKE,,,,0.00,N,Not at Intersection,N,Non-Junction,None,,,         ,Ky,Luu,Clear,Angle,no,no,no,no,no,False
100979370,METROPOLITAN NASHVILLE POLICE DEPT,20150956758,Davidson,Nashville,10/15/2015 8:00:00 AM,2,2,0,36.220990,-86.624930,OLD HICKORY BLVD,,,,87.00,Feet,North,SOUTHFORK BLVD,,,,0.00,N,Not at Intersection,N,Non-Junction,None,,,         ,Phillip,Black,Clear,Angle,no,no,no,no,no,False
100979374,METROPOLITAN NASHVILLE POLICE DEPT,20150956622,Davidson,Nashville,10/15/2015 7:25:00 AM,2,0,0,0.000000,0.000000,I40 WEST,,,,10.00,Feet,East,,,,,219.40,N,Not at Intersection, ,Non-Junction,None,,,         ,Caleb,Jernigan,Clear,"Sideswipe, Same Direction",no,no,no,no,no,False
100979378,METROPOLITAN NASHVILLE POLICE DEPT,20150956711,Davidson,Nashville,10/15/2015 8:05:00 AM,2,2,0,36.080280,-86.645430,MURFREESBORO PKE,,,,377.00,Feet,North,SCOTT VALLEY DR,,,,0.00,N,Not at Intersection,N,Non-Junction,None,,,         ,Tyler,McDaniel,Clear,Front to Rear,no,no,no,no,no,False
100979389,METROPOLITAN NASHVILLE POLICE DEPT,20150956786,Davidson,Nashville,10/15/2015 8:32:00 AM,2,0,0,36.187920,-86.798480,ROSA L PARKS BLVD,,,,0.00,,,DOMINICAN DR,,,,0.00,Y,Four-Way, ,Intersection,None,,,         ,Nathan,Mayo,Clear,Front to Rear,no,no,no,no,no,False
100979390,METROPOLITAN NASHVILLE POLICE DEPT,20150956637,Davidson,Nashville,10/15/2015 7:38:00 AM,2,2,0,36.097200,-86.708860,I 24,,,,0.00,,,,,,,54.80,N,Not at Intersection,N,Non-Junction,None,,,         ,Megan,Arnett,Clear,Front to Rear,no,no,no,no,no,False
100979407,METROPOLITAN NASHVILLE POLICE DEPT,20150956726,Davidson,Nashville,10/15/2015 8:13:00 AM,2,0,0,36.198870,-86.808240,GREAT CIRCLE RD,,,,0.00,Feet,East,MAINSTREAM DR,,,,0.00,N,Not at Intersection, ,Non-Junction,None,,,         ,Ernie,Wilson,Clear,Angle,no,no,no,no,no,False
100979415,METROPOLITAN NASHVILLE POLICE DEPT,20150957041,Davidson,Nashville,10/15/2015 10:23:00 AM,2,2,0,36.186770,-86.631640,CENTRAL PKE,,,,0.00,,,LEBANON PKE,,,,0.00,Y,Four-Way,N,Intersection,None,,,         ,William,Mckay,Clear,Front to Rear,no,no,no,no,no,False
100979421,METROPOLITAN NASHVILLE POLICE DEPT,2015-0954467,Davidson,Nashville,10/14/2015 4:09:00 PM,2,0,0,36.127160,-86.850520,WHITE BRIDGE PKE,,,,56.00,Feet,East,NES PVTDR,,,,0.00,N,Not at Intersection, ,Non-Junction,None,,,         ,Walter,Gray II,Clear,Front to Rear,no,no,no,no,no,False
100979422,METROPOLITAN NASHVILLE POLICE DEPT,2015-0954797,Davidson,Nashville,10/14/2015 5:56:00 PM,2,1,0,36.154120,-86.836710,I 40,,,,0.00,,,,,,,205.10,N,Not at Intersection,N,Non-Junction,None,,,         ,Walter,Gray II,Clear,Front to Rear,no,no,no,no,no,False
100979428,METROPOLITAN NASHVILLE POLICE DEPT,2015-0956593,Davidson,Nashville,10/15/2015 7:15:00 AM,2,0,0,36.197010,-86.742060,GALLATIN AV,,,,0.00,,,GALLATIN PKE,,,,0.00,Y,T-Intersection, ,Intersection,None,,,         ,Coleman,Womack,Clear,Front to Rear,no,no,no,no,no,False
100979432,METROPOLITAN NASHVILLE POLICE DEPT,20150956543,Davidson,Nashville,10/15/2015 6:42:00 AM,2,1,0,36.080760,-86.632570,RAVINE DR,,,,0.00,,,SAILBOAT DR,,,,0.00,Y,T-Intersection,N,Intersection-Related,None,,,         ,James,Curtis,Clear,Front to Rear,no,no,no,no,no,False
100979433,METROPOLITAN NASHVILLE POLICE DEPT,20150956919,Davidson,Nashville,10/15/2015 9:32:00 AM,2,2,0,36.167660,-86.663320,LEBANON PKE,,,,0.00,,,DONELSON PKE,,,,0.00,Y,T-Intersection,N,Intersection-Related,None,,,         ,James,Curtis,Clear,Front to Rear,no,no,no,no,no,False
100979434,METROPOLITAN NASHVILLE POLICE DEPT,20150957083,Davidson,Nashville,10/15/2015 10:43:00 AM,2,0,0,36.185300,-86.636500,JACKSON DOWNS BLVD,,,,0.00,,,LEBANON PKE,,,,0.00,Y,T-Intersection, ,Intersection-Related,None,,,         ,James,Curtis,Clear,Front to Rear,no,no,no,no,no,False
100979439,METROPOLITAN NASHVILLE POLICE DEPT,20150956751,Davidson,Nashville,10/15/2015 7:45:00 AM,2,1,0,36.167660,-86.663320,LEBANON PKE,,,,0.00,,,DONELSON PKE,,,,0.00,Y,T-Intersection,N,Intersection,None,,,         ,Sandra,Fly,Clear,Front to Rear,no,no,no,no,no,False
100979441,METROPOLITAN NASHVILLE POLICE DEPT,2015-0956875,Davidson,Nashville,10/15/2015 9:05:00 AM,2,0,0,36.209020,-86.775910,I65 N ENT RAMP,,,,0.00,,,I 65,,,,0.00,Y,OTHER,Y,Entrance/Exit Ramp Related,Construction Zone,Laneclosure,Activity Area,         ,Coleman,Womack,Clear,"Sideswipe, Same Direction",no,no,no,no,no,False
100979457,METROPOLITAN NASHVILLE POLICE DEPT,2015-0957177,Davidson,Nashville,10/15/2015 11:26:00 AM,2,0,0,36.126340,-86.845710,HARDING PKE,,,,86.00,Feet,West,RIDGEFIELD WAY,,,,0.00,N,Not at Intersection, ,"Driveway, Alley Access, etc",None,,,         ,Walter,Gray II,Clear,Angle,no,no,no,no,no,False
100979459,METROPOLITAN NASHVILLE POLICE DEPT,20150956661,Davidson,Nashville,10/15/2015 7:30:00 AM,2,0,0,36.228500,-86.772280,I 65,,,,0.00,,,,,,,88.90,N,Not at Intersection, ,Non-Junction,Construction Zone,,,         ,Martin,Gonzalez,Clear,Not Collision with Motor Vehicle in Transport,no,no,no,no,no,False
100979461,METROPOLITAN NASHVILLE POLICE DEPT,20150957210,Davidson,Nashville,10/15/2015 12:08:00 PM,2,0,0,36.150020,-86.858550,CHARLOTTE PKE,,,,182.00,Feet,West,WHITE BRIDGE PKE,,,,0.00,N,Not at Intersection, ,,None,,,         ,Kyle,Arndt,,,no,no,no,no,no,False
100979463,METROPOLITAN NASHVILLE POLICE DEPT,20150957266,Davidson,Nashville,10/15/2015 12:00:00 PM,2,0,0,36.037400,-86.786570,FRANKLIN PKE,,,,0.00,,,OLD HICKORY BLVD,,,,0.00,Y,Four-Way, ,,None,,,         ,Nathan,Kemp,,,no,no,no,no,no,False
100979465,METROPOLITAN NASHVILLE POLICE DEPT,20150957214,Davidson,Nashville,10/15/2015 11:45:00 AM,2,0,0,36.164570,-86.776910,2ND AVN,,,,0.00,,,CHURCH ST,,,,0.00,Y,T-Intersection,Y,Intersection,None,,,         ,Michael,Johnson,Cloudy,Angle,no,no,no,no,no,False
100979476,METROPOLITAN NASHVILLE POLICE DEPT,2015-0946468,Davidson,Nashville,10/12/2015 6:37:00 AM,2,4,0,36.139560,-86.734530,MURFREESBORO PKE,,,,411.00,Feet,West,ARLINGTON AV,,,,0.00,N,Not at Intersection,N,Non-Junction,None,,,         ,William,Whitworth,Cloudy,Front to Rear,no,no,no,no,no,False
100979477,METROPOLITAN NASHVILLE POLICE DEPT,20150957047,Davidson,Nashville,10/15/2015 10:20:00 AM,2,0,0,36.013331,-86.620653,OLD HICKORY BLVD,,,,0.00,,,I 24 EXIT RAMP,,,,0.00,Y,OTHER, ,,None,,,         ,Ian,Hammond,,,no,no,no,no,no,False
100979480,METROPOLITAN NASHVILLE POLICE DEPT,20150957225,Davidson,Nashville,10/15/2015 11:44:00 AM,2,1,0,36.167960,-86.821690,JOHN A MERRITT BLVD,,,,87.00,Feet,West,29TH AVN,,,,0.00,N,Not at Intersection,N,Non-Junction,None,,,         ,Ernie,Wilson,Clear,Front to Rear,no,no,no,no,no,False
100979481,METROPOLITAN NASHVILLE POLICE DEPT,20150940047,Davidson,Nashville,10/9/2015 1:51:00 PM,2,1,0,36.146390,-86.816360,BURCH AV,,,,0.00,,,31ST AVN,,,,0.00,Y,Four-Way,N,Intersection,None,,,         ,Darrell,Osment,Rain,Not Collision with Motor Vehicle in Transport,no,no,no,no,no,False
100979482,METROPOLITAN NASHVILLE POLICE DEPT,20150953999,Davidson,Nashville,10/14/2015 2:02:00 PM,2,0,0,36.146230,-86.813300,28TH AVN,,,,0.00,,,POSTON AV,,,,0.00,Y,Four-Way,N,Intersection,None,,,         ,Darrell,Osment,Clear,"Sideswipe, Same Direction",no,no,no,no,no,Campus
100979489,METROPOLITAN NASHVILLE POLICE DEPT,20150957375,Davidson,Nashville,10/15/2015 12:45:00 PM,1,1,0,36.144150,-86.813670,29TH AVS,,,,0.00,Feet,West,WEST END AV,,,,0.00,N,Not at Intersection,N,Non-Junction,None,,,         ,Nathan,Kemp,Clear,Not Collision with Motor Vehicle in Transport,no,no,no,no,no,Campus
100979491,METROPOLITAN NASHVILLE POLICE DEPT,2015-0957373,Davidson,Nashville,10/15/2015 12:43:00 PM,2,1,0,36.140740,-86.878490,CHARLOTTE PKE,,,,131.00,Feet,West,RUSSLEO DR,,,,0.00,N,Not at Intersection,N,Non-Junction,None,,,         ,Walter,Gray II,Clear,Angle,no,no,no,no,no,False
100979492,METROPOLITAN NASHVILLE POLICE DEPT,20150957317,Davidson,Nashville,10/15/2015 12:12:00 PM,2,0,0,36.081720,-86.760620,HARDING PL,,,,348.00,Feet,East,SIDCO DR,,,,0.00,N,Not at Intersection, ,Non-Junction,None,,,         ,Arthur,Hummell,Clear,"Sideswipe, Same Direction",no,no,no,no,no,False
100979494,METROPOLITAN NASHVILLE POLICE DEPT,20150957310,Davidson,Nashville,10/15/2015 12:18:00 PM,2,0,0,36.172610,-86.649480,LEBANON PKE,,,,0.00,,,DISSPAYNE DR,,,,0.00,Y,Four-Way, ,Intersection,None,,,         ,Wesley,Young,Clear,Angle,no,no,no,no,no,False
100979495,METROPOLITAN NASHVILLE POLICE DEPT,2015-0957384,Davidson,Nashville,10/15/2015 12:48:00 PM,2,0,0,36.168800,-86.600750,OLD HICKORY BLVD,,,,317.00,Feet,South,OLD HICKORY BLVD,,,,0.00,,Not at Intersection, ,Non-Junction,None,,,         ,Jeb,Johnston,Clear,Front to Rear,no,no,no,yes,yes,False
100979500,METROPOLITAN NASHVILLE POLICE DEPT,20150953791,Davidson,Nashville,10/14/2015 12:40:00 PM,1,0,0,36.094700,-86.707110,I 24,,,,0.00,,,,,,,55.00,N,Not at Intersection,N,Non-Junction,None,,,         ,Todd,Watson,Clear,Not Collision with Motor Vehicle in Transport,no,no,no,no,no,False
100979502,METROPOLITAN NASHVILLE POLICE DEPT,20150957441,Davidson,Nashville,10/15/2015 1:20:00 PM,1,1,0,36.145210,-86.812480,28TH AVN,,,,66.00,Feet,North,WEST END AV,,,,0.00,N,Not at Intersection,N,Non-Junction,None,,,         ,Nathan,Kemp,Clear,Not Collision with Motor Vehicle in Transport,yes,no,no,no,no,Campus
100979506,METROPOLITAN NASHVILLE POLICE DEPT,20150953314,Davidson,Nashville,10/14/2015 9:41:00 AM,3,1,0,36.160240,-86.782930,US HWY 31,,,,0.00,,,COMMERCE ST,,,,0.00,Y,Four-Way,N,Intersection,None,,,         ,William,Vincion,Clear,Angle,no,no,no,no,no,False
100979507,METROPOLITAN NASHVILLE POLICE DEPT,20150957410,Davidson,Nashville,10/15/2015 12:45:00 PM,2,0,0,36.075870,-86.728410,EDMONDSON PKE,,,,956.00,Feet,West,WALLACE RD,,,,0.00,N,Not at Intersection, ,Non-Junction,None,,,         ,Marc,Haugen,Clear,Front to Rear,no,no,no,no,no,False
100979508,METROPOLITAN NASHVILLE POLICE DEPT,2015-0954933,Davidson,Nashville,10/14/2015 6:45:00 PM,2,0,0,36.151460,-86.857740,WHITE BRIDGE PKE,,,,0.00,,,I40 E ENT RAMP,,,,0.00,Y,Four-Way, ,Intersection,None,,,         ,Christopher,Clark,Clear,Front to Rear,no,no,no,no,no,False
100979512,METROPOLITAN NASHVILLE POLICE DEPT,2015-0954434,Davidson,Nashville,10/14/2015 4:00:00 PM,2,0,0,36.121550,-86.807400,HILLSBORO PKE,,,,0.00,,,I440 E ENT RAMP,,,,0.00,Y,T-Intersection, ,,None,,,         ,Christopher,Clark,,,no,no,no,no,no,False
100979513,METROPOLITAN NASHVILLE POLICE DEPT,20150957269,Davidson,Nashville,10/15/2015 11:45:00 AM,2,0,0,36.169940,-86.769770,WOODLAND ST,,,,250.00,Feet,East,S 2ND ST,,,,0.00,N,Not at Intersection,N,Non-Junction,None,,,         ,Catherine,Poole,Clear,Angle,no,no,no,yes,yes,False
100979518,METROPOLITAN NASHVILLE POLICE DEPT,20150957095,Davidson,Nashville,10/15/2015 10:30:00 AM,2,0,0,0.000000,0.000000,OLD HICKORY BLVD,BLVD,SR000,,0.00,,,LOGISTIC,WAY,US,,0.00,Y,T-Intersection,N,Entrance/Exit Ramp Related,None,,,         ,Brian,Penny,Clear,Front to Rear,no,no,no,no,no,False
100979522,METROPOLITAN NASHVILLE POLICE DEPT,20150957403,Davidson,Nashville,10/15/2015 12:50:00 PM,2,0,0,36.166440,-86.764840,I 24,,,,0.00,,,,,,,49.00,N,Not at Intersection,N,Non-Junction,None,,,         ,Michael,Johnson,Clear,Front to Rear,no,no,no,no,no,False
100979527,METROPOLITAN NASHVILLE POLICE DEPT,20150956648,Davidson,Antioch,10/15/2015 7:20:00 AM,2,0,0,36.009930,-86.612310,GOULD,,US1010,,0.00,,,,,SR,,0.00,Y,T-Intersection, ,Intersection-Related,None,,,         ,Julius,Gallon,Clear,"Sideswipe, Opposite Direction",no,no,no,no,no,False
100979528,METROPOLITAN NASHVILLE POLICE DEPT,20150957435,Davidson,Nashville,10/15/2015 1:10:00 PM,3,2,0,36.167990,-86.817980,JEFFERSON ST,,,,206.00,Feet,East,27TH AVN,,,,0.00,N,Not at Intersection,N,Non-Junction,None,,,         ,Ky,Luu,Clear,Front to Rear,no,no,no,no,no,False
100979536,METROPOLITAN NASHVILLE POLICE DEPT,20150954645,Davidson,Nashville,10/14/2015 5:14:00 PM,2,2,0,36.160700,-86.760560,I 24,,,,0.00,,,,,,,49.40,N,Not at Intersection,N,Non-Junction,None,,,         ,Felipe,Pereira,Clear,Front to Rear,no,no,no,no,yes,False
100979547,METROPOLITAN NASHVILLE POLICE DEPT,20150945210,Davidson,Nashville,10/11/2015 5:09:00 PM,2,0,0,36.242020,-86.749890,I 65,,,,0.00,,,,,,,90.50,N,Not at Intersection, ,Non-Junction,None,,,         ,Luis,Lopez,Clear,Front to Rear,no,no,no,no,yes,False
100979552,METROPOLITAN NASHVILLE POLICE DEPT,2015-0957504,Davidson,Not in City Limit,10/15/2015 1:05:00 PM,2,0,0,36.035370,-86.968410,HIGHWAY 100,,,,74.00,Feet,West,PASQUO RD,,,,0.00,N,Not at Intersection,N,Non-Junction,None,,,         ,Walter,Gray II,Clear,Front to Rear,no,no,no,no,no,False
100979554,METROPOLITAN NASHVILLE POLICE DEPT,2015-0954874,Davidson,Nashville,10/14/2015 6:25:00 PM,2,0,0,36.184780,-86.609930,ANDREW JACKSON PKWY,,,,463.00,Feet,North,OLD HICKORY BLVD,,,,0.00,N,Not at Intersection, ,Non-Junction,None,,,         ,Bradley,McIntyre,Clear,"Sideswipe, Same Direction",no,no,no,no,no,False
100979569,BERRY HILL POLICE DEPT,15-4049,Davidson,Berry Hill,10/9/2015 10:50:00 AM,3,0,0,36.112280,-86.766490,THOMPSON LN,,,,154.00,Feet,East,BRANSFORD AV,,,,0.00,N,Not at Intersection, ,Non-Junction,None,,,         ,John,Gleixner,Clear,Front to Rear,no,no,no,no,no,False
100979570,BERRY HILL POLICE DEPT,15-4051,Davidson,Berry Hill,10/14/2015 12:00:00 AM,2,0,0,36.112170,-86.765410,THOMPSON LN,,,,355.00,Feet,South,DOGWOOD PL,,,,0.00,N,Not at Intersection, ,Non-Junction,None,,,         ,John,Gleixner,Clear,Rear to Rear,no,no,no,yes,yes,False
100979578,METROPOLITAN NASHVILLE POLICE DEPT,20150957567,Davidson,Nashville,10/15/2015 2:16:00 PM,2,0,0,36.214970,-86.603630,LEBANON PKE,,,,330.00,Feet,East,SHUTE LN,,,,0.00,N,Not at Intersection,N,Non-Junction,None,,,         ,Wesley,Young,Clear,Angle,no,no,no,no,no,False
100979593,METROPOLITAN NASHVILLE POLICE DEPT,20150945504,Davidson,Nashville,10/11/2015 8:35:00 PM,2,0,0,36.152590,-86.834840,40TH AVN,,,,53.00,Feet,North,CHARLOTTE AV,,,,0.00,N,Not at Intersection,N,Non-Junction,None,,,         ,Torian,Cox,Clear,Not Collision with Motor Vehicle in Transport,no,no,no,no,no,False
100979594,METROPOLITAN NASHVILLE POLICE DEPT,2015-0957708,Davidson,Nashville,10/15/2015 2:04:00 PM,2,0,0,36.128140,-86.852220,WHITE BRIDGE PKE,,,,94.00,Feet,West,POST RD,,,,0.00,N,Not at Intersection, ,Non-Junction,None,,,         ,Walter,Gray II,Clear,Front to Rear,no,no,no,no,no,False
100979600,METROPOLITAN NASHVILLE POLICE DEPT,20150943224,Davidson,Nashville,10/10/2015 6:55:00 PM,2,1,0,36.086870,-86.696950,HARDING PL,,,,273.00,Feet,East,I24 W ENT RAMP,,,,0.00,N,Not at Intersection,N,Non-Junction,None,,,         ,Jared,Jenkins,Clear,Angle,no,no,no,no,no,False
100979603,METROPOLITAN NASHVILLE POLICE DEPT,20150957638,Davidson,Nashville,10/15/2015 2:50:00 PM,2,0,0,36.089640,-86.703000,I 24,,,,0.00,,,,,,,55.40,N,Not at Intersection,N,Non-Junction,None,,,         ,Jessie,Meadows,Clear,Front to Rear,no,no,no,no,yes,False
100979619,METROPOLITAN NASHVILLE POLICE DEPT,20150955230,Davidson,Nashville,10/14/2015 7:18:00 PM,2,0,0,36.078140,-86.725890,NOLENSVILLE PKE,,,,394.00,Feet,North,WALLACE RD,,,,0.00,N,Not at Intersection,N,OtherLocation,None,,,         ,William,Durham,Clear,Angle,no,no,no,yes,yes,False
100979620,METROPOLITAN NASHVILLE POLICE DEPT,20150957812,Davidson,Nashville,10/15/2015 4:09:00 PM,2,0,0,36.096040,-86.708200,I 24,,,,0.00,,,,,,,54.90,N,Not at Intersection,N,Non-Junction,None,,,         ,William,Durham,Clear,Front to Rear,no,no,no,no,no,False
100979631,METROPOLITAN NASHVILLE POLICE DEPT,20150957709,Davidson,Nashville,10/15/2015 2:00:00 PM,2,1,0,36.157340,-86.818640,28TH AVN,,,,50.00,Feet,South,TORBETT ST,,,,0.00,N,Not at Intersection,N,Non-Junction,None,,,         ,Garren,Hoskins,Clear,Front to Rear,no,no,no,no,no,False
100979633,METROPOLITAN NASHVILLE POLICE DEPT,2015-0957857,Davidson,Nashville,10/15/2015 3:45:00 PM,2,0,0,36.150030,-86.858500,CHARLOTTE PKE,,,,168.00,Feet,West,WHITE BRIDGE PKE,,,,0.00,N,Not at Intersection,N,Non-Junction,None,,,         ,Walter,Gray II,Clear,Front to Rear,no,no,no,no,yes,False
100979642,METROPOLITAN NASHVILLE POLICE DEPT,20150957898,Davidson,Nashville,10/15/2015 4:45:00 PM,2,0,0,36.040780,-86.779600,OLD HICKORY BLVD,,,,80.00,Feet,West,FRANKLIN PIKE CIR,,,,0.00,N,Not at Intersection,N,Non-Junction,None,,,         ,Eric,Burford,Clear,Front to Rear,no,no,no,no,yes,False
100979648,METROPOLITAN NASHVILLE POLICE DEPT,20150957818,Davidson,Nashville,10/15/2015 4:09:00 PM,2,0,0,36.153250,-86.794010,17TH AVS,,,,0.00,,,BROADWAY,,,,0.00,Y,Four-Way, ,Intersection-Related,None,,,         ,Tien,Nguyen,Clear,"Sideswipe, Same Direction",no,no,no,no,no,False
100979649,METROPOLITAN NASHVILLE POLICE DEPT,20150957950,Davidson,Nashville,10/15/2015 4:15:00 PM,2,0,0,36.155820,-86.795920,17TH AVN,,,,0.00,,,CHURCH ST,,,,0.00,Y,Four-Way,N,Intersection-Related,None,,,         ,Tien,Nguyen,Clear,"Sideswipe, Same Direction",no,no,no,no,yes,False
100979663,METROPOLITAN NASHVILLE POLICE DEPT,20150957847,Davidson,Nashville,10/15/2015 3:56:00 PM,2,0,0,36.121570,-86.872850,HICKORY VALLEY RD,,,,7.00,Feet,South,ELIZABETHAN DR,,,,0.00,N,Not at Intersection,N,Non-Junction,None,,,         ,Jeremy,Huffine,Clear,Angle,no,no,no,no,no,False
100979667,METROPOLITAN NASHVILLE POLICE DEPT,20150958011,Davidson,Nashville,10/15/2015 5:12:00 PM,2,0,0,36.157590,-86.772390,2ND AVS,,,,157.00,Feet,South,KOREAN VETERANS BLVD,,,,0.00,N,Not at Intersection,N,Non-Junction,None,,,         ,MIchael,Mihajlov,Clear,Front to Rear,no,no,no,no,yes,False
100979678,METROPOLITAN NASHVILLE POLICE DEPT,20150957989,Davidson,Nashville,10/15/2015 4:40:00 PM,2,0,0,36.153970,-86.845240,I40 W ENT RAMP,,,,0.00,Feet,East,I 40,,,,0.00,N,Not at Intersection, ,,None,,,         ,Jose,Salazar,,,no,no,no,no,no,False
100979682,METROPOLITAN NASHVILLE POLICE DEPT,20150957988,Davidson,Nashville,10/15/2015 5:17:00 PM,2,1,0,36.125670,-86.752500,NOLENSVILLE PKE,,,,72.00,Feet,South,GLENROSE AV,,,,0.00,N,Not at Intersection,N,Non-Junction,None,,,         ,Jessie,Meadows,Clear,Angle,no,no,no,no,no,False