master_record_number,agency,agency_tracking_number,county,city,collision_date,vehicles_involved,number_injured,number_dead,latitude,longitude,roadway_name,roadway_suffix,roadway_number,roadway_local_id,distance_from_reference,miles-feet_indicator,direction_from_reference,intersection_road_name,intersection_road_name_suffix,intersection_road_number,intersection_local_id,mile_marker,intersection_indicator,intersect_type,interchange_related_indicator,relation_to_junction,work_zone_type,construction_maintenance_zone,construction_maintenance_zone_location,fatal_case_number,officer_first_name,officer_last_name,weather_condition(s),manner_of_crash,pedestrian,bicycle,scooter,parking,hitrun,mou
100980194,METROPOLITAN NASHVILLE POLICE DEPT,20150960945,Davidson,Nashville,10/16/2015 2:51:00 PM,1,1,0,36.105160,-86.814350,HILLSBORO PKE,,,,150.00,Feet,North,RICHARD JONES RD,,,,0.00,N,Not at Intersection,N,Non-Junction,None,,,         ,Jacob,Crouch,Clear,Not Collision with Motor Vehicle in Transport,yes,no,no,yes,no,False
100980195,METROPOLITAN NASHVILLE POLICE DEPT,20150960993,Davidson,Nashville,10/16/2015 2:54:00 PM,2,0,0,36.082340,-86.727170,NOLENSVILLE PKE,,,,100.00,Feet,South,WELSHWOOD DR,,,,0.00,N,Not at Intersection,N,Non-Junction,None,,,         ,Eric,Burford,Clear,"Sideswipe, Same Direction",no,no,no,no,no,False
100980199,METROPOLITAN NASHVILLE POLICE DEPT,20150961118,Davidson,Nashville,10/16/2015 4:04:00 PM,2,0,0,36.146660,-86.785910,12TH AVS,,,,256.00,Feet,South,SOUTH ST,,,,0.00,N,Not at Intersection, ,Non-Junction,None,,,         ,Megan,Lamon,Clear,Front to Rear,no,no,no,no,no,False
100980207,METROPOLITAN NASHVILLE POLICE DEPT,20150960955,Davidson,Nashville,10/16/2015 2:50:00 PM,2,1,0,36.100300,-86.711630,I 24,,,,0.00,,,,,,,54.55,N,Not at Intersection,N,Non-Junction,None,,,         ,Victoria,Cunningham,Clear,Front to Rear,no,no,no,no,no,False
100980208,METROPOLITAN NASHVILLE POLICE DEPT,20150942790,Davidson,Nashville,10/10/2015 3:30:00 PM,2,0,0,36.059380,-86.707800,TUSCULUM RD,,,,79.00,Feet,West,PACKARD DR,,,,0.00,N,Not at Intersection,N,Non-Junction,None,,,         ,Jared,Jenkins,Clear,Front to Rear,no,no,no,no,yes,False
100980210,METROPOLITAN NASHVILLE POLICE DEPT,2015-0960646,Davidson,Nashville,10/16/2015 12:05:00 PM,4,3,0,36.045430,-86.703610,OLD HICKORY BLVD,,,,0.00,,,EULALA DR,,,,0.00,Y,Four-Way,N,Intersection,None,,,         ,William,Whitworth,Clear,HeadOn,no,no,no,no,no,False
100980234,GOODLETTSVILLE POLICE DEPT,15-38681,Davidson,Goodlettsville,10/16/2015 10:30:00 AM,2,1,0,36.322770,-86.705350,,,I65,,400.00,Feet,South,,,,,97.00,N,Not at Intersection,Y,Entrance/Exit Ramp Related,None,,,         ,John,Spencer,Clear,Front to Rear,no,no,no,no,no,False
100980235,METROPOLITAN NASHVILLE POLICE DEPT,20150961108,Davidson,Not in City Limit,10/16/2015 3:58:00 PM,2,0,0,36.262720,-86.705330,4TH AV,,,,0.00,,,E OLD HICKORY BLVD,,,,0.00,Y,T-Intersection, ,Non-Junction,None,,,         ,Luis,Lopez,Clear,Front to Rear,no,no,no,no,no,False
100980244,METROPOLITAN NASHVILLE POLICE DEPT,20150961159,Davidson,Nashville,10/16/2015 4:20:00 PM,2,2,0,36.179920,-86.643880,LEBANON PKE,,,,0.00,,,DANYACREST DR,,,,0.00,Y,Four-Way,N,Intersection,None,,,         ,Tyler,Conrads,Clear,Front to Rear,no,no,no,no,no,False
100980247,METROPOLITAN NASHVILLE POLICE DEPT,20150961169,Davidson,Nashville,10/16/2015 5:06:00 PM,2,0,0,36.105480,-86.717960,I 24,,,,0.00,,,,,,,54.05,N,Not at Intersection, ,Non-Junction,None,,,         ,Jared,Jenkins,Clear,Angle,no,no,no,no,no,False
100980248,METROPOLITAN NASHVILLE POLICE DEPT,2015-0961092,Davidson,Nashville,10/16/2015 3:51:00 PM,2,1,0,36.041140,-86.776210,OLD HICKORY BLVD,,,,0.00,,,BRENTWOOD COMMONS WAY,,,,0.00,Y,Four-Way,N,Intersection,None,,,         ,William,King,Clear,Angle,no,no,no,no,no,False
100980249,METROPOLITAN NASHVILLE POLICE DEPT,2015-0961106,Davidson,Nashville,10/16/2015 3:57:00 PM,2,0,0,36.040710,-86.779730,OLD HICKORY BLVD,,,,125.00,Feet,West,FRANKLIN PIKE CIR,,,,0.00,N,Not at Intersection, ,Non-Junction,None,,,         ,William,King,Clear,Front to Rear,no,no,no,no,no,False
100980250,METROPOLITAN NASHVILLE POLICE DEPT,20150961105,Davidson,Nashville,10/16/2015 4:09:00 PM,2,0,0,36.085560,-86.647970,MURFREESBORO PKE,,,,536.00,Feet,South,UNA ANTIOCH PKE,,,,0.00,N,Not at Intersection, ,Non-Junction,None,,,         ,Austin,Childress,Clear,Front to Rear,no,no,no,no,no,False
100980251,METROPOLITAN NASHVILLE POLICE DEPT,20150961151,Davidson,Nashville,10/16/2015 4:15:00 PM,2,0,0,36.141530,-86.715320,I 40,,,,0.00,,,,,,,213.90,N,Not at Intersection, ,Non-Junction,None,,,         ,Bradley,McIntyre,Clear,"Sideswipe, Same Direction",no,no,no,no,no,False
100980255,METROPOLITAN NASHVILLE POLICE DEPT,20150961114,Davidson,Nashville,10/16/2015 4:01:00 PM,2,2,0,36.236920,-86.792070,BRILEY PKWYE,,,,281.00,Feet,North,BRILEY PKWYW,,,,0.00,N,Not at Intersection,N,Non-Junction,None,,,         ,Rodney,Phipps,Clear,Front to Rear,no,no,no,no,yes,False
100980266,METROPOLITAN NASHVILLE POLICE DEPT,20150961208,Davidson,Nashville,10/16/2015 4:40:00 PM,2,0,0,36.245920,-86.721630,US HWY 31E,,,,294.00,Feet,South,BERKLEY DR,,,,0.00,N,Not at Intersection, ,Non-Junction,None,,,         ,Landon,Bagwell,Clear,Angle,no,no,no,no,no,False
100980268,METROPOLITAN NASHVILLE POLICE DEPT,20150961098,Davidson,Nashville,10/16/2015 3:38:00 PM,2,0,0,36.233140,-86.758660,MAPLEWOOD TRC,,,,0.00,,,DICKERSON PKE,,,,0.00,Y,Four-Way, ,Intersection,None,,,         ,Joshua,Reece,Clear,Angle,no,no,no,no,no,False
100980270,METROPOLITAN NASHVILLE POLICE DEPT,20150961157,Davidson,Nashville,10/16/2015 3:45:00 PM,2,0,0,36.140870,-86.817430,WEST END AV,,,,0.00,,,ACKLEN PARK DR,,,,0.00,Y,T-Intersection, ,Intersection,None,,,         ,Royce,McLester,Clear,Front to Rear,no,no,no,no,no,False
100980281,METROPOLITAN NASHVILLE POLICE DEPT,20150961362,Davidson,Nashville,10/16/2015 4:46:00 PM,2,0,0,36.192670,-86.744370,GALLATIN AVE,,,,0.00,,,DOUGLAS AVE,,,,0.00,Y,Four-Way, ,Intersection-Related,None,,,         ,Kristopher,Mason,Clear,Front to Rear,no,no,no,no,no,False
100980288,METROPOLITAN NASHVILLE POLICE DEPT,20150961280,Davidson,Nashville,10/16/2015 5:20:00 PM,3,1,0,36.091500,-86.762390,I 65,,,,0.00,,,,,,,78.45,N,Not at Intersection,N,Non-Junction,None,,,         ,Eric,Burford,Clear,"Sideswipe, Same Direction",no,no,no,no,no,False
100980289,METROPOLITAN NASHVILLE POLICE DEPT,20150961239,Davidson,Nashville,10/16/2015 4:27:00 PM,2,0,0,36.213570,-86.764520,DELLWAY VILLA RD,,,,0.00,,,DICKERSON PKE,,,,0.00,Y,T-Intersection, ,Intersection,None,,,         ,Kimberly,Brown,Clear,"Sideswipe, Opposite Direction",no,no,no,no,no,False
100980296,METROPOLITAN NASHVILLE POLICE DEPT,20150961310,Davidson,Nashville,10/16/2015 5:45:00 PM,2,0,0,36.192320,-86.616300,JUAREZ DR,,,,0.00,,,OLD HICKORY BLVD,,,,0.00,Y,T-Intersection, ,Intersection,None,,,         ,Darryl,Williams,Clear,Front to Rear,no,no,no,no,no,False
100980311,METROPOLITAN NASHVILLE POLICE DEPT,20150961201,Davidson,Nashville,10/16/2015 4:40:00 PM,2,0,0,36.177760,-86.678460,LINCOYA DR,,,,0.00,,,MCGAVOCK PKE,,,,0.00,Y,T-Intersection,N,Intersection-Related,None,,,         ,Felipe,Pereira,Clear,Front to Rear,no,no,no,no,no,False
100980313,METROPOLITAN NASHVILLE POLICE DEPT,20150961249,Davidson,Nashville,10/16/2015 5:12:00 PM,2,0,0,36.119600,-86.630890,BELL RD,,,,1146.00,Feet,South,WOODLAND POINT DR,,,,0.00,N,Not at Intersection,N,Non-Junction,None,,,         ,Brandon,Vance,Clear,Front to Rear,no,no,no,no,no,False
100980315,METROPOLITAN NASHVILLE POLICE DEPT,20150960982,Davidson,Nashville,10/16/2015 3:05:00 PM,2,0,0,36.106240,-86.718870,I 24,,,,0.00,,,,,,,54.00,N,Not at Intersection,N,Non-Junction,None,,,         ,Paul,Goebel,Clear,HeadOn,no,no,no,no,no,False
100980316,METROPOLITAN NASHVILLE POLICE DEPT,20150961230,Davidson,Nashville,10/16/2015 4:56:00 PM,1,1,0,36.149360,-86.791170,MUSIC CIRS,,,,254.00,Feet,East,MUSIC SQE,,,,0.00,N,Not at Intersection,N,"Driveway, Alley Access, etc",None,,,         ,Charles,Griffin,Clear,Not Collision with Motor Vehicle in Transport,no,yes,no,no,no,False
100980317,METROPOLITAN NASHVILLE POLICE DEPT,20150961248,Davidson,Nashville,10/16/2015 5:09:00 PM,4,2,0,36.139670,-86.887990,I 40,,,,0.00,,,,,,,202.00,N,Not at Intersection,N,Non-Junction,None,,,         ,John,Thomas,Clear,Front to Rear,no,no,no,no,no,False
100980320,METROPOLITAN NASHVILLE POLICE DEPT,20150961381,Davidson,Not in City Limit,10/16/2015 6:03:00 PM,2,1,0,36.284530,-86.729310,I 65,,,,0.00,,,,,,,93.70,N,Not at Intersection,Y,Non-Junction,None,,,         ,Rodney,Phipps,Clear,Front to Rear,no,no,no,no,no,False
100980321,METROPOLITAN NASHVILLE POLICE DEPT,20150961406,Davidson,Nashville,10/16/2015 6:00:00 PM,2,1,0,36.241280,-86.764210,BRILEY PKWYE,,,,709.00,Feet,East,OAKVIEW DR,,,,0.00,N,Not at Intersection,N,Non-Junction,None,,,         ,Jessica,Ware,Clear,Front to Rear,no,no,no,no,yes,False
100980323,METROPOLITAN NASHVILLE POLICE DEPT,20150961170,Davidson,Nashville,10/16/2015 4:26:00 PM,2,2,0,36.129300,-86.904350,CHARLOTTE PKE,,,,0.00,,,CHARLOTTE PKE PVTDR,,,,0.00,Y,T-Intersection,N,Non-Junction,None,,,         ,Brandon,Pedigo,Clear,Angle,no,no,no,no,no,False
100980330,METROPOLITAN NASHVILLE POLICE DEPT,20150961411,Davidson,Nashville,10/16/2015 6:12:00 PM,3,0,0,36.148380,-86.776890,I 40,,,,0.00,,,,,,,210.00,N,Not at Intersection, ,Non-Junction,Work Zone,,,         ,Brenton,Adcox,Clear,Front to Rear,no,no,no,no,no,False
100980332,BERRY HILL POLICE DEPT,15-4147,Davidson,Berry Hill,10/16/2015 3:00:00 PM,2,0,0,36.121370,-86.775450,FRANKLIN PKE,,,,0.00,,,KIRKWOOD AV,,,,0.00,Y,T-Intersection, ,Non-Junction,None,,,         ,Larry,Carter,Clear,"Sideswipe, Same Direction",no,no,no,no,no,False
100980337,METROPOLITAN NASHVILLE POLICE DEPT,20150960979,Davidson,Nashville,10/16/2015 2:40:00 PM,1,1,0,36.178590,-86.771540,MERIDIAN ST,,,,0.00,,,,,,,0.00,,Not at Intersection,N,Non-Junction,None,,,         ,Jarred,Ruhlman,Clear,Not Collision with Motor Vehicle in Transport,yes,no,no,yes,no,False
100980342,METROPOLITAN NASHVILLE POLICE DEPT,20150961575,Davidson,Not in City Limit,10/16/2015 7:08:00 PM,2,0,0,36.261270,-86.712540,MAPLE ST,,,,0.00,Feet,,US HWY 31E,,,,0.00,Y,T-Intersection,N,Non-Junction,None,,,         ,Landon,Bagwell,Clear,Angle,no,no,no,no,yes,False
100980346,BERRY HILL POLICE DEPT,15-4148,Davidson,Nashville,10/16/2015 5:00:00 PM,2,0,0,36.128950,-86.778010,8TH AVS,,,,136.00,Feet,North,BRADFORD AV,,,,0.00,N,Not at Intersection,N,Non-Junction,None,,,         ,Monty,Sands,Clear,Front to Rear,no,no,no,no,yes,False
100980348,METROPOLITAN NASHVILLE POLICE DEPT,20150961228,Davidson,Nashville,10/16/2015 4:50:00 PM,2,0,0,36.148290,-86.777890,I 40,,,,0.00,,,,,,,210.00,N,Not at Intersection, ,Non-Junction,None,,,         ,Royce,McLester,Clear,Front to Rear,no,no,no,no,no,False
100980350,METROPOLITAN NASHVILLE POLICE DEPT,20150961367,Davidson,Nashville,10/16/2015 5:35:00 PM,2,0,0,36.025470,-86.587420,MURFREESBORO RD,,,,437.00,Feet,North,WALDRON RD,,,,0.00,N,Not at Intersection, ,Non-Junction,None,,,         ,Tamara,Zurawski,Clear,Angle,no,no,no,no,no,False
100980356,METROPOLITAN NASHVILLE POLICE DEPT,20150961194,Davidson,Nashville,10/16/2015 4:37:00 PM,2,0,0,36.105920,-86.755880,SIDCO DR,,,,338.00,Feet,North,NORRIS AV,,,,0.00,N,Not at Intersection, ,Non-Junction,None,,,         ,Jacob,Crouch,Clear,Front to Rear,no,no,no,no,no,False
100980358,METROPOLITAN NASHVILLE POLICE DEPT,20150961538,Davidson,Nashville,10/16/2015 7:02:00 PM,1,0,0,36.091040,-86.825330,HARDING PL,,,,0.00,,,TWINMONT CT,,,,0.00,Y,T-Intersection,N,Non-Junction,None,,,         ,Nicholas,Smith,Clear,Not Collision with Motor Vehicle in Transport,no,no,no,no,no,False
100980359,METROPOLITAN NASHVILLE POLICE DEPT,2015-0961418,Davidson,Nashville,10/16/2015 4:45:00 PM,2,0,0,36.160910,-86.793320,I40 E EXT RAMP,,,,0.00,,,I 40,,,,0.00,Y,Four-Way, ,Intersection-Related,None,,,         ,Ted,Woosley,Clear,"Sideswipe, Same Direction",no,no,no,no,no,False
100980360,METROPOLITAN NASHVILLE POLICE DEPT,20150961514,Davidson,Nashville,10/16/2015 6:57:00 PM,2,2,0,36.169550,-86.600980,I40 E EXT RAMP,,,,0.00,Feet,,I 40,,,,0.00,Y,T-Intersection,N,Intersection-Related,None,,,         ,George,Krukowski,Clear,Front to Rear,no,no,no,no,no,False
100980363,METROPOLITAN NASHVILLE POLICE DEPT,20150961031,Davidson,Not in City Limit,10/16/2015 3:06:00 PM,2,1,0,36.263440,-86.675460,STATE RT 45,,,,0.00,,,OLD HICKORY BLVD,,,,0.00,Y,T-Intersection,N,Intersection,None,,,         ,Khalid,Abbady,Clear,Angle,no,no,no,no,no,False
100980370,METROPOLITAN NASHVILLE POLICE DEPT,20150961659,Davidson,Nashville,10/16/2015 7:53:00 PM,3,2,0,36.216970,-86.695090,MCGAVOCK PKE,,,,500.00,Feet,East,MUSIC VALLEY DR,,,,0.00,N,Not at Intersection,N,Non-Junction,None,,,         ,Tyler,Conrads,Clear,Front to Rear,no,no,no,no,no,False
100980372,METROPOLITAN NASHVILLE POLICE DEPT,20150958439,Davidson,Not in City Limit,10/15/2015 7:41:00 PM,2,0,0,36.269280,-86.755900,OLD HICKORY BLVD,,,,50.00,Feet,West,DICKERSON PKE,,,,0.00,N,Not at Intersection,N,Non-Junction,None,,,         ,Samuel,Miller,Clear,Front to Rear,no,no,no,no,yes,False
100980373,METROPOLITAN NASHVILLE POLICE DEPT,20150960948,Davidson,Not in City Limit,10/16/2015 2:52:00 PM,2,2,0,36.264120,-86.725200,OLD HICKORY BLVDW,,,,14.00,Feet,West,BEVERLY DR,,,,0.00,N,Not at Intersection,Y,Non-Junction,None,,,         ,Samuel,Miller,Clear,Angle,no,no,no,no,no,False
100980374,METROPOLITAN NASHVILLE POLICE DEPT,20150961320,Davidson,Nashville,10/16/2015 5:00:00 PM,1,1,0,36.177880,-86.758760,NEILL AV,,,,400.00,Feet,North,RAMSEY ST,,,,0.00,N,Not at Intersection,N,Non-Junction,None,,,         ,Samuel,Miller,Clear,Not Collision with Motor Vehicle in Transport,yes,no,no,no,no,False
100980375,METROPOLITAN NASHVILLE POLICE DEPT,20150957864,Davidson,Not in City Limit,10/15/2015 4:33:00 PM,2,1,0,36.263320,-86.682870,STATE RT 45,,,,414.00,Feet,East,LARKIN SPRINGS RD,,,,0.00,N,Not at Intersection,N,Non-Junction,None,,,         ,Samuel,Miller,Clear,Front to Rear,no,no,no,no,no,False
100980377,METROPOLITAN NASHVILLE POLICE DEPT,20150961416,Davidson,Nashville,10/16/2015 4:00:00 PM,2,0,0,36.186680,-86.764480,LISCHEY AV,,,,0.00,,,CLEVELAND ST,,,,0.00,Y,Four-Way,N,Intersection,None,,,         ,Charles,Wakefield,Clear,"Sideswipe, Opposite Direction",no,no,no,no,yes,False
100980381,METROPOLITAN NASHVILLE POLICE DEPT,20150960969,Davidson,Nashville,10/16/2015 2:47:00 PM,2,2,0,36.155170,-86.788970,I 40,,,,0.00,,,,,,,209.20,N,Not at Intersection,N,Non-Junction,None,,,         ,Maria,Cortez,Clear,Angle,no,no,no,no,no,False
100980385,METROPOLITAN NASHVILLE POLICE DEPT,20150961455,Davidson,Nashville,10/16/2015 4:51:00 PM,2,0,0,36.083390,-86.761630,SIDCO DR,,,,471.00,Feet,North,HARDING PL,,,,0.00,N,Not at Intersection, ,Non-Junction,None,,,         ,Jacob,Crouch,Clear,Angle,no,no,no,no,no,False
100980386,METROPOLITAN NASHVILLE POLICE DEPT,20150961095,Davidson,Nashville,10/16/2015 3:45:00 PM,2,0,0,36.120170,-86.743040,FOSTER AV,,,,15.00,Feet,South,PEACHTREE ST,,,,0.00,N,Not at Intersection, ,Non-Junction,None,,,         ,William,Durham,Clear,"Sideswipe, Same Direction",no,no,no,no,no,False
100980387,METROPOLITAN NASHVILLE POLICE DEPT,20150961183,Davidson,Nashville,10/16/2015 4:30:00 PM,2,0,0,36.080430,-86.717710,HARDING PL,,,,64.00,Feet,East,JONQUIL DR,,,,0.00,N,Not at Intersection, ,Non-Junction,None,,,         ,William,Durham,Clear,Front to Rear,no,no,no,no,no,False
100980388,METROPOLITAN NASHVILLE POLICE DEPT,20150961318,Davidson,Nashville,10/16/2015 5:14:00 PM,1,0,0,36.089150,-86.657710,DEERCREEK TRLS,,,,102.00,Feet,North,VINEWOOD CT,,,,0.00,N,Not at Intersection,N,Non-Junction,None,,,         ,William,Durham,Clear,Not Collision with Motor Vehicle in Transport,no,no,no,no,no,False
100980389,METROPOLITAN NASHVILLE POLICE DEPT,20150961483,Davidson,Nashville,10/16/2015 5:45:00 PM,2,0,0,36.068920,-86.632920,MURFREESBORO PKE,,,,738.00,Feet,North,FOREST VIEW DR,,,,0.00,N,Not at Intersection,N,Non-Junction,None,,,         ,William,Durham,Clear,"Sideswipe, Same Direction",no,no,no,no,yes,False
100980390,METROPOLITAN NASHVILLE POLICE DEPT,2015-0961149,Davidson,Nashville,10/16/2015 3:33:00 PM,2,0,0,36.173470,-86.767540,JAMES ROBERTSON PKWY ENT RAMP,,,,0.00,Feet,East,I 24,,,,0.00,N,Not at Intersection,N,Entrance/Exit Ramp Related,None,,,         ,Anthony,Cavis,Clear,Front to Rear,no,no,no,no,no,False
100980393,METROPOLITAN NASHVILLE POLICE DEPT,20150960939,Davidson,Nashville,10/16/2015 2:50:00 PM,2,1,0,36.109840,-86.727710,EAST THOMPSON LN,,,,130.00,Feet,South,EAST THOMPSON LN PVTDR,,,,0.00,N,Not at Intersection,N,Non-Junction,None,,,         ,Jessie,Meadows,Clear,Front to Rear,no,no,no,no,no,False
100980394,METROPOLITAN NASHVILLE POLICE DEPT,20150961069,Davidson,Nashville,10/16/2015 4:14:00 PM,2,0,0,36.109880,-86.721400,BRILEY PKWYS,,,,76.00,Feet,East,I24 W ENT RAMP,,,,0.00,N,Not at Intersection,N,Non-Junction,None,,,         ,Jessie,Meadows,Clear,Front to Rear,no,no,no,no,no,False
100980395,METROPOLITAN NASHVILLE POLICE DEPT,20150961220,Davidson,Nashville,10/16/2015 5:09:00 PM,2,0,0,36.116100,-86.704320,BRILEY PKWYS,,,,464.00,Feet,East,BRILEY PKWYN,,,,0.00,N,Not at Intersection,N,Entrance/Exit Ramp Related,None,,,         ,Jessie,Meadows,Clear,Front to Rear,no,no,no,no,no,False
100980396,METROPOLITAN NASHVILLE POLICE DEPT,20150961369,Davidson,Nashville,10/16/2015 6:22:00 PM,2,1,0,36.048500,-86.660420,HICKORY HOLLOW PKWY,,,,366.00,Feet,West,HICKORY HOLLOW MALL PVTDR PL,,,,0.00,N,Not at Intersection,N,Non-Junction,None,,,         ,Jessie,Meadows,Clear,Angle,no,no,no,no,no,False
100980412,METROPOLITAN NASHVILLE POLICE DEPT,20150961049,Davidson,Nashville,10/16/2015 3:11:00 PM,2,0,0,36.160180,-86.848990,51ST AVN,,,,121.00,Feet,North,KENTUCKY AV,,,,0.00,N,Not at Intersection,N,Non-Junction,None,,,         ,Jose,Salazar,Clear,"Sideswipe, Opposite Direction",no,no,no,no,yes,False
100980413,METROPOLITAN NASHVILLE POLICE DEPT,2015-0961730,Davidson,Goodlettsville,10/16/2015 8:20:00 PM,2,0,0,36.293140,-86.702350,RIVERGATE STATION PVTDR,,,,0.00,,,GALLATIN PKEN,,,,0.00,,Not at Intersection,N,Non-Junction,None,,,         ,James,Caruth,Clear,Angle,no,no,no,yes,yes,False
100980418,METROPOLITAN NASHVILLE POLICE DEPT,2015-0961239,Davidson,Nashville,10/16/2015 4:27:00 PM,2,0,0,36.213310,-86.764620,DICKERSON PKE,,,,98.00,Feet,South,DELLWAY VILLA RD,,,,0.00,N,Not at Intersection,N,Non-Junction,None,,,         ,Anthony,Cavis,Clear,Angle,no,no,no,no,no,False
100980421,METROPOLITAN NASHVILLE POLICE DEPT,20150961040,Davidson,Nashville,10/16/2015 3:29:00 PM,2,0,0,36.177670,-86.795630,DELTA AV,,,,0.00,,,CHEATHAM PL,,,,0.00,Y,Four-Way,Y,Intersection,None,,,         ,Michael,Brooks,Clear,Angle,no,no,no,no,no,False
100980422,METROPOLITAN NASHVILLE POLICE DEPT,20150961451,Davidson,Not in City Limit,10/16/2015 6:30:00 PM,1,1,0,36.325910,-86.882410,I 24,,,,0.00,,,,,,,34.20,N,Not at Intersection,N,Non-Junction,None,,,         ,Michael,Brooks,Clear,Not Collision with Motor Vehicle in Transport,no,no,no,no,no,False
100980423,METROPOLITAN NASHVILLE POLICE DEPT,20150961716,Davidson,Nashville,10/16/2015 8:19:00 PM,2,1,0,36.170350,-86.803060,JEFFERSON ST,,,,117.00,Feet,East,16TH AVN,,,,0.00,N,Not at Intersection,N,Non-Junction,None,,,         ,Michael,Brooks,Clear,"Sideswipe, Opposite Direction",no,no,no,no,no,False
100980432,METROPOLITAN NASHVILLE POLICE DEPT,20150961620,Davidson,Nashville,10/16/2015 7:30:00 PM,2,0,0,36.192190,-86.616680,JUAREZ DR,,,,123.00,Feet,West,OLD HICKORY BLVD,,,,0.00,N,Not at Intersection, ,,None,,,         ,Khalid,Abbady,,,no,no,no,no,no,False
100980441,METROPOLITAN NASHVILLE POLICE DEPT,20150961207,Davidson,Nashville,10/16/2015 4:29:00 PM,2,0,0,36.167010,-86.763730,SHELBY AV,,,,0.00,,,S 4TH ST,,,,0.00,Y,Four-Way, ,Intersection-Related,None,,,         ,Kevin,Reynolds,Clear,"Sideswipe, Same Direction",no,no,no,no,no,False
100980443,METROPOLITAN NASHVILLE POLICE DEPT,20150961563,Davidson,Nashville,10/16/2015 7:12:00 PM,2,1,0,36.201080,-86.758310,CHICKASAW AV,,,,0.00,,,JONES AV,,,,0.00,Y,T-Intersection,N,Non-Junction,None,,,         ,Christopher,Augustin,Clear,Angle,no,no,no,no,no,False
100980444,METROPOLITAN NASHVILLE POLICE DEPT,20150961777,Davidson,Nashville,10/16/2015 9:16:00 PM,2,1,0,36.039480,-86.781770,OLD HICKORY BLVD,,,,0.00,,,I65 N EXT RAMP,,,,0.00,Y,Four-Way,Y,Intersection,None,,,         ,Megan,Lamon,Clear,Front to Rear,no,no,no,no,no,False
100980451,METROPOLITAN NASHVILLE POLICE DEPT,20150959874,Davidson,Nashville,10/16/2015 5:35:00 AM,2,0,0,36.177130,-86.772680,I 24,,,,0.00,,,,,,,47.90,N,Not at Intersection, ,Non-Junction,None,,,         ,Brian,Smith,Clear,Front to Rear,no,no,no,no,no,False
100980452,METROPOLITAN NASHVILLE POLICE DEPT,20150961294,Davidson,Nashville,10/16/2015 3:41:00 PM,2,0,0,36.175760,-86.757730,MAIN ST,,,,50.00,Feet,West,NEILL AV,,,,0.00,N,Not at Intersection,N,Non-Junction,None,,,         ,Joshua,Murray,Clear,"Sideswipe, Same Direction",no,no,no,no,yes,False
100980453,METROPOLITAN NASHVILLE POLICE DEPT,20150961901,Davidson,Nashville,10/16/2015 9:21:00 PM,2,0,0,36.125860,-86.696120,BRILEY PKWY,,,,182.00,Feet,North,KERMIT DR,,,,0.00,N,Not at Intersection,N,Non-Junction,None,,,         ,Brandon,Vance,Clear,Front to Rear,no,no,no,no,no,False
100980456,METROPOLITAN NASHVILLE POLICE DEPT,20150961282,Davidson,Nashville,10/16/2015 4:33:00 PM,2,0,0,36.226850,-86.759860,DICKERSON PKE,,,,373.00,Feet,North,HILLHURST DR,,,,0.00,N,Not at Intersection,N,Non-Junction,None,,,         ,Rachael,Sacco,Clear,Angle,no,no,no,no,no,False
100980464,METROPOLITAN NASHVILLE POLICE DEPT,20150961503,Davidson,Nashville,10/16/2015 12:00:00 AM,2,0,0,36.144630,-86.872500,CHARLOTTE PKE,,,,97.00,Feet,North,AMERICAN RD,,,,0.00,N,Not at Intersection,N,Non-Junction,None,,,         ,Douglas,Sykes,Clear,Front to Rear,no,no,no,no,no,False
100980465,GOODLETTSVILLE POLICE DEPT,15-38733,Davidson,Goodlettsville,10/16/2015 10:20:00 PM,2,0,0,36.313120,-86.701180,I 65,,,,0.00,,,,,,,96.25,N,Not at Intersection,N,Non-Junction,None,,,         ,Jason,Ayers,Clear,"Sideswipe, Same Direction",no,no,no,no,yes,False
100980475,METROPOLITAN NASHVILLE POLICE DEPT,2015-0959951,Davidson,Nashville,10/16/2015 6:11:00 AM,2,0,0,36.164510,-86.781060,UNION ST,,,,0.00,,,5TH AVN,,,,0.00,Y,Four-Way,N,Intersection,None,,,         ,Michael,Willis Jr.,Clear,Angle,no,no,no,no,yes,False
100980477,METROPOLITAN NASHVILLE POLICE DEPT,20150961811,Davidson,Nashville,10/16/2015 8:45:00 PM,2,0,0,36.209050,-86.775980,I 65,,,,0.00,,,,,,,87.55,N,Not at Intersection, ,Entrance/Exit Ramp Related,Construction Zone,,,         ,Daniel,Garrett,Clear,"Sideswipe, Same Direction",no,no,no,no,no,False
100980502,METROPOLITAN NASHVILLE POLICE DEPT,20150962159,Davidson,Not in City Limit,10/16/2015 10:35:00 PM,1,0,0,36.321910,-86.906160,CLARKSVILLE PKE,,,,50.00,Feet,East,DOUGLAS RD,,,,0.00,N,Not at Intersection,N,Non-Junction,None,,,         ,Matthew,Lachance,Clear,Not Collision with Motor Vehicle in Transport,no,no,no,no,no,False
100980504,METROPOLITAN NASHVILLE POLICE DEPT,20150962103,Davidson,Nashville,10/16/2015 9:30:00 PM,2,0,0,36.103620,-86.666480,OLD MURFREESBORO PKE,,,,0.00,,,FAIRCLOTH LN,,,,0.00,Y,Y-Intersection,N,Intersection-Related,None,,,         ,Marcus,Mitchell,Clear,"Sideswipe, Opposite Direction",no,no,no,no,yes,False