master_record_number,agency,agency_tracking_number,county,city,collision_date,vehicles_involved,number_injured,number_dead,latitude,longitude,roadway_name,roadway_suffix,roadway_number,roadway_local_id,distance_from_reference,miles-feet_indicator,direction_from_reference,intersection_road_name,intersection_road_name_suffix,intersection_road_number,intersection_local_id,mile_marker,intersection_indicator,intersect_type,interchange_related_indicator,relation_to_junction,work_zone_type,construction_maintenance_zone,construction_maintenance_zone_location,fatal_case_number,officer_first_name,officer_last_name,weather_condition(s),manner_of_crash,pedestrian,bicycle,scooter,parking,hitrun,mou
100982931,METROPOLITAN NASHVILLE POLICE DEPT,20150974247,Davidson,Nashville,10/21/2015 6:53:00 AM,2,0,0,36.097530,-86.823450,HILLSBORO PKE,,,,0.00,,,BURTON HILLS BLVD,,,,0.00,Y,Four-Way,N,Intersection,None,,,         ,Nathan,Kemp,Clear,Front to Rear,no,no,no,no,no,False
100982933,METROPOLITAN NASHVILLE POLICE DEPT,20150971499,Davidson,Nashville,10/20/2015 1:07:00 PM,2,0,0,36.138400,-86.820080,WEST END AV,,,,256.00,Feet,North,MURPHY RD,,,,0.00,N,Not at Intersection, ,Non-Junction,None,,,         ,Nathan,Kemp,Clear,Front to Rear,no,no,no,no,no,False
100982934,METROPOLITAN NASHVILLE POLICE DEPT,20150971635,Davidson,Nashville,10/21/2015 12:00:00 AM,2,0,0,36.109370,-86.727730,BRILEY PKWYN,,,,95.00,Feet,East,BRILEY PKWYS,,,,0.00,N,Not at Intersection, ,Entrance/Exit Ramp Related,None,,,         ,Todd,Watson,Clear,Front to Rear,no,no,no,no,no,False
100982935,METROPOLITAN NASHVILLE POLICE DEPT,20150974123,Davidson,Nashville,10/21/2015 6:00:00 AM,2,0,0,36.034510,-86.642770,I 24,,,,0.00,,,,,,,60.60,N,Not at Intersection, ,Non-Junction,None,,,         ,Randall,Combs,Clear,"Sideswipe, Same Direction",no,no,no,no,no,False
100982942,METROPOLITAN NASHVILLE POLICE DEPT,20150974249,Davidson,Not in City Limit,10/21/2015 6:50:00 AM,2,0,0,36.317900,-86.888160,CLARKSVILLE PKE,,,,162.00,Feet,East,CHAMBLISS RD,,,,0.00,N,Not at Intersection,N,Non-Junction,None,,,         ,Clint,Gilleland,Clear,"Sideswipe, Same Direction",no,no,no,no,yes,False
100982948,METROPOLITAN NASHVILLE POLICE DEPT,2015-0974203,Davidson,Nashville,10/21/2015 6:30:00 AM,2,1,0,36.160890,-86.840530,TENNESSEE AV,,,,85.00,Feet,West,44TH AVN,,,,0.00,N,Not at Intersection,N,Non-Junction,None,,,         ,Curtis,Rich,Clear,Rear to Rear,no,no,no,yes,no,False
100982951,METROPOLITAN NASHVILLE POLICE DEPT,20150971523,Davidson,Nashville,10/19/2015 3:00:00 AM,1,0,0,36.193620,-86.775560,I 24,,,,0.00,,,,,,,46.65,N,Not at Intersection, ,Non-Junction,None,,,         ,Aaron,Wigginton,Clear,Not Collision with Motor Vehicle in Transport,no,no,no,no,no,False
100982964,METROPOLITAN NASHVILLE POLICE DEPT,2015-0974356,Davidson,Nashville,10/21/2015 8:00:00 AM,2,0,0,36.122830,-86.909460,I 40,,,,0.00,,,,,,,200.30,N,Not at Intersection, ,,None,,,         ,Curtis,Rich,,,no,no,no,no,no,False
100982965,METROPOLITAN NASHVILLE POLICE DEPT,20150974244,Davidson,Nashville,10/21/2015 6:55:00 AM,3,1,0,36.172480,-86.595110,CENTRAL PKE,,,,0.00,Feet,,TULIP GROVE RD,,,,0.00,Y,Four-Way,N,Intersection,None,,,         ,Larry,Benz,Clear,Front to Rear,no,no,no,no,no,False
100982973,METROPOLITAN NASHVILLE POLICE DEPT,20150974286,Davidson,Nashville,10/21/2015 7:06:00 AM,3,0,0,0.000000,0.000000,OLD HICKORY,BLVD,SR12721,,100.00,Feet,South,PRESERV,,SR,,0.00,N,Not at Intersection, ,Non-Junction,None,,,         ,Steven,Snitzer,Clear,Front to Rear,no,no,no,no,no,False
100982974,METROPOLITAN NASHVILLE POLICE DEPT,20150974405,Davidson,Not in City Limit,10/21/2015 7:00:00 AM,2,0,0,36.307710,-86.683950,GALLATIN PKEN,,,,160.00,Feet,West,NORTHSIDE MARKETPLACE PVTDR,,,,0.00,N,Not at Intersection, ,Non-Junction,None,,,         ,Eric,Richardson,Clear,Front to Rear,no,no,no,no,no,False
100982975,METROPOLITAN NASHVILLE POLICE DEPT,20150974391,Davidson,Nashville,10/21/2015 8:00:00 AM,2,0,0,36.100590,-86.871000,HARDING PKE,,,,97.00,Feet,North,PAGE RD,,,,0.00,N,Not at Intersection, ,Non-Junction,None,,,         ,Brian,Myatt,Clear,Angle,no,no,no,no,no,False
100982979,METROPOLITAN NASHVILLE POLICE DEPT,20150974339,Davidson,Nashville,10/21/2015 7:50:00 AM,2,0,0,36.193660,-86.831220,S HAMILTON RD,,,,0.00,Feet,North,BUENA VISTA PKE,,,,0.00,N,Not at Intersection, ,Non-Junction,None,,,         ,Ernie,Wilson,Clear,Front to Rear,no,no,no,no,no,False
100982981,METROPOLITAN NASHVILLE POLICE DEPT,20150974462,Davidson,Nashville,10/21/2015 8:45:00 AM,2,0,0,36.140680,-86.705950,ELISSA DR,,,,126.00,Feet,South,LAURINDA DR,,,,0.00,N,Not at Intersection, ,,None,,,         ,Matthew,Nelms,,,no,no,no,no,no,False
100982983,METROPOLITAN NASHVILLE POLICE DEPT,2015-0974205,Davidson,Nashville,10/21/2015 6:34:00 AM,2,0,0,36.168730,-86.608550,I40 W ENT RAMP,,,,0.00,Feet,East,I 40,,,,0.00,N,Not at Intersection,N,Entrance/Exit Ramp Related,None,,,         ,Michael,Baker,Clear,Front to Rear,no,no,no,no,no,False
100982985,METROPOLITAN NASHVILLE POLICE DEPT,20150974373,Davidson,Nashville,10/21/2015 8:07:00 AM,3,2,0,36.112550,-86.688210,MURFREESBORO PKE,,,,266.00,Feet,East,MCGAVOCK PKE,,,,0.00,N,Not at Intersection,N,Non-Junction,None,,,         ,Barrett,Teague,Clear,Front to Rear,no,no,no,no,no,False
100982990,METROPOLITAN NASHVILLE POLICE DEPT,2015-0974573,Davidson,Nashville,10/21/2015 9:12:00 AM,2,0,0,36.131230,-86.834950,WEST END AV,,,,119.00,Feet,West,MAYFAIR RD,,,,0.00,N,Not at Intersection, ,Non-Junction,None,,,         ,Curtis,Rich,Clear,Front to Rear,no,no,no,no,yes,False
100982991,METROPOLITAN NASHVILLE POLICE DEPT,20150974294,Davidson,Nashville,10/21/2015 7:20:00 AM,1,1,0,36.160010,-86.801530,DR D B TODD JR BLVD,,,,207.00,Feet,South,JO JOHNSTON AV,,,,0.00,N,Not at Intersection,N,Non-Junction,None,,,         ,Justin,Fox,Clear,Not Collision with Motor Vehicle in Transport,no,no,no,no,no,False
100982992,METROPOLITAN NASHVILLE POLICE DEPT,20150974195,Davidson,Goodlettsville,10/21/2015 6:00:00 AM,1,0,0,36.304260,-86.691790,THE SHOPPES AT RIVERGATE PVTDR,,,,0.00,,,CONFERENCE DR,,,,0.00,,Not at Intersection,N,Non-Junction,None,,,         ,William,Estes,Clear,Not Collision with Motor Vehicle in Transport,no,no,no,yes,no,False
100983003,METROPOLITAN NASHVILLE POLICE DEPT,20150957296,Davidson,Not in City Limit,10/15/2015 12:15:00 PM,3,2,0,36.276760,-86.801000,OLD HICKORY BLVD,,,,0.00,,,I24 E EXT RAMP,,,,0.00,Y,T-Intersection,N,Intersection,None,,,         ,Justin,Fox,Clear,"Sideswipe, Opposite Direction",no,no,no,no,no,False
100983004,METROPOLITAN NASHVILLE POLICE DEPT,2015-0974443,Davidson,Nashville,10/21/2015 8:24:00 AM,1,1,0,36.148920,-86.690160,MARRIOTT DR,,,,623.00,Feet,East,BRILEY PKWY N EXT RAMP,,,,0.00,N,Not at Intersection,N,Non-Junction,None,,,         ,Jeb,Johnston,Clear,Not Collision with Motor Vehicle in Transport,yes,no,no,yes,no,False
100983008,METROPOLITAN NASHVILLE POLICE DEPT,2015-0974243,Davidson,Nashville,10/21/2015 6:44:00 AM,2,0,0,36.085730,-86.699760,I 24,,,,0.00,,,,,,,55.75,N,Not at Intersection, ,Non-Junction,None,,,         ,William,Whitworth,Clear,Front to Rear,no,no,no,no,no,False
100983009,METROPOLITAN NASHVILLE POLICE DEPT,2015-0974359,Davidson,Nashville,10/21/2015 7:56:00 AM,2,0,0,36.133440,-86.721700,MURFREESBORO PKE,,,,250.00,Feet,West,PAVILION BLVD,,,,0.00,N,Not at Intersection, ,,None,,,         ,William,Whitworth,,,no,no,no,no,no,False
100983017,METROPOLITAN NASHVILLE POLICE DEPT,20150974542,Davidson,Nashville,10/21/2015 9:00:00 AM,2,0,0,36.107170,-86.768360,I 65,,,,0.00,,,,,,,79.50,N,Not at Intersection,N,Non-Junction,None,,,         ,Gregory,Lindstrom,Clear,Front to Rear,no,no,no,no,yes,False
100983022,METROPOLITAN NASHVILLE POLICE DEPT,2015-0974594,Davidson,Nashville,10/21/2015 9:09:00 AM,2,0,0,36.192710,-86.744370,DOUGLAS AV,,,,0.00,,,GALLATIN AV,,,,0.00,Y,Four-Way, ,Intersection-Related,None,,,         ,Alex,Moore,Clear,Angle,no,no,no,no,no,False
100983024,METROPOLITAN NASHVILLE POLICE DEPT,20150974423,Davidson,Nashville,10/21/2015 8:18:00 AM,1,0,0,36.144910,-86.812600,WEST END AV,,,,89.00,Feet,West,28TH AVN,,,,0.00,N,Not at Intersection,N,Non-Junction,None,,,         ,Nathan,Kemp,Clear,Not Collision with Motor Vehicle in Transport,no,no,no,no,no,Campus
100983025,METROPOLITAN NASHVILLE POLICE DEPT,20150974663,Davidson,Nashville,10/21/2015 9:25:00 AM,2,0,0,36.155750,-86.809740,CHARLOTTE AV,,,,0.00,,,23RD AVN,,,,0.00,Y,Four-Way,N,Intersection,None,,,         ,Nathan,Kemp,Clear,Angle,no,no,no,no,no,False
100983028,METROPOLITAN NASHVILLE POLICE DEPT,20150974291,Davidson,Nashville,10/21/2015 7:19:00 AM,2,0,0,36.139990,-86.735810,MURFREESBORO PKE,,,,824.00,Feet,West,ARLINGTON AV,,,,0.00,N,Not at Intersection,N,Non-Junction,None,,,         ,Jaby,Djabbarov,Clear,Front to Rear,no,no,no,no,no,False
100983034,THP District 9 - Administrative,315052682,Davidson,Nashville,10/14/2015 6:01:00 PM,2,0,0,36.168560,-86.776480,JAMES ROBERTSON PKWY,,,,314.00,Feet,East,GAY ST,,,,0.00,N,Not at Intersection, ,Non-Junction,None,,,         ,Ronald,Crockarell,Clear,Front to Rear,no,no,no,no,no,False
100983035,METROPOLITAN NASHVILLE POLICE DEPT,20150974320,Davidson,Nashville,10/21/2015 7:20:00 AM,2,0,0,36.155240,-86.829290,I 40,,,,0.00,,,,,,,205.55,N,Not at Intersection, ,Non-Junction,None,,,         ,Daniel,Alford,Clear,Front to Rear,no,no,no,no,no,False
100983036,METROPOLITAN NASHVILLE POLICE DEPT,20150974582,Davidson,Nashville,10/21/2015 9:05:00 AM,2,0,0,36.106380,-86.767830,I 65,,,,0.00,,,,,,,79.50,N,Not at Intersection,N,Non-Junction,None,,,         ,Gregory,Lindstrom,Clear,Front to Rear,no,no,no,no,no,False
100983040,METROPOLITAN NASHVILLE POLICE DEPT,20150974458,Davidson,Nashville,10/21/2015 8:20:00 AM,3,0,0,36.136060,-86.792480,WEDGEWOOD AV,,,,163.00,Feet,West,15TH AVS,,,,0.00,N,Not at Intersection,N,Non-Junction,None,,,         ,Marc,Haugen,Clear,Front to Rear,no,no,no,no,yes,False
100983045,METROPOLITAN NASHVILLE POLICE DEPT,20150974578,Davidson,Nashville,10/21/2015 7:30:00 AM,1,0,0,36.187920,-86.798480,ROSA L PARKS BLVD,,,,0.00,,,DOMINICAN DR,,,,0.00,Y,OTHER, ,Non-Junction,None,,,         ,Joshua,Baker,Clear,Not Collision with Motor Vehicle in Transport,no,no,no,no,no,False
100983051,METROPOLITAN NASHVILLE POLICE DEPT,20150974720,Davidson,Nashville,10/21/2015 10:10:00 AM,2,0,0,36.158800,-86.798160,US HWY 70,,,,0.00,,,17TH AVE N,,,,0.00,Y,Four-Way, ,Intersection,Construction Zone,,,         ,Michael,Parman,Clear,Front to Rear,no,no,no,no,no,False
100983053,METROPOLITAN NASHVILLE POLICE DEPT,20150974468,Davidson,Nashville,10/21/2015 8:30:00 AM,2,1,0,36.149020,-86.776200,I 40,,,,0.00,,,,,,,210.05,N,Not at Intersection,Y,Entrance/Exit Ramp Related,None,,,         ,Catherine,Poole,Clear,Front to Rear,no,no,no,no,no,False
100983054,METROPOLITAN NASHVILLE POLICE DEPT,20150974665,Davidson,Nashville,10/21/2015 9:50:00 AM,1,0,0,36.151790,-86.779250,8TH AVS,,,,0.00,,,GLEAVES ST,,,,0.00,Y,T-Intersection,N,Non-Junction,None,,,         ,Catherine,Poole,Clear,Not Collision with Motor Vehicle in Transport,no,no,no,no,no,False
100983055,METROPOLITAN NASHVILLE POLICE DEPT,20150960538,Davidson,Nashville,10/16/2015 11:06:00 AM,2,1,0,36.140870,-86.817430,WEST END AV,,,,0.00,,,ACKLEN PARK DR,,,,0.00,Y,T-Intersection,N,Intersection,None,,,         ,Darrell,Osment,Clear,Angle,no,no,no,no,no,False
100983056,METROPOLITAN NASHVILLE POLICE DEPT,20150968005,Davidson,Nashville,10/19/2015 9:43:00 AM,3,2,0,36.158710,-86.798400,CHARLOTTE AV,,,,78.00,Feet,West,17TH AVN,,,,0.00,N,Not at Intersection,N,Non-Junction,None,,,         ,Darrell,Osment,Clear,Front to Rear,no,no,no,no,yes,False
100983059,METROPOLITAN NASHVILLE POLICE DEPT,2015-0972407,Davidson,Nashville,10/20/2015 6:01:00 PM,2,2,0,36.154810,-86.831520,I 40,,,,0.00,,,,,,,205.40,N,Not at Intersection,N,Non-Junction,None,,,         ,Walter,Gray II,Clear,Front to Rear,no,no,no,no,no,False
100983081,METROPOLITAN NASHVILLE POLICE DEPT,20150974771,Davidson,Nashville,10/21/2015 10:34:00 AM,2,0,0,36.142200,-86.710510,I 40,,,,0.00,,,,,,,214.20,N,Not at Intersection, ,,None,,,         ,Barrett,Teague,,,no,no,no,no,no,False
100983086,METROPOLITAN NASHVILLE POLICE DEPT,20150974620,Davidson,Nashville,10/21/2015 9:35:00 AM,3,0,0,36.109450,-86.769910,I 65,,,,0.00,,,,,,,79.70,N,Not at Intersection,N,Non-Junction,None,,,         ,Marc,Haugen,Clear,Front to Rear,no,no,no,no,no,False
100983088,METROPOLITAN NASHVILLE POLICE DEPT,2015-0974432,Davidson,Nashville,10/21/2015 7:20:00 AM,3,1,0,36.155240,-86.829290,I 40,,,,0.00,,,,,,,205.55,N,Not at Intersection,N,Non-Junction,None,,,         ,Daniel,Alford,Clear,Front to Rear,no,no,no,no,no,False
100983089,METROPOLITAN NASHVILLE POLICE DEPT,2015-0974777,Davidson,Nashville,10/21/2015 10:46:00 AM,2,0,0,36.114050,-86.812140,WOODMONT BLVD,,,,50.00,Feet,East,VALLEY BROOK RD,,,,0.00,N,Not at Intersection, ,Non-Junction,None,,,         ,Walter,Gray II,Clear,"Sideswipe, Same Direction",no,no,no,no,no,False
100983090,METROPOLITAN NASHVILLE POLICE DEPT,20150974510,Davidson,Nashville,10/21/2015 8:55:00 AM,2,0,0,36.133880,-86.722340,MURFREESBORO PKE,,,,495.00,Feet,West,PAVILION BLVD,,,,0.00,N,Not at Intersection,N,Non-Junction,None,,,         ,Todd,Watson,Clear,Front to Rear,no,no,no,no,no,False
100983101,METROPOLITAN NASHVILLE POLICE DEPT,20150974914,Davidson,Not in City Limit,10/20/2015 5:30:00 PM,1,0,0,36.266180,-86.703740,DUPONT AVE,,,,0.00,,,DELAWARE AVE,,,,0.00,Y,Four-Way,N,SharedUsePathOrTrail,None,,,         ,Grant,Byers,Clear,Not Collision with Motor Vehicle in Transport,no,no,no,yes,yes,False
100983116,METROPOLITAN NASHVILLE POLICE DEPT,20150974918,Davidson,Not in City Limit,10/20/2015 5:33:00 PM,1,0,0,36.269020,-86.707650,WILEY ST,,,,836.00,Feet,West,BIXLER AVE,,,,0.00,N,Not at Intersection,N,Non-Junction,None,,,         ,Grant,Byers,Clear,Not Collision with Motor Vehicle in Transport,no,no,no,yes,yes,False
100983124,METROPOLITAN NASHVILLE POLICE DEPT,20150974932,Davidson,Nashville,10/21/2015 12:00:00 PM,2,0,0,36.176930,-86.774950,SPRING ST,,,,108.00,Feet,West,N 1ST ST,,,,0.00,N,Not at Intersection, ,Non-Junction,None,,,         ,Michael,Johnson,Clear,"Sideswipe, Same Direction",no,no,no,no,no,False
100983128,METROPOLITAN NASHVILLE POLICE DEPT,20150974306,Davidson,Nashville,10/21/2015 5:11:00 AM,2,0,0,36.239680,-86.744020,BRILEY PKWY W ENT RAMP,,,,0.00,,,BRILEY PKWYW,,,,0.00,Y,OTHER, ,Entrance/Exit Ramp Related,None,,,         ,Jeffery,Burnette,Cloudy,"Sideswipe, Same Direction",no,no,no,no,no,False
100983138,METROPOLITAN NASHVILLE POLICE DEPT,20150974843,Davidson,Nashville,10/21/2015 11:15:00 AM,1,1,0,36.157320,-86.802710,CHARLOTTE AV,,,,0.00,,,JO JOHNSTON AV,,,,0.00,Y,OTHER,N,Non-Junction,Maintenance Zone,Other,Unknown,         ,Joshua,Baker,Clear,Not Collision with Motor Vehicle in Transport,yes,no,no,no,no,False
100983139,METROPOLITAN NASHVILLE POLICE DEPT,20150974864,Davidson,Nashville,10/21/2015 11:26:00 AM,1,0,0,36.167660,-86.663320,LEBANON PKE,,,,0.00,,,DONELSON PKE,,,,0.00,Y,T-Intersection,N,Intersection,Unknown,,,         ,Jaby,Djabbarov,Clear,Not Collision with Motor Vehicle in Transport,no,no,no,no,no,False
100983144,METROPOLITAN NASHVILLE POLICE DEPT,20150974670,Davidson,Nashville,10/21/2015 8:01:00 AM,2,0,0,36.199200,-86.776510,I 65,,,,0.00,,,,,,,86.80,N,Not at Intersection,N,Non-Junction,Construction Zone,,,         ,Darrell,Osment,Clear,Front to Rear,no,no,no,no,yes,False
100983150,METROPOLITAN NASHVILLE POLICE DEPT,20150974913,Davidson,Not in City Limit,10/20/2015 5:35:00 PM,1,0,0,36.269180,-86.709230,WILEY ST,,,,401.00,Feet,East,US HWY 31E,,,,0.00,N,Not at Intersection,N,Non-Junction,None,,,         ,Grant,Byers,Clear,Not Collision with Motor Vehicle in Transport,no,no,no,yes,yes,False
100983151,METROPOLITAN NASHVILLE POLICE DEPT,2015-0974985,Davidson,Not in City Limit,10/21/2015 12:33:00 PM,2,0,0,36.079630,-86.953610,HIGHWAY 70S,,,,34.00,Feet,West,COLEY DAVIS RD,,,,0.00,N,Not at Intersection, ,Non-Junction,None,,,         ,Curtis,Rich,Clear,Angle,no,no,no,no,no,False
100983154,METROPOLITAN NASHVILLE POLICE DEPT,20150974993,Davidson,Not in City Limit,10/20/2015 12:00:00 AM,2,0,0,36.266220,-86.830900,WHITES CREEK PKE,,,,191.00,Feet,North,OLD HICKORY BLVD,,,,0.00,N,Not at Intersection, ,Unknown,Unknown,,,         ,Sheila,Nidiffer,Unknown,Unknown,no,no,no,yes,yes,False
100983156,METROPOLITAN NASHVILLE POLICE DEPT,20150974490,Davidson,Nashville,10/21/2015 8:31:00 AM,2,1,0,36.092880,-86.736000,US HWY 31 ALT,,,,191.00,Feet,South,MCNALLY DR,,,,0.00,N,Not at Intersection,N,Non-Junction,None,,,         ,Tony,Folad,Clear,Front to Rear,no,no,no,no,no,False
100983158,METROPOLITAN NASHVILLE POLICE DEPT,20150974875,Davidson,Goodlettsville,10/21/2015 8:33:00 AM,2,0,0,0.000000,0.000000,US 41W,ST,US41W,N MAIN ST,0.00,,,NEW BRICK CHURCH PIKE,PIKE,US,US 41W,0.00,Y,T-Intersection,N,Non-Junction,None,,,         ,William,Cleek,Clear,"Sideswipe, Opposite Direction",no,no,no,no,yes,False
100983162,METROPOLITAN NASHVILLE POLICE DEPT,20150974939,Davidson,Nashville,10/21/2015 11:50:00 AM,2,0,0,36.134240,-86.776370,WEDGEWOOD AV,,,,0.00,,,I65 S ENT RAMP,,,,0.00,Y,T-Intersection, ,Entrance/Exit Ramp Related,None,,,         ,Gregory,Lindstrom,Clear,Angle,no,no,no,no,no,False
100983168,METROPOLITAN NASHVILLE POLICE DEPT,20150974506,Davidson,Nashville,10/21/2015 8:46:00 AM,2,0,0,36.133870,-86.819290,I 440,,,,0.00,,,,,,,1.70,N,Not at Intersection, ,Non-Junction,None,,,         ,Darrell,Osment,Clear,Front to Rear,no,no,no,no,no,False
100983172,METROPOLITAN NASHVILLE POLICE DEPT,2015-0974945,Davidson,Nashville,10/21/2015 12:06:00 PM,2,0,0,36.152990,-86.765420,I 40,,,,0.00,,,,,,,210.65,N,Not at Intersection, ,Non-Junction,None,,,         ,William,Vincion,Clear,Front to Rear,no,no,no,no,no,False
100983175,METROPOLITAN NASHVILLE POLICE DEPT,20150975079,Davidson,Nashville,10/21/2015 12:55:00 PM,2,0,0,36.143320,-86.813670,30TH AVS,,,,207.00,Feet,East,29TH AVS,,,,0.00,N,Not at Intersection,N,Non-Junction,None,,,         ,Nathan,Kemp,Clear,Rear to Rear,no,no,no,no,yes,Campus
100983178,METROPOLITAN NASHVILLE POLICE DEPT,2015-0975012,Davidson,Nashville,10/21/2015 12:30:00 PM,1,1,0,36.239840,-86.743860,I65 N ENT RAMP,,,,0.00,,,BRILEY PKWY W ENT RAMP,,,,0.00,Y,OTHER,Y,Entrance/Exit Ramp Related,None,,,         ,Coleman,Womack,Clear,Not Collision with Motor Vehicle in Transport,no,no,no,no,no,False
100983181,METROPOLITAN NASHVILLE POLICE DEPT,20150970424,Davidson,Nashville,10/20/2015 7:06:00 AM,2,0,0,36.113940,-86.810700,WOODMONT BLVD,,,,51.00,Feet,East,HILLSBORO PKE,,,,0.00,N,Not at Intersection, ,Non-Junction,None,,,         ,Erik,Wagner,Clear,Angle,no,no,no,no,no,False
100983216,VANDERBILT UNIVERSITY POLICE,15- 0971657,Davidson,Nashville,10/20/2015 2:10:00 PM,1,0,0,36.140830,-86.801280,DIXIE PL,,,,286.00,Feet,West,21ST AVS,,,,0.00,N,Not at Intersection,N,OtherLocation,None,,,         ,Charles,Payton,Clear,Not Collision with Motor Vehicle in Transport,yes,no,no,yes,no,Campus
100983224,METROPOLITAN NASHVILLE POLICE DEPT,15-0975116,Davidson,Nashville,10/21/2015 1:38:00 PM,2,0,0,36.171850,-86.767900,JAMES ROBERTSON PKWY,,,,0.00,,,I24 W EXT RAMP,,,,0.00,Y,OTHER, ,OtherLocation,None,,,         ,Frank,Campbell,,"Sideswipe, Same Direction",no,no,no,no,no,False
100983228,METROPOLITAN NASHVILLE POLICE DEPT,2015-0975157,Davidson,Nashville,10/21/2015 1:42:00 PM,3,0,0,36.057270,-86.677040,I 24,,,,0.00,,,,,,,58.10,N,Not at Intersection,N,Non-Junction,None,,,         ,Stanley,Collins,Clear,"Sideswipe, Same Direction",no,no,no,no,no,False
100983231,METROPOLITAN NASHVILLE POLICE DEPT,20150972771,Davidson,Not in City Limit,10/20/2015 6:55:00 PM,2,0,0,36.055580,-86.947630,OLD HARDING PKE,,,,833.00,Feet,South,MORTON MILL RD,,,,0.00,N,Not at Intersection,N,Non-Junction,None,,,         ,Adam,Reese,Clear,Angle,no,no,no,no,yes,False
100983233,METROPOLITAN NASHVILLE POLICE DEPT,20150975313,Davidson,Nashville,10/21/2015 3:05:00 PM,2,0,0,36.146170,-86.777610,I65 S ENT RAMP,,,,0.00,,,I 65,,,,0.00,Y,Y-Intersection, ,Entrance/Exit Ramp Related,None,,,         ,Tien,Nguyen,Clear,"Sideswipe, Same Direction",no,no,no,no,no,False
100983238,METROPOLITAN NASHVILLE POLICE DEPT,20150975303,Davidson,Nashville,10/21/2015 11:50:00 AM,1,0,0,36.175130,-86.587610,BROOKE VALLEY DR,,,,0.00,,,BROOKE VALLEY CT,,,,0.00,Y,T-Intersection,N,Non-Junction,None,,,         ,John,Kelley,,Not Collision with Motor Vehicle in Transport,no,no,no,no,yes,False
100983243,METROPOLITAN NASHVILLE POLICE DEPT,2015-0970652,Davidson,Nashville,10/20/2015 8:36:00 AM,2,0,0,36.140730,-86.732280,I 40,,,,0.00,,,,,,,213.00,N,Not at Intersection, ,Non-Junction,None,,,         ,Jeb,Johnston,Clear,"Sideswipe, Same Direction",no,no,no,no,no,False
100983251,METROPOLITAN NASHVILLE POLICE DEPT,2015-0974954,Davidson,Not in City Limit,10/21/2015 12:15:00 PM,2,0,0,36.132900,-86.926100,RIVER RD,,,,0.00,,,GOWER RD,,,,0.00,Y,T-Intersection, ,Intersection,None,,,         ,Walter,Gray II,Clear,Angle,no,no,no,no,no,False
100983252,METROPOLITAN NASHVILLE POLICE DEPT,2015-0975144,Davidson,Nashville,10/21/2015 1:46:00 PM,2,0,0,36.171780,-86.864310,CENTENNIAL BLVD,,,,408.00,Feet,West,BOMAR BLVD,,,,0.00,N,Not at Intersection, ,Non-Junction,None,,,         ,Walter,Gray II,Clear,Front to Rear,no,no,no,no,no,False
100983255,METROPOLITAN NASHVILLE POLICE DEPT,2015-0974596,Davidson,Nashville,10/21/2015 9:28:00 AM,1,0,0,36.151790,-86.779250,8TH AVS,,,,0.00,,,GLEAVES ST,,,,0.00,Y,T-Intersection,N,Non-Junction,None,,,         ,Allen,Bates,Clear,Not Collision with Motor Vehicle in Transport,no,no,no,no,no,False
100983257,METROPOLITAN NASHVILLE POLICE DEPT,20150975437,Davidson,Nashville,10/21/2015 3:42:00 PM,2,0,0,36.137860,-86.820640,WEST END AV,,,,0.00,,,I440 W EXT RAMP,,,,0.00,Y,Four-Way, ,Entrance/Exit Ramp Related,None,,,         ,Tien,Nguyen,Clear,"Sideswipe, Same Direction",no,no,no,no,no,False
100983260,METROPOLITAN NASHVILLE POLICE DEPT,20150973062,Davidson,Not in City Limit,10/20/2015 8:52:00 PM,1,0,0,36.265580,-86.887040,OLD HICKORY BLVD,,,,874.00,Feet,West,GRADY LN,,,,0.00,N,Not at Intersection,N,Non-Junction,None,,,         ,Timothy,Morgan,Clear,Not Collision with Motor Vehicle in Transport,no,no,no,no,yes,False
100983262,METROPOLITAN NASHVILLE POLICE DEPT,20150975372,Davidson,Nashville,10/21/2015 3:26:00 PM,1,1,0,36.142740,-86.787030,12TH AVS,,,,0.00,,,EDGEHILL AV,,,,0.00,Y,Four-Way,N,Intersection,None,,,         ,Charles,Griffin,Clear,Not Collision with Motor Vehicle in Transport,yes,no,no,no,no,False
100983263,METROPOLITAN NASHVILLE POLICE DEPT,2015-0970456,Davidson,Nashville,10/20/2015 7:24:00 AM,2,0,0,36.147460,-86.744290,I 40,,,,0.00,,,,,,,212.00,N,Not at Intersection, ,Non-Junction,None,,,         ,Jeb,Johnston,Clear,Front to Rear,no,no,no,no,no,False
100983265,METROPOLITAN NASHVILLE POLICE DEPT,20150967413,Davidson,Nashville,10/19/2015 6:06:00 AM,3,2,0,36.079500,-86.695910,I 24,,,,0.00,,,,,,,56.25,N,Not at Intersection,N,Non-Junction,None,,,         ,Wallis,Massey,Clear,Front to Rear,no,no,no,no,no,False
100983278,METROPOLITAN NASHVILLE POLICE DEPT,20150975321,Davidson,Nashville,10/21/2015 3:00:00 PM,2,0,0,36.104760,-86.814100,RICHARD JONES RD,,,,147.00,Feet,East,HILLSBORO PKE,,,,0.00,N,Not at Intersection,N,OtherLocation,None,,,         ,Clyde,Stambaugh,Clear,"Sideswipe, Opposite Direction",no,no,no,yes,yes,False