master_record_number,agency,agency_tracking_number,county,city,collision_date,vehicles_involved,number_injured,number_dead,latitude,longitude,roadway_name,roadway_suffix,roadway_number,roadway_local_id,distance_from_reference,miles-feet_indicator,direction_from_reference,intersection_road_name,intersection_road_name_suffix,intersection_road_number,intersection_local_id,mile_marker,intersection_indicator,intersect_type,interchange_related_indicator,relation_to_junction,work_zone_type,construction_maintenance_zone,construction_maintenance_zone_location,fatal_case_number,officer_first_name,officer_last_name,weather_condition(s),manner_of_crash,pedestrian,bicycle,scooter,parking,hitrun,mou
100994062,METROPOLITAN NASHVILLE POLICE DEPT,20150979486,Davidson,Nashville,10/22/2015 7:26:00 PM,2,0,0,36.220260,-86.597580,ANDREW JACKSON PKWY,,,,0.00,,,WEMBLEY DR,,,,0.00,Y,T-Intersection, ,Intersection,None,,,         ,Khalid,Abbady,Clear,Front to Rear,no,no,no,no,no,False
100994065,METROPOLITAN NASHVILLE POLICE DEPT,20150979235,Davidson,Nashville,10/22/2015 5:37:00 PM,2,0,0,36.044430,-86.657090,I24 W EXT RAMP,,,,0.00,,,I 24,,,,0.00,Y,OTHER,Y,Non-Junction,None,,,         ,Victoria,Cunningham,Clear,"Sideswipe, Same Direction",no,no,no,no,no,False
100994066,METROPOLITAN NASHVILLE POLICE DEPT,20150979384,Davidson,Nashville,10/22/2015 7:52:00 PM,2,0,0,36.046810,-86.661290,I 24,,,,0.00,,,,,,,59.25,N,Not at Intersection,N,Non-Junction,None,,,         ,Jessie,Meadows,Clear,"Sideswipe, Same Direction",no,no,no,no,yes,False
100994069,METROPOLITAN NASHVILLE POLICE DEPT,20150979458,Davidson,Nashville,10/22/2015 7:35:00 PM,3,0,0,36.040280,-86.768370,OLD HICKORY BLVD,,,,0.00,,,SEVEN SPRINGS WAY,,,,0.00,Y,T-Intersection,N,Intersection,None,,,         ,Clyde,Stambaugh,Clear,Front to Rear,no,no,no,no,no,False
100994073,METROPOLITAN NASHVILLE POLICE DEPT,20150979610,Davidson,Ridgetop,10/22/2015 8:19:00 PM,1,0,0,36.394280,-86.764340,SPRINGFIELD HWY,,,,385.00,Feet,North,EAST END RD,,,,0.00,N,Not at Intersection, ,Non-Junction,None,,,         ,Samuel,Miller,Clear,Not Collision with Motor Vehicle in Transport,no,no,no,no,no,False
100994079,METROPOLITAN NASHVILLE POLICE DEPT,20150961203,Davidson,Nashville,10/16/2015 4:44:00 PM,2,1,0,36.160620,-86.786040,10TH AVN,,,,0.00,,,CHURCH ST,,,,0.00,Y,OTHER,N,Non-Junction,None,,,         ,Jacob,Paul,Clear,HeadOn,no,no,no,no,no,False
100994080,METROPOLITAN NASHVILLE POLICE DEPT,20150979661,Davidson,Nashville,10/22/2015 8:11:00 PM,2,0,0,36.045370,-86.713260,NOLENSVILLE PKE,,,,0.00,,,OLD HICKORY BLVD,,,,0.00,Y,Four-Way, ,Intersection-Related,None,,,         ,Tien,Nguyen,Clear,Front to Rear,no,no,no,no,no,False
100994084,METROPOLITAN NASHVILLE POLICE DEPT,20150979047,Davidson,Nashville,10/22/2015 4:35:00 PM,3,0,0,36.122070,-86.844950,WOODMONT BLVD,,,,15.00,Feet,North,NICHOLS CT,,,,0.00,N,Not at Intersection,N,Non-Junction,None,,,         ,Torian,Cox,Clear,Front to Rear,no,no,no,no,no,False
100994087,METROPOLITAN NASHVILLE POLICE DEPT,20150978973,Davidson,Nashville,10/22/2015 4:40:00 PM,2,0,0,36.175710,-86.771740,I 24,,,,0.00,,,,,,,48.00,N,Not at Intersection, ,Non-Junction,None,,,         ,Jarred,Ruhlman,Clear,"Sideswipe, Same Direction",no,no,no,no,no,False
100994088,METROPOLITAN NASHVILLE POLICE DEPT,20150975525,Davidson,Nashville,10/21/2015 4:14:00 PM,3,4,0,36.083340,-86.727460,NOLENSVILLE PKE,,,,23.00,Feet,South,WELCH RD,,,,0.00,N,Not at Intersection,N,Non-Junction,None,,,         ,William,Durham,Clear,Angle,no,no,no,no,no,False
100994089,METROPOLITAN NASHVILLE POLICE DEPT,20150975969,Davidson,Nashville,10/21/2015 7:08:00 PM,2,1,0,36.109450,-86.728050,BRILEY PKWYN,,,,0.00,,,BRILEY PKWYS,,,,0.00,Y,Four-Way,N,Intersection,None,,,         ,William,Durham,Clear,Angle,no,no,no,no,no,False
100994090,METROPOLITAN NASHVILLE POLICE DEPT,20150979682,Davidson,Nashville,10/22/2015 8:30:00 PM,2,0,0,36.170740,-86.802910,16TH AVN,,,,118.00,Feet,North,JEFFERSON ST,,,,0.00,N,Not at Intersection, ,Non-Junction,None,,,         ,Christopher,Augustin,Clear,"Sideswipe, Same Direction",no,no,no,yes,no,False
100994092,METROPOLITAN NASHVILLE POLICE DEPT,20150979695,Davidson,Nashville,10/22/2015 8:20:00 PM,2,0,0,36.199820,-86.766620,MERIDIAN ST,,,,0.00,Feet,West,GATEWOOD AV,,,,0.00,N,Not at Intersection,N,Non-Junction,None,,,         ,Joshua,Green,Clear,Angle,no,no,no,no,no,False
100994095,METROPOLITAN NASHVILLE POLICE DEPT,20150968998,Davidson,Nashville,10/19/2015 4:56:00 PM,2,0,0,36.165310,-86.783150,6TH AVN,,,,0.00,,,CHARLOTTE AV,,,,0.00,Y,OTHER, ,,None,,,         ,Jacob,Paul,,,no,no,no,no,no,False
100994097,METROPOLITAN NASHVILLE POLICE DEPT,20150979831,Davidson,Not in City Limit,10/22/2015 8:18:00 PM,1,0,0,36.291560,-86.883080,CLARKSVILLE PKE,,,,244.00,Feet,East,EATONS CREEK RD,,,,0.00,N,Not at Intersection, ,Non-Junction,None,,,         ,Brandon,Evans,Clear,Not Collision with Motor Vehicle in Transport,no,no,no,no,no,False
100994101,METROPOLITAN NASHVILLE POLICE DEPT,20150979437,Davidson,Nashville,10/22/2015 7:29:00 PM,2,0,0,36.134570,-86.825280,BOWLING AV,,,,0.00,,,WEST END AV,,,,0.00,Y,Four-Way, ,Intersection,None,,,         ,Mark,Hatt,Clear,Front to Rear,no,no,no,no,no,False
100994105,METROPOLITAN NASHVILLE POLICE DEPT,20150978866,Davidson,Nashville,10/22/2015 3:49:00 PM,2,0,0,36.253710,-86.739170,I 65,,,,0.00,,,,,,,91.50,N,Not at Intersection, ,Non-Junction,None,,,         ,Samuel,Miller,Clear,"Sideswipe, Same Direction",no,no,no,no,no,False
100994106,METROPOLITAN NASHVILLE POLICE DEPT,20150978867,Davidson,Nashville,10/22/2015 3:49:00 PM,3,0,0,36.253710,-86.739170,I 65,,,,0.00,,,,,,,91.50,N,Not at Intersection, ,Non-Junction,None,,,         ,Samuel,Miller,Clear,Angle,no,no,no,no,no,False
100994107,METROPOLITAN NASHVILLE POLICE DEPT,20150979819,Davidson,Nashville,10/22/2015 9:14:00 PM,1,1,0,36.140590,-86.666970,I40 E EXT RAMP,,,,0.00,,,I 40,,,,0.00,Y,Y-Intersection,N,Entrance/Exit Ramp Related,None,,,         ,Colby,Mathis,Clear,Not Collision with Motor Vehicle in Transport,no,no,no,no,no,False
100994119,METROPOLITAN NASHVILLE POLICE DEPT,20150979018,Davidson,Nashville,10/22/2015 5:09:00 PM,2,0,0,36.154450,-86.806630,MURPHY AV,,,,203.00,Feet,West,22ND AVN,,,,0.00,N,Not at Intersection,N,Non-Junction,None,,,         ,Maria,Cortez,Clear,Angle,no,no,no,yes,yes,False
100994142,METROPOLITAN NASHVILLE POLICE DEPT,20150979884,Davidson,Nashville,10/22/2015 9:13:00 PM,1,0,0,36.024440,-86.688850,BARNES RD,,,,525.00,Feet,East,SUGAR MAGNOLIA LN,,,,0.00,N,Not at Intersection,N,Non-Junction,None,,,         ,William,Durham,Clear,Not Collision with Motor Vehicle in Transport,no,no,no,no,no,False
100994145,METROPOLITAN NASHVILLE POLICE DEPT,20150966523,Davidson,Nashville,10/18/2015 6:43:00 PM,2,1,0,36.074120,-86.663260,PEBBLE CREEK DR,,,,0.00,Feet,East,UNA ANTIOCH PKE,,,,0.00,N,Not at Intersection,N,Non-Junction,None,,,         ,Jared,Jenkins,Clear,Angle,no,no,no,no,yes,False
100994155,METROPOLITAN NASHVILLE POLICE DEPT,20150971824,Davidson,Nashville,10/20/2015 3:25:00 PM,1,3,0,36.262240,-86.775980,BRICK CHURCH PKE,,,,150.00,Feet,South,BELLSHIRE DR,,,,0.00,N,Not at Intersection,N,Non-Junction,None,,,         ,Nathan,Dungan,Clear,Not Collision with Motor Vehicle in Transport,no,no,no,no,no,False
100994160,METROPOLITAN NASHVILLE POLICE DEPT,2015-0979356,Davidson,Nashville,10/22/2015 7:00:00 PM,3,1,0,36.141370,-86.716280,I 40,,,,0.00,,,,,,,213.85,N,Not at Intersection,N,Non-Junction,None,,,         ,Bradley,McIntyre,Clear,Front to Rear,no,no,no,no,no,False
100994163,METROPOLITAN NASHVILLE POLICE DEPT,20150977322,Davidson,Not in City Limit,10/22/2015 5:00:00 AM,2,0,0,35.981250,-86.626850,BATTLE RD,,,,1316.00,Feet,South,CAROTHERS RD,,,,0.00,N,Not at Intersection, ,Non-Junction,None,,,         ,Albert,Wilson,Clear,"Sideswipe, Opposite Direction",no,no,no,no,yes,False
100994166,METROPOLITAN NASHVILLE POLICE DEPT,2015-0976002,Davidson,Nashville,10/22/2015 7:15:00 PM,2,0,0,36.145880,-86.741820,I 40,,,,0.00,,,,,,,212.20,N,Not at Intersection,N,Non-Junction,None,,,         ,Bradley,McIntyre,Clear,"Sideswipe, Same Direction",no,no,no,no,yes,False
100994167,METROPOLITAN NASHVILLE POLICE DEPT,20150979210,Davidson,Antioch,10/22/2015 5:33:00 PM,2,0,0,36.009930,-86.612310,HEIL QUAKER BLVD,,,,0.00,,,BRIDGESTONE PKWY,,,,0.00,Y,T-Intersection,N,Intersection-Related,None,,,         ,Kevin,Keating,Clear,Front to Rear,no,no,no,no,no,False
100994168,METROPOLITAN NASHVILLE POLICE DEPT,20150979834,Davidson,Antioch,10/22/2015 9:06:00 PM,2,0,0,36.032770,-86.569530,W NIR SHRIEBMAN RD,,,,0.00,,,W NIR SHREIBMAN BLVD,,,,0.00,Y,Four-Way, ,Intersection,None,,,         ,Kevin,Keating,Clear,Angle,no,no,no,no,no,False
100994172,METROPOLITAN NASHVILLE POLICE DEPT,20150979302,Davidson,Nashville,10/22/2015 6:20:00 PM,2,0,0,36.147850,-86.744590,I 40,,,,0.00,,,,,,,212.00,N,Not at Intersection,N,Non-Junction,None,,,         ,Felipe,Pereira,Clear,Front to Rear,no,no,no,no,no,False
100994187,METROPOLITAN NASHVILLE POLICE DEPT,20150980211,Davidson,Not in City Limit,10/22/2015 11:45:00 PM,3,0,0,36.323080,-86.861180,I 24,,,,0.00,,,,,,,35.35,N,Not at Intersection,N,Non-Junction,None,,,         ,Peter,Finnegan,Clear,Not Collision with Motor Vehicle in Transport,no,no,no,no,no,False
100994188,METROPOLITAN NASHVILLE POLICE DEPT,20150973800,Davidson,Nashville,10/21/2015 2:45:00 AM,2,0,0,36.186100,-86.608290,ANDREW JACKSON WAY,,,,221.00,Feet,South,JACKSON PASS,,,,0.00,N,Not at Intersection,N,Non-Junction,None,,,         ,Keith,Holley,Clear,Angle,no,no,no,yes,yes,False
100994196,METROPOLITAN NASHVILLE POLICE DEPT,20150980207,Davidson,Nashville,10/22/2015 11:50:00 PM,2,0,0,36.050780,-86.646920,STATE HWY 254,,,,0.00,,,HICKORY HOLLOW TER,,,,0.00,Y,Four-Way,N,Intersection,None,,,         ,David,Moser,Clear,Angle,no,no,no,no,no,False
100994200,METROPOLITAN NASHVILLE POLICE DEPT,20150980302,Davidson,Nashville,10/23/2015 12:46:00 AM,1,0,0,36.129100,-86.841020,HARDING PKE,,,,411.00,Feet,West,BRIXWORTH LN,,,,0.00,N,Not at Intersection,N,Non-Junction,Construction Zone,Laneclosure,Transition Area,         ,Steven,Popp,Clear,Not Collision with Motor Vehicle in Transport,no,no,no,no,no,False
100994220,METROPOLITAN NASHVILLE POLICE DEPT,20150980420,Davidson,Nashville,10/23/2015 1:30:00 AM,2,0,0,36.133830,-86.771780,WEDGEWOOD AV,,,,0.00,,,STEWART PL,,,,0.00,Y,OTHER, ,Non-Junction,None,,,         ,Conner,Harris,Clear,"Sideswipe, Same Direction",no,no,no,no,no,False
100994221,METROPOLITAN NASHVILLE POLICE DEPT,2015-0980140,Davidson,Nashville,10/22/2015 11:26:00 PM,1,1,0,36.038460,-86.744160,HONEY CREEK LN,,,,458.00,Feet,South,STATE HWY 254,,,,0.00,N,Not at Intersection,N,Non-Junction,None,,,         ,Alan,Digruttolo,Clear,Not Collision with Motor Vehicle in Transport,no,no,no,yes,no,False
100994237,METROPOLITAN NASHVILLE POLICE DEPT,20150980590,Davidson,Nashville,10/23/2015 3:03:00 AM,1,1,0,36.116480,-86.725240,I 24,,,,0.00,,,,,,,53.20,N,Not at Intersection,N,Non-Junction,None,,,         ,Dale,Dameron,Clear,Not Collision with Motor Vehicle in Transport,no,no,no,no,no,False
100994245,METROPOLITAN NASHVILLE POLICE DEPT,20150922325,Davidson,Nashville,10/4/2015 12:00:00 AM,2,0,0,36.155570,-86.789880,BROADWAY,,,,55.00,Feet,West,I40 E ENT RAMP,,,,0.00,N,Not at Intersection,N,Non-Junction,None,,,         ,Michael,Dance,Rain,Angle,no,no,no,no,no,False
100994254,METROPOLITAN NASHVILLE POLICE DEPT,20150980377,Davidson,Nashville,10/22/2015 4:30:00 PM,2,0,0,36.161580,-86.824350,32ND AVN,,,,400.00,Feet,North,BATAVIA ST,,,,0.00,N,Not at Intersection,N,Non-Junction,None,,,         ,Matthew,Lachance,Clear,Unknown,no,no,no,no,yes,False
100994263,METROPOLITAN NASHVILLE POLICE DEPT,20150977791,Davidson,Nashville,10/22/2015 10:38:00 AM,3,0,0,36.112760,-86.772130,I 65,,,,0.00,,,,,,,80.00,N,Not at Intersection,N,Entrance/Exit Ramp Related,None,,,         ,Randal,Owsley,Clear,Front to Rear,no,no,no,no,no,False
100994264,METROPOLITAN NASHVILLE POLICE DEPT,2015-0978454,Davidson,Nashville,10/22/2015 2:00:00 PM,1,0,0,36.176330,-86.785540,3RD AVN,,,,0.00,,,MADISON ST,,,,0.00,Y,Four-Way, ,Non-Junction,None,,,         ,Michael,Johnson,Clear,Not Collision with Motor Vehicle in Transport,no,no,no,no,no,False
100994272,METROPOLITAN NASHVILLE POLICE DEPT,20150980954,Davidson,Nashville,10/23/2015 7:01:00 AM,2,0,0,36.171660,-86.769190,INTERSTATE DR,,,,96.00,Feet,North,JAMES ROBERTSON PKWY,,,,0.00,N,Not at Intersection, ,Non-Junction,None,,,         ,Michael,Johnson,Clear,Front to Rear,no,no,no,no,no,False
100994278,METROPOLITAN NASHVILLE POLICE DEPT,20150980951,Davidson,Nashville,10/23/2015 7:00:00 AM,3,0,0,36.125330,-86.733730,I 440,,,,0.00,,,,,,,7.20,N,Not at Intersection, ,,None,,,         ,Brian,Penny,,,no,no,no,no,no,False
100994292,METROPOLITAN NASHVILLE POLICE DEPT,20150980975,Davidson,Nashville,10/23/2015 7:12:00 AM,2,1,0,36.153050,-86.760510,GREEN ST,,,,0.00,,,CLAIBORNE ST,,,,0.00,Y,Four-Way,N,Intersection,None,,,         ,Mitchell,McClay,Clear,Angle,no,no,no,no,no,False
100994295,METROPOLITAN NASHVILLE POLICE DEPT,20150981004,Davidson,Nashville,10/23/2015 7:30:00 AM,2,1,0,36.163250,-86.761980,I 24,,,,0.00,,,,,,,49.25,N,Not at Intersection,N,AccelDecelLane,None,,,         ,Bryan,Birdwell,Clear,Front to Rear,no,no,no,no,no,False
100994300,METROPOLITAN NASHVILLE POLICE DEPT,15-0980969,Davidson,Nashville,10/23/2015 7:09:00 AM,2,0,0,36.167850,-86.786340,JAMES ROBERTSON PKWY,,,,0.00,,,7TH AVN,,,,0.00,Y,OTHER, ,Intersection,None,,,         ,Frank,Campbell,Clear,Front to Rear,no,no,no,no,no,False
100994303,METROPOLITAN NASHVILLE POLICE DEPT,20150980950,Davidson,Nashville,10/23/2015 6:49:00 AM,2,0,0,36.047550,-86.655930,HICKORY HOLLOW PKWY,,,,0.00,,,BELL RD,,,,0.00,Y,Four-Way,N,Intersection,None,,,         ,Kenneth,Alexandrow,Clear,Front to Rear,no,no,no,no,no,False
100994314,METROPOLITAN NASHVILLE POLICE DEPT,20150981043,Davidson,Nashville,10/23/2015 7:45:00 AM,2,0,0,36.157480,-86.635890,STEWARTS FERRY PKE,,,,0.00,,,MCCRORY CREEK RD,,,,0.00,Y,Four-Way, ,Intersection,None,,,         ,Sandra,Fly,Clear,"Sideswipe, Same Direction",no,no,no,no,no,False
100994323,METROPOLITAN NASHVILLE POLICE DEPT,20150981000,Davidson,Nashville,10/23/2015 7:28:00 AM,2,1,0,36.180470,-86.800230,EXIT 85,,,,0.00,Feet,East,I 65,,,,0.00,N,Not at Intersection,N,Entrance/Exit Ramp Related,None,,,         ,Rodney,Clark,Clear,Front to Rear,no,no,no,no,no,False
100994328,METROPOLITAN NASHVILLE POLICE DEPT,20150981099,Davidson,Nashville,10/23/2015 8:14:00 AM,2,0,0,36.176750,-86.772580,SPRING ST,,,,32.00,Feet,East,I24 W ENT RAMP,,,,0.00,N,Not at Intersection,N,Non-Junction,None,,,         ,Michael,Johnson,Clear,"Sideswipe, Same Direction",no,no,no,no,no,False
100994335,METROPOLITAN NASHVILLE POLICE DEPT,20150980945,Davidson,Nashville,10/23/2015 6:45:00 AM,2,0,0,36.132510,-86.726870,I24E,,,,807.00,Feet,North,I24 W EXT RAMP,,,,0.00,N,Not at Intersection, ,Non-Junction,None,,,         ,Todd,Watson,Clear,Front to Rear,no,no,no,no,no,False
100994339,METROPOLITAN NASHVILLE POLICE DEPT,20150980937,Davidson,Nashville,10/23/2015 6:45:00 AM,2,0,0,36.249160,-86.742090,I 65,,,,0.00,,,,,,,91.15,N,Not at Intersection,N,Entrance/Exit Ramp Related,None,,,         ,Jeffery,Burnette,Cloudy,"Sideswipe, Same Direction",no,no,no,no,no,False
100994343,METROPOLITAN NASHVILLE POLICE DEPT,20150981065,Davidson,Nashville,10/23/2015 8:00:00 AM,1,0,0,36.082420,-86.763730,I 65,,,,0.00,,,,,,,77.80,N,Not at Intersection,N,Non-Junction,None,,,         ,Reuben,Hewit,Clear,Not Collision with Motor Vehicle in Transport,no,no,no,no,no,False
100994345,METROPOLITAN NASHVILLE POLICE DEPT,2015-0981008,Davidson,Not in City Limit,10/23/2015 7:20:00 AM,2,0,0,36.097820,-86.936010,I 40,,,,0.00,,,,,,,198.00,N,Not at Intersection,N,Non-Junction,None,,,         ,Paul,Junkmann,Cloudy,Front to Rear,no,no,no,no,no,False
100994347,METROPOLITAN NASHVILLE POLICE DEPT,20150981039,Davidson,Not in City Limit,10/23/2015 12:00:00 AM,1,0,0,36.022450,-86.664750,PETTUS RD,,,,998.00,Feet,South,PRESTON RD,,,,0.00,N,Not at Intersection,N,Non-Junction,None,,,         ,Terry,Miller,Clear,Not Collision with Motor Vehicle in Transport,no,no,no,yes,yes,False
100994349,METROPOLITAN NASHVILLE POLICE DEPT,20150981214,Davidson,Nashville,10/23/2015 8:50:00 AM,2,1,0,36.135110,-86.745350,WOODYCREST AV,,,,0.00,,,POLK AV,,,,0.00,Y,T-Intersection,N,Intersection,None,,,         ,Ian,Hammond,Clear,Angle,no,no,no,no,no,False
100994351,METROPOLITAN NASHVILLE POLICE DEPT,20150981012,Davidson,Nashville,10/23/2015 7:36:00 AM,1,1,0,36.079730,-86.903740,HIGHWAY 70S,,,,86.00,Feet,East,MONTVIEW PVTDR,,,,0.00,N,Not at Intersection,N,Non-Junction,None,,,         ,Kyle,Arndt,Clear,Not Collision with Motor Vehicle in Transport,no,no,no,no,no,False
100994355,METROPOLITAN NASHVILLE POLICE DEPT,20150981175,Davidson,Nashville,10/23/2015 8:43:00 AM,2,0,0,36.220350,-86.774710,I 65,,,,0.00,,,,,,,88.30,N,Not at Intersection, ,Entrance/Exit Ramp Related,Construction Zone,,,         ,Michael,McCord,Clear,"Sideswipe, Same Direction",no,no,no,no,no,False
100994358,METROPOLITAN NASHVILLE POLICE DEPT,20150981250,Davidson,Nashville,10/23/2015 9:10:00 AM,2,0,0,36.043630,-86.725960,OLD HICKORY BLVD,,,,511.00,Feet,North,ENCLAVE CIR,,,,0.00,N,Not at Intersection, ,Non-Junction,None,,,         ,Wesley,Feinstein,Clear,Front to Rear,no,no,no,no,no,False
100994360,METROPOLITAN NASHVILLE POLICE DEPT,20150981097,Davidson,Nashville,10/23/2015 8:10:00 AM,2,0,0,36.153230,-86.764920,I 40,,,,0.00,,,,,,,210.70,N,Not at Intersection, ,Entrance/Exit Ramp Related,None,,,         ,Catherine,Poole,Clear,"Sideswipe, Same Direction",no,no,no,no,no,False
100994364,METROPOLITAN NASHVILLE POLICE DEPT,20150981235,Davidson,Nashville,10/23/2015 9:04:00 AM,3,2,0,36.096910,-86.708630,I 24,,,,0.00,,,,,,,54.80,N,Not at Intersection,N,Non-Junction,None,,,         ,Megan,Arnett,Clear,Front to Rear,no,no,no,no,yes,False
100994365,METROPOLITAN NASHVILLE POLICE DEPT,2015-0981222,Davidson,Nashville,10/23/2015 8:50:00 AM,2,0,0,36.176120,-86.766310,ELLINGTON PKWYS,,,,12.00,Feet,North,SPRING ST,,,,0.00,N,Not at Intersection,N,Non-Junction,None,,,         ,David,Snowden,Clear,Front to Rear,no,no,no,no,no,False
100994377,VANDERBILT UNIVERSITY POLICE,2015-981329,Davidson,Nashville,10/23/2015 9:30:00 AM,2,0,0,36.145910,-86.807570,25TH AVS,,,,28.00,Feet,East,KENSINGTON PL,,,,0.00,N,Not at Intersection, ,Non-Junction,None,,,         ,Bridney,Jones,Clear,Unknown,no,no,no,yes,no,Campus
100994378,METROPOLITAN NASHVILLE POLICE DEPT,20150960455,Davidson,Nashville,10/16/2015 10:13:00 AM,2,1,0,36.182610,-86.812270,DR D B TODD JR BLVD,,,,0.00,,,CLAY ST,,,,0.00,Y,T-Intersection,N,Intersection,None,,,         ,Earnest,Fields,Clear,Angle,no,no,no,no,yes,False
100994381,Nashville Airport Police,15-2413,Davidson,Nashville,10/16/2015 12:00:00 AM,2,0,0,36.136290,-86.663730,DONELSON PKE,,,,124.00,Feet,North,DONELSON PKES,,,,0.00,N,Not at Intersection,N,Non-Junction,None,,,         ,Steve,Matheny,Clear,"Sideswipe, Opposite Direction",no,no,no,yes,yes,False
100994382,METROPOLITAN NASHVILLE POLICE DEPT,2015-0980926,Davidson,Nashville,10/23/2015 6:36:00 AM,2,1,0,36.047350,-86.662210,I 24,,,,0.00,,,,,,,59.20,N,Not at Intersection,Y,Entrance/Exit Ramp Related,None,,,         ,William,Whitworth,Clear,Front to Rear,no,no,no,no,no,False
100994383,METROPOLITAN NASHVILLE POLICE DEPT,2015-0981095,Davidson,Nashville,10/23/2015 8:12:00 AM,2,2,0,36.098570,-86.709990,I 24,,,,0.00,,,,,,,54.70,N,Not at Intersection,N,Non-Junction,None,,,         ,William,Whitworth,Clear,Front to Rear,no,no,no,no,no,False
100994385,METROPOLITAN NASHVILLE POLICE DEPT,2015-0978284,Davidson,Nashville,10/22/2015 12:44:00 PM,2,0,0,36.122920,-86.845720,WOODMONT BLVD,,,,125.00,Feet,South,PARK MANOR BLVD,,,,0.00,N,Not at Intersection, ,Non-Junction,None,,,         ,Walter,Gray II,Clear,Front to Rear,no,no,no,no,no,False
100994386,METROPOLITAN NASHVILLE POLICE DEPT,2015-0978503,Davidson,Nashville,10/22/2015 2:13:00 PM,2,3,0,36.053920,-86.898690,OLD HICKORY BLVD,,,,0.00,,,GAUCHO ROAD PVTDR,,,,0.00,Y,Four-Way,N,Intersection,None,,,         ,Walter,Gray II,Clear,Angle,no,no,no,no,no,False
100994392,METROPOLITAN NASHVILLE POLICE DEPT,2015-0981455,Davidson,Nashville,10/23/2015 10:25:00 AM,1,0,0,36.183770,-86.865020,BRILEY PKWYN,,,,1646.00,Feet,South,COUNTY HOSPITAL RD,,,,0.00,N,Not at Intersection, ,Non-Junction,None,,,         ,Walter,Gray II,Clear,Not Collision with Motor Vehicle in Transport,no,no,no,no,no,False
100994397,METROPOLITAN NASHVILLE POLICE DEPT,20150981407,Davidson,Nashville,10/23/2015 10:10:00 AM,2,2,0,36.102480,-86.760210,ARMORY DR,,,,0.00,,,POWELL AV RAMP,,,,0.00,Y,T-Intersection,N,Intersection,None,,,         ,James,Smith,Clear,Other,no,no,no,no,no,False
100994407,METROPOLITAN NASHVILLE POLICE DEPT,20150981584,Davidson,Nashville,10/23/2015 11:20:00 AM,2,0,0,36.088630,-86.689960,HARDING PL,,,,800.00,Feet,East,ANTIOCH PKE,,,,0.00,N,Not at Intersection, ,Non-Junction,None,,,         ,Brent,Hedgcoth,Clear,Front to Rear,no,no,no,no,no,False
100994416,METROPOLITAN NASHVILLE POLICE DEPT,20150981647,Davidson,Nashville,10/23/2015 11:08:00 AM,1,0,0,36.158940,-86.865210,STATE HWY 155,,,,0.00,,,,,,,0.00,,, ,,None,,,         ,Ryan,Burger,,,no,no,no,no,no,False
100994426,METROPOLITAN NASHVILLE POLICE DEPT,20150981025,Davidson,Nashville,10/23/2015 7:39:00 AM,3,0,0,36.134230,-86.774730,I65 N EXT RAMP,,,,0.00,,,I 65,,,,0.00,Y,Four-Way,N,Intersection-Related,None,,,         ,Joshua,Dickall,Clear,Front to Rear,no,no,no,no,yes,False
100994428,METROPOLITAN NASHVILLE POLICE DEPT,2015-0979074,Davidson,Nashville,10/22/2015 5:28:00 PM,2,0,0,36.149890,-86.859080,CHARLOTTE PKE,,,,350.00,Feet,West,WHITE BRIDGE PKE,,,,0.00,N,Not at Intersection, ,Non-Junction,None,,,         ,Walter,Gray II,Clear,"Sideswipe, Same Direction",no,no,no,no,no,False
100994436,METROPOLITAN NASHVILLE POLICE DEPT,2015-0981639,Davidson,Nashville,10/23/2015 11:46:00 AM,2,0,0,36.050730,-86.646910,BELL FORGE LNE,,,,0.00,,,BELL RD,,,,0.00,Y,Four-Way, ,Intersection,None,,,         ,William,Whitworth,Clear,Front to Rear,no,no,no,no,no,False
100994440,METROPOLITAN NASHVILLE POLICE DEPT,20150981697,Davidson,Antioch,10/23/2015 12:07:00 PM,2,0,0,36.053140,-86.617460,MURFREESBORO,PIKE,SR1,,700.00,Feet,South,MT. VIEW,RD,,,0.00,N,Not at Intersection,N,Non-Junction,None,,,         ,Megan,Arnett,Clear,Angle,no,no,no,no,no,False
100994449,VANDERBILT UNIVERSITY POLICE,15-0981569,Davidson,Nashville,10/23/2015 11:00:00 AM,1,0,0,36.147070,-86.795710,GRAND AV,,,,259.00,Feet,West,18TH AVS,,,,0.00,N,Not at Intersection, ,,None,,,         ,Brent,Clark,,,no,no,no,yes,no,Campus
100994454,METROPOLITAN NASHVILLE POLICE DEPT,2015-0979040,Davidson,Nashville,10/22/2015 4:10:00 PM,3,0,0,36.149920,-86.858950,CHARLOTTE PKE,,,,137.00,Feet,East,MIDLAND AV,,,,0.00,N,Not at Intersection, ,Non-Junction,None,,,         ,Walter,Gray II,Clear,Front to Rear,no,no,no,no,no,False
100994455,METROPOLITAN NASHVILLE POLICE DEPT,20150981756,Davidson,Nashville,10/23/2015 12:20:00 PM,2,0,0,36.146320,-86.767580,4TH AVS,,,,89.00,Feet,South,MILDRED SHUTE AV,,,,0.00,N,Not at Intersection, ,Non-Junction,None,,,         ,Todd,Watson,Clear,Front to Rear,no,no,no,no,no,False