master_record_number,agency,agency_tracking_number,county,city,collision_date,vehicles_involved,number_injured,number_dead,latitude,longitude,roadway_name,roadway_suffix,roadway_number,roadway_local_id,distance_from_reference,miles-feet_indicator,direction_from_reference,intersection_road_name,intersection_road_name_suffix,intersection_road_number,intersection_local_id,mile_marker,intersection_indicator,intersect_type,interchange_related_indicator,relation_to_junction,work_zone_type,construction_maintenance_zone,construction_maintenance_zone_location,fatal_case_number,officer_first_name,officer_last_name,weather_condition(s),manner_of_crash,pedestrian,bicycle,scooter,parking,hitrun,mou
100994477,METROPOLITAN NASHVILLE POLICE DEPT,20150981854,Davidson,Nashville,10/23/2015 1:12:00 PM,2,1,0,36.107140,-86.768690,I 65,,,,0.00,,,,,,,79.50,N,Not at Intersection,N,Non-Junction,None,,,         ,James,Smith,Clear,Not Collision with Motor Vehicle in Transport,no,no,no,no,no,False
100994491,METROPOLITAN NASHVILLE POLICE DEPT,20150977635,Davidson,Nashville,10/22/2015 8:41:00 AM,3,3,0,36.116010,-86.789040,I 440,,,,0.00,,,,,,,4.00,N,Not at Intersection,N,Non-Junction,None,,,         ,Phillip,Murphy,Clear,Rear to Rear,no,no,no,no,no,False
100994496,METROPOLITAN NASHVILLE POLICE DEPT,20150980933,Davidson,Nashville,10/23/2015 6:40:00 AM,2,1,0,36.239990,-86.752640,I 65,,,,0.00,,,,,,,90.30,N,Not at Intersection,N,Non-Junction,None,,,         ,George,Oden,Clear,Front to Rear,no,no,no,no,no,False
100994500,METROPOLITAN NASHVILLE POLICE DEPT,20150981864,Davidson,Nashville,10/23/2015 1:09:00 PM,2,0,0,36.127510,-86.695870,STATE HWY 155,,,,79.00,Feet,North,INTERNATIONAL PLZ,,,,0.00,N,Not at Intersection,N,Non-Junction,None,,,         ,Wesley,Young,Clear,"Sideswipe, Same Direction",no,no,no,no,no,False
100994524,METROPOLITAN NASHVILLE POLICE DEPT,20150979722,Davidson,Nashville,10/22/2015 8:54:00 PM,2,2,0,36.142800,-86.744360,MURFREESBORO PKE,,,,0.00,,,FESSLERS LN,,,,0.00,Y,Four-Way,N,Intersection,None,,,         ,Cory,Hale,Clear,Front to Rear,no,no,no,no,yes,False
100994526,METROPOLITAN NASHVILLE POLICE DEPT,20150980965,Davidson,Nashville,10/23/2015 7:00:00 AM,2,0,0,36.176420,-86.765960,ELLINGTON PKWYS,,,,165.00,Feet,North,SPRING ST ENT RAMP,,,,0.00,N,Not at Intersection, ,Non-Junction,None,,,         ,Sheila,Nidiffer,Clear,Front to Rear,no,no,no,no,no,False
100994529,METROPOLITAN NASHVILLE POLICE DEPT,2015-0982013,Davidson,Nashville,10/23/2015 2:17:00 PM,2,0,0,36.153030,-86.856920,I40 W EXT RAMP,,,,0.00,Feet,East,I 40,,,,0.00,N,Not at Intersection, ,Non-Junction,None,,,         ,Walter,Gray II,Clear,Front to Rear,no,no,no,no,no,False
100994533,GOODLETTSVILLE POLICE DEPT,15-39516,Davidson,Goodlettsville,10/23/2015 12:18:00 PM,2,0,0,36.323600,-86.701720,NORTHGATE CIR,,,,67.00,Feet,East,NORTHGATE DR,,,,0.00,N,Not at Intersection, ,Non-Junction,None,,,         ,Benny,Alexander,Clear,Front to Rear,no,no,no,no,no,False
100994561,METROPOLITAN NASHVILLE POLICE DEPT,20150982058,Davidson,Nashville,10/23/2015 3:16:00 PM,2,0,0,36.057240,-86.682850,MARVELL CT,,,,48.00,Feet,West,BARELLA DR,,,,0.00,N,Not at Intersection, ,Non-Junction,None,,,         ,Jessie,Meadows,Clear,Front to Rear,no,no,no,no,no,False
100994568,METROPOLITAN NASHVILLE POLICE DEPT,20150982089,Davidson,Nashville,10/23/2015 2:30:00 PM,2,0,0,36.155700,-86.789590,BROADWAY,,,,42.00,Feet,East,I40 E ENT RAMP,,,,0.00,N,Not at Intersection, ,Non-Junction,None,,,         ,Brenton,Adcox,Clear,Front to Rear,no,no,no,no,yes,False
100994578,METROPOLITAN NASHVILLE POLICE DEPT,20150982099,Davidson,Nashville,10/23/2015 3:05:00 PM,2,0,0,36.148360,-86.777070,I 40,,,,0.00,,,,,,,210.00,N,Not at Intersection, ,,None,,,         ,Charles,Griffin,,,no,no,no,no,no,False
100994581,METROPOLITAN NASHVILLE POLICE DEPT,20150982140,Davidson,Nashville,10/23/2015 2:56:00 PM,2,0,0,36.100460,-86.809210,LONE OAK RD,,,,0.00,,,WESTOVER PARK CT,,,,0.00,Y,T-Intersection, ,Intersection-Related,None,,,         ,Nicholas,Smith,Clear,Angle,no,no,no,no,no,False
100994584,METROPOLITAN NASHVILLE POLICE DEPT,20150979228,Davidson,Nashville,10/22/2015 5:13:00 PM,2,0,0,36.159820,-86.795750,US HWY 70,,,,125.00,Feet,West,15TH AVE N,,,,0.00,N,Not at Intersection, ,Non-Junction,None,,,         ,Joshua,Hausman,Clear,"Sideswipe, Same Direction",no,no,no,no,no,False
100994585,METROPOLITAN NASHVILLE POLICE DEPT,2015-0982108,Davidson,Nashville,10/23/2015 2:47:00 PM,3,0,0,36.069450,-86.897640,HIGHWAY 100,,,,158.00,Feet,South,HARPETH TRACE DR,,,,0.00,N,Not at Intersection, ,Non-Junction,None,,,         ,Walter,Gray II,Clear,Front to Rear,no,no,no,no,yes,False
100994593,METROPOLITAN NASHVILLE POLICE DEPT,20150982183,Davidson,Not in City Limit,10/23/2015 3:44:00 PM,1,1,0,36.154870,-86.951490,RIVER ROAD PKE,,,,438.00,Feet,North,RIVER ROAD PKE PVTDR,,,,0.00,N,Not at Intersection,N,Non-Junction,None,,,         ,Brandon,Pedigo,Clear,Not Collision with Motor Vehicle in Transport,no,no,no,no,no,False
100994601,METROPOLITAN NASHVILLE POLICE DEPT,20150982254,Davidson,Nashville,10/23/2015 3:56:00 PM,2,0,0,36.154890,-86.779160,8TH AVS,,,,1.00,Feet,North,KOREAN VETERANS BLVD,,,,0.00,N,Not at Intersection, ,Non-Junction,None,,,         ,Brenton,Adcox,Clear,"Sideswipe, Same Direction",no,no,no,no,yes,False
100994603,METROPOLITAN NASHVILLE POLICE DEPT,20150982195,Davidson,Nashville,10/23/2015 2:50:00 PM,2,0,0,36.214480,-86.597690,ANDREW JACKSON PKWY,,,,232.00,Feet,South,LEBANON PKE,,,,0.00,N,Not at Intersection, ,Non-Junction,None,,,         ,Codey,Mullins,Clear,"Sideswipe, Same Direction",no,no,no,no,no,False
100994608,METROPOLITAN NASHVILLE POLICE DEPT,20150982249,Davidson,Nashville,10/23/2015 4:05:00 PM,2,1,0,36.088110,-86.649430,MURFREESBORO PKE,,,,388.00,Feet,South,RANSOM PL,,,,0.00,N,Not at Intersection,N,Non-Junction,None,,,         ,Colby,Mathis,Cloudy,Angle,no,no,no,no,no,False
100994609,METROPOLITAN NASHVILLE POLICE DEPT,20150982169,Davidson,Nashville,10/23/2015 3:45:00 PM,2,0,0,36.197160,-86.620960,LEBANON PKE,,,,0.00,,,LEBANON PKE EB EXT RAMP,,,,0.00,Y,Four-Way, ,Intersection,None,,,         ,Darryl,Williams,Clear,Front to Rear,no,no,no,no,no,False
100994610,METROPOLITAN NASHVILLE POLICE DEPT,20150982034,Davidson,Nashville,10/23/2015 2:45:00 PM,2,1,0,36.141240,-86.656430,I 40,,,,0.00,,,,,,,217.80,N,Not at Intersection,N,Non-Junction,None,,,         ,Felipe,Pereira,Clear,Front to Rear,no,no,no,no,no,False
100994615,METROPOLITAN NASHVILLE POLICE DEPT,20150982297,Davidson,Nashville,10/23/2015 12:00:00 AM,2,0,0,36.147280,-86.666420,STATE HWY 255,,,,482.00,Feet,North,ROYAL PKWY,,,,0.00,N,Not at Intersection,N,Non-Junction,None,,,         ,Austin,Childress,Clear,"Sideswipe, Same Direction",no,no,no,no,yes,False
100994618,VANDERBILT UNIVERSITY POLICE,15-0982148,Davidson,Nashville,10/23/2015 3:20:00 PM,2,0,0,36.149490,-86.800470,21ST AVS,,,,0.00,,,TERRACE PL,,,,0.00,Y,T-Intersection, ,Intersection-Related,None,,,         ,Jonathan,McAllister,Clear,"Sideswipe, Same Direction",no,no,no,no,no,Campus
100994646,METROPOLITAN NASHVILLE POLICE DEPT,20150982056,Davidson,Nashville,10/23/2015 2:17:00 PM,1,0,0,36.113530,-86.809250,BOENSCH DR,,,,106.00,Feet,South,GOLF CLUB LN,,,,0.00,N,Not at Intersection,N,Non-Junction,None,,,         ,Jacob,Crouch,Clear,Not Collision with Motor Vehicle in Transport,no,no,no,yes,no,False
100994657,METROPOLITAN NASHVILLE POLICE DEPT,20150982342,Davidson,Nashville,10/23/2015 4:31:00 PM,2,0,0,36.133380,-86.769700,WEDGEWOOD AV,,,,137.00,Feet,West,ALLISON PL,,,,0.00,N,Not at Intersection,N,Non-Junction,None,,,         ,Nicholas,Smith,Clear,Front to Rear,no,no,no,no,no,False
100994672,METROPOLITAN NASHVILLE POLICE DEPT,20150982461,Davidson,Nashville,10/23/2015 5:10:00 PM,2,0,0,36.245830,-86.721680,GALLATIN PKES,,,,344.00,Feet,South,BERKLEY DR,,,,0.00,N,Not at Intersection,N,"Driveway, Alley Access, etc",None,,,         ,Lawrence,Lacy,Clear,Angle,no,no,no,no,yes,False
100994673,METROPOLITAN NASHVILLE POLICE DEPT,20150982078,Davidson,Nashville,10/23/2015 2:33:00 PM,1,1,0,36.159040,-86.789350,CHURCH ST,,,,322.00,Feet,West,12TH AVN,,,,0.00,N,Not at Intersection,N,Non-Junction,None,,,         ,Mikala,Moore,Clear,Not Collision with Motor Vehicle in Transport,no,yes,no,no,no,False
100994674,METROPOLITAN NASHVILLE POLICE DEPT,20150979976,Davidson,Not in City Limit,10/22/2015 10:22:00 PM,1,0,0,36.270900,-86.706590,BROOKS AV,,,,0.00,,,ROOSEVELT AV,,,,0.00,Y,Four-Way,N,Non-Junction,None,,,         ,Samuel,Miller,Clear,Not Collision with Motor Vehicle in Transport,no,no,no,no,yes,False
100994675,METROPOLITAN NASHVILLE POLICE DEPT,20150982454,Davidson,Not in City Limit,10/23/2015 5:04:00 PM,2,0,0,36.264210,-86.733860,HEAD DR,,,,0.00,,,OLD HICKORY BLVDW,,,,0.00,Y,T-Intersection, ,Intersection,None,,,         ,Samuel,Miller,Clear,Angle,no,no,no,no,no,False
100994676,METROPOLITAN NASHVILLE POLICE DEPT,20150982287,Davidson,Nashville,10/23/2015 3:57:00 PM,2,0,0,36.239620,-86.780720,BRILEY PKWY W EXT RAMP,,,,0.00,,,BRICK CHURCH PKE,,,,0.00,Y,T-Intersection,N,Intersection,None,,,         ,Ryan,Allen,Clear,Angle,no,no,no,no,no,False
100994677,METROPOLITAN NASHVILLE POLICE DEPT,20150982177,Davidson,Nashville,10/23/2015 3:43:00 PM,2,0,0,36.155770,-86.789470,I40 E ENT RAMP,,,,0.00,,,I 40,,,,0.00,Y,T-Intersection, ,Intersection,None,,,         ,Clyde,Stambaugh,Clear,"Sideswipe, Same Direction",no,no,no,no,no,False
100994679,METROPOLITAN NASHVILLE POLICE DEPT,2015-0982506,Davidson,Nashville,10/23/2015 5:33:00 PM,2,0,0,36.154120,-86.836710,I 40,,,,0.00,,,,,,,205.10,N,Not at Intersection, ,Non-Junction,None,,,         ,Walter,Gray II,Clear,Front to Rear,no,no,no,no,no,False
100994681,METROPOLITAN NASHVILLE POLICE DEPT,20150982436,Davidson,Nashville,10/23/2015 5:00:00 PM,2,0,0,36.144670,-86.767230,CHESTNUT ST,,,,193.00,Feet,West,4TH AVS,,,,0.00,N,Not at Intersection, ,,None,,,         ,Christopher,Davis,,,no,no,no,no,no,False
100994683,METROPOLITAN NASHVILLE POLICE DEPT,20150982054,Davidson,Nashville,10/23/2015 2:39:00 PM,2,0,0,36.156180,-86.807140,22ND AVN,,,,50.00,Feet,South,CHARLOTTE AV,,,,0.00,N,Not at Intersection, ,Non-Junction,None,,,         ,Clyde,Stambaugh,Clear,"Sideswipe, Opposite Direction",no,no,no,no,no,False
100994689,METROPOLITAN NASHVILLE POLICE DEPT,20150982531,Davidson,Nashville,10/23/2015 5:35:00 PM,2,0,0,36.136510,-86.775840,I 65,,,,0.00,,,,,,,81.55,N,Not at Intersection, ,Non-Junction,None,,,         ,Clyde,Stambaugh,Clear,Front to Rear,no,no,no,no,no,False
100994702,METROPOLITAN NASHVILLE POLICE DEPT,20150982419,Davidson,Nashville,10/23/2015 4:53:00 PM,2,0,0,36.222990,-86.746290,ELLINGTON PKWYN,,,,374.00,Feet,North,ELLINGTON PKWYS,,,,0.00,N,Not at Intersection,N,Non-Junction,None,,,         ,Charles,Wakefield,Clear,Front to Rear,no,no,no,no,no,False
100994704,METROPOLITAN NASHVILLE POLICE DEPT,20150982564,Davidson,Nashville,10/23/2015 3:26:00 PM,3,0,0,36.098900,-86.815910,OVERHILL DR,,,,0.00,,,HOOD AV,,,,0.00,Y,T-Intersection, ,Intersection,Work Zone,,,         ,Jacob,Crouch,Clear,Front to Rear,no,no,no,no,no,False
100994705,METROPOLITAN NASHVILLE POLICE DEPT,20150982377,Davidson,Nashville,10/23/2015 5:06:00 PM,2,1,0,36.085500,-86.706560,LINBAR DR,,,,12.00,Feet,South,SUNLIGHT DR,,,,0.00,N,Not at Intersection,N,Non-Junction,None,,,         ,Jessie,Meadows,Clear,Not Collision with Motor Vehicle in Transport,no,no,no,no,no,False
100994709,METROPOLITAN NASHVILLE POLICE DEPT,20150982576,Davidson,Nashville,10/23/2015 5:32:00 PM,2,0,0,36.136000,-86.791940,WEDGEWOOD AV,,,,0.00,Feet,West,15TH AVS,,,,0.00,N,Not at Intersection, ,Non-Junction,None,,,         ,Nicholas,Smith,Clear,"Sideswipe, Opposite Direction",no,no,no,no,no,False
100994712,METROPOLITAN NASHVILLE POLICE DEPT,20150963596,Davidson,Nashville,10/17/2015 1:49:00 PM,2,0,0,36.046520,-86.673970,BLUE HOLE RD,,,,308.00,Feet,North,BELL RD,,,,0.00,N,Not at Intersection, ,Non-Junction,None,,,         ,Matthew,Johnson,Clear,Angle,no,no,no,no,no,False
100994713,METROPOLITAN NASHVILLE POLICE DEPT,20150972577,Davidson,Nashville,10/20/2015 7:04:00 PM,2,0,0,36.062860,-86.697140,KEELEY DR,,,,0.00,,,PACKARD DR,,,,0.00,Y,Four-Way, ,Intersection,None,,,         ,Matthew,Johnson,Clear,Angle,no,no,no,no,no,False
100994719,METROPOLITAN NASHVILLE POLICE DEPT,20150982708,Davidson,Nashville,10/23/2015 3:00:00 PM,2,0,0,36.212050,-86.753300,ALLENWOOD DR,,,,76.00,Feet,East,OAKWOOD AV,,,,0.00,N,Not at Intersection,N,Non-Junction,None,,,         ,Daniel,Garrett,Clear,"Sideswipe, Same Direction",no,no,no,no,yes,False
100994720,METROPOLITAN NASHVILLE POLICE DEPT,20150982540,Davidson,Nashville,10/23/2015 12:00:00 AM,2,0,0,36.166150,-86.779520,DEADERICK ST,,,,151.00,Feet,West,3RD AVN,,,,0.00,N,Not at Intersection,N,Non-Junction,None,,,         ,Caleb,Rogan,Other,Unknown,no,no,no,yes,yes,False
100994729,METROPOLITAN NASHVILLE POLICE DEPT,20150982679,Davidson,Nashville,10/23/2015 6:34:00 PM,3,2,0,36.124750,-86.794250,BELMONT BLVD,,,,0.00,,,SWEETBRIAR AV,,,,0.00,Y,T-Intersection,N,Intersection,None,,,         ,Charles,Griffin,Cloudy,Front to Rear,no,no,no,no,no,False
100994730,METROPOLITAN NASHVILLE POLICE DEPT,20150982542,Davidson,Nashville,10/23/2015 5:13:00 PM,2,0,0,36.217360,-86.763230,LORRAINE AV,,,,0.00,,,DICKERSON PKE,,,,0.00,Y,T-Intersection,N,Intersection-Related,None,,,         ,Paul,Stein,Cloudy,"Sideswipe, Same Direction",no,no,no,no,no,False
100994734,METROPOLITAN NASHVILLE POLICE DEPT,20150982815,Davidson,Nashville,10/23/2015 6:45:00 PM,2,0,0,36.183810,-86.748280,EASTLAND AV,,,,26.00,Feet,East,GALLATIN AV,,,,0.00,N,Not at Intersection, ,Non-Junction,None,,,         ,Cressie,Prill,Clear,"Sideswipe, Same Direction",no,no,no,no,no,False
100994754,METROPOLITAN NASHVILLE POLICE DEPT,20150982784,Davidson,Nashville,10/23/2015 7:17:00 PM,2,0,0,36.082060,-86.761730,I65 N EXT RAMP,,,,0.00,,,SIDCO DR,,,,0.00,Y,T-Intersection, ,Intersection,None,,,         ,Clyde,Stambaugh,Clear,Front to Rear,no,no,no,no,no,False
100994755,METROPOLITAN NASHVILLE POLICE DEPT,20150982745,Davidson,Nashville,10/23/2015 12:00:00 AM,2,0,0,36.148620,-86.857900,WHITE BRIDGE PKE,,,,75.00,Feet,North,LENOX AV,,,,0.00,N,Not at Intersection,N,Non-Junction,None,,,         ,Douglas,Sykes,Clear,Angle,no,no,no,no,no,False
100994756,METROPOLITAN NASHVILLE POLICE DEPT,20150982832,Davidson,Nashville,10/23/2015 6:43:00 PM,2,0,0,36.195380,-86.723370,PORTER RD,,,,0.00,,,RIVERSIDE DR,,,,0.00,Y,Four-Way,N,Non-Junction,None,,,         ,Rachael,Sacco,Clear,Front to Rear,no,no,no,no,yes,False
100994760,METROPOLITAN NASHVILLE POLICE DEPT,20150982804,Davidson,Nashville,10/23/2015 7:25:00 PM,2,0,0,36.176910,-86.774580,SPRING ST,,,,0.00,,,N 1ST ST,,,,0.00,Y,Four-Way, ,,None,,,         ,Mikala,Moore,,,no,no,no,no,no,False
100994766,METROPOLITAN NASHVILLE POLICE DEPT,20150982823,Davidson,Not in City Limit,10/23/2015 6:39:00 PM,1,0,0,36.086470,-86.972550,HIGHWAY 70S,,,,2002.00,Feet,West,SADDLE RIDGE CT,,,,0.00,N,Not at Intersection, ,Non-Junction,None,,,         ,Brandon,Pedigo,Clear,Not Collision with Motor Vehicle in Transport,no,no,no,no,no,False
100994768,METROPOLITAN NASHVILLE POLICE DEPT,20150982864,Davidson,Nashville,10/23/2015 7:44:00 PM,2,0,0,36.150290,-86.766750,LAFAYETTE ST,,,,335.00,Feet,West,1ST AVS,,,,0.00,N,Not at Intersection, ,Non-Junction,None,,,         ,Felipe,Pereira,Clear,Front to Rear,no,no,no,no,no,False
100994769,METROPOLITAN NASHVILLE POLICE DEPT,20150982788,Davidson,Nashville,10/23/2015 6:58:00 PM,2,0,0,36.142140,-86.816020,WEST END AV,,,,100.00,Feet,North,32ND AVS,,,,0.00,N,Not at Intersection, ,Non-Junction,None,,,         ,Clyde,Stambaugh,Clear,Front to Rear,no,no,no,no,no,Campus
100994781,METROPOLITAN NASHVILLE POLICE DEPT,20150982826,Davidson,Nashville,10/23/2015 12:00:00 AM,2,0,0,36.108990,-86.814340,CRESTMOOR RD,,,,0.00,,,,,,,0.00,,,N,Non-Junction,None,,,         ,Mark,Hatt,Clear,Angle,no,no,no,yes,yes,False
100994784,METROPOLITAN NASHVILLE POLICE DEPT,20150972555,Davidson,Nashville,10/20/2015 7:05:00 PM,3,0,0,36.242540,-86.736580,WORTH ST,,,,0.00,,,BRIARVILLE RD,,,,0.00,Y,Four-Way,N,Non-Junction,None,,,         ,Nathan,Dungan,Clear,Front to Rear,no,no,no,no,no,False
100994790,METROPOLITAN NASHVILLE POLICE DEPT,20150982996,Davidson,Not in City Limit,10/23/2015 8:25:00 PM,2,0,0,36.269260,-86.755740,OLD HICKORY BLVDW,,,,0.00,,,DICKERSON PKE,,,,0.00,Y,Four-Way, ,Intersection,None,,,         ,Rodney,Phipps,Clear,Angle,no,no,no,no,no,False
100994795,METROPOLITAN NASHVILLE POLICE DEPT,2015-0982801,Davidson,Nashville,10/23/2015 7:25:00 PM,2,1,0,36.155820,-86.795900,CHURCH ST,,,,0.00,,,17TH AVE N,,,,0.00,Y,Four-Way,Y,Intersection-Related,None,,,         ,Austin,Kendrick,Clear,Front to Rear,no,no,no,no,no,False
100994796,METROPOLITAN NASHVILLE POLICE DEPT,20150982819,Davidson,Nashville,10/23/2015 7:30:00 PM,2,0,0,36.131430,-86.834320,WEST END AV,,,,0.00,,,WILSON BLVDS,,,,0.00,Y,Four-Way, ,Intersection-Related,None,,,         ,Shaun,Heath,Clear,Angle,no,no,no,no,no,False
100994797,METROPOLITAN NASHVILLE POLICE DEPT,20150982992,Davidson,Nashville,10/23/2015 8:16:00 PM,2,0,0,36.149240,-86.860540,US HWY 70,,,,0.00,,,,,,,0.00,,,N,Non-Junction,None,,,         ,Brandon,Rardin,Clear,"Sideswipe, Same Direction",no,no,no,yes,yes,False
100994804,METROPOLITAN NASHVILLE POLICE DEPT,20150978964,Davidson,Nashville,10/22/2015 4:46:00 PM,3,0,0,36.085850,-86.729120,NOLENSVILLE PKE,,,,133.00,Feet,South,ELYSIAN FIELDS RD,,,,0.00,N,Not at Intersection,N,Non-Junction,None,,,         ,William,Durham,Clear,Front to Rear,no,no,no,no,yes,False
100994805,METROPOLITAN NASHVILLE POLICE DEPT,20150979109,Davidson,Nashville,10/22/2015 5:21:00 PM,2,0,0,36.117470,-86.719230,OLD GLENROSE AV,,,,52.00,Feet,West,MILL CREEK THOMPSON LN GREENWA,,,,0.00,N,Not at Intersection,N,Non-Junction,None,,,         ,William,Durham,Clear,HeadOn,no,no,no,no,no,False
100994806,METROPOLITAN NASHVILLE POLICE DEPT,20150979365,Davidson,Nashville,10/22/2015 6:59:00 PM,3,2,0,36.125280,-86.732920,I 440,,,,0.00,,,,,,,7.25,N,Not at Intersection,N,Non-Junction,None,,,         ,William,Durham,Clear,Front to Rear,no,no,no,no,no,False
100994807,METROPOLITAN NASHVILLE POLICE DEPT,20150982944,Davidson,Nashville,10/23/2015 8:03:00 PM,2,0,0,36.089060,-86.614300,SMITH SPRINGS RD,,,,67.00,Feet,West,CLEARLAKE DRW,,,,0.00,N,Not at Intersection,N,Non-Junction,None,,,         ,William,Durham,Clear,Front to Rear,no,no,no,no,yes,False
100994825,METROPOLITAN NASHVILLE POLICE DEPT,20150983013,Davidson,Nashville,10/23/2015 8:25:00 PM,2,0,0,36.082100,-86.761700,HARDING PL,,,,0.00,,,SIDCO DR,,,,0.00,Y,Four-Way, ,Intersection-Related,None,,,         ,Jacob,Crouch,Clear,Front to Rear,no,no,no,no,no,False
100994831,METROPOLITAN NASHVILLE POLICE DEPT,20150983268,Davidson,Nashville,10/23/2015 9:51:00 PM,2,0,0,36.160790,-86.777710,BROADWAY,,,,172.00,Feet,West,4TH AVN,,,,0.00,N,Not at Intersection, ,Non-Junction,None,,,         ,Blaze,Williams,Clear,"Sideswipe, Same Direction",no,no,no,no,no,False
100994832,METROPOLITAN NASHVILLE POLICE DEPT,20150982188,Davidson,Nashville,10/23/2015 3:00:00 PM,2,0,0,36.149060,-86.857890,STATE HWY 155,,,,242.00,Feet,North,LENOX AVE,,,,0.00,N,Not at Intersection,Y,Non-Junction,None,,,         ,Jose,Salazar,Clear,Angle,no,no,no,no,yes,False
100994833,METROPOLITAN NASHVILLE POLICE DEPT,20150982477,Davidson,Lakewood,10/23/2015 5:14:00 PM,2,0,0,0.000000,0.000000,INDUSTRIAL,DR,,,0.00,,,ROBINSON,RD,,,0.00,Y,Four-Way, ,,None,,,         ,Khalid,Abbady,,,no,no,no,no,no,False
100994842,METROPOLITAN NASHVILLE POLICE DEPT,20150982811,Davidson,Nashville,10/23/2015 7:28:00 PM,2,0,0,36.157950,-86.784310,10TH AVS,,,,0.00,,,10TH AVN,,,,0.00,Y,Four-Way, ,Non-Junction,None,,,         ,Caleb,Rogan,Clear,Angle,no,no,no,no,no,False
100994863,METROPOLITAN NASHVILLE POLICE DEPT,20150980844,Davidson,Nashville,10/23/2015 5:36:00 AM,2,0,0,36.151760,-86.768630,2ND AVS,,,,0.00,,,I40 W EXT RAMP,,,,0.00,Y,Four-Way,Y,Intersection,Construction Zone,Work On Shoulder Or Median,Before First Warning Area,         ,Doyle,Wilhoite,Clear,Angle,no,no,no,no,no,False
100994882,METROPOLITAN NASHVILLE POLICE DEPT,20150983454,Davidson,Nashville,10/23/2015 11:40:00 PM,2,0,0,36.084590,-86.702010,WALLACE RD,,,,0.00,,,LARGO DR,,,,0.00,Y,OTHER, ,Intersection,None,,,         ,Erik,Dabbs,Cloudy,"Sideswipe, Opposite Direction",no,no,no,no,no,False
100994889,METROPOLITAN NASHVILLE POLICE DEPT,20150983335,Davidson,Nashville,10/23/2015 9:52:00 PM,2,0,0,36.231520,-86.795480,EWING DR,,,,0.00,,,VISTA LN,,,,0.00,Y,Four-Way,N,Intersection-Related,None,,,         ,Matthew,Lachance,Clear,Front to Rear,no,no,no,no,yes,False
100994892,METROPOLITAN NASHVILLE POLICE DEPT,20150983524,Davidson,Nashville,10/24/2015 12:12:00 AM,2,1,0,36.180460,-86.796260,ROSA L PARKS BLVD,,,,52.00,Feet,South,GARFIELD ST,,,,0.00,N,Not at Intersection,N,Non-Junction,None,,,         ,Christopher,Valdez,Rain,Front to Rear,no,no,no,no,no,False
100994895,METROPOLITAN NASHVILLE POLICE DEPT,20150983418,Davidson,Nashville,10/23/2015 11:24:00 PM,2,3,0,36.169250,-86.757870,S 7TH ST,,,,0.00,,,SHELBY AV,,,,0.00,Y,Four-Way,N,Intersection-Related,None,,,         ,Christopher,Dameron,Clear,Front to Rear,no,no,no,no,yes,False
100994896,METROPOLITAN NASHVILLE POLICE DEPT,2015-983577,Davidson,Nashville,10/23/2015 11:21:00 PM,2,1,0,36.126700,-86.711090,MURFREESBORO PKE,,,,0.00,,,THOMPSON PL,,,,0.00,Y,Four-Way,Y,Intersection,None,,,         ,Joshua,Chick,Rain,Angle,no,no,no,no,no,False
100994903,METROPOLITAN NASHVILLE POLICE DEPT,20150982048,Davidson,Not in City Limit,10/23/2015 2:09:00 PM,2,0,0,36.330090,-86.898050,I 24,,,,0.00,,,,,,,33.20,N,Not at Intersection,N,Non-Junction,None,,,         ,Michael,Brooks,Clear,"Sideswipe, Same Direction",no,no,no,no,yes,False
100994904,METROPOLITAN NASHVILLE POLICE DEPT,20150982215,Davidson,Nashville,10/23/2015 3:36:00 PM,2,0,0,36.173790,-86.791710,ROSA L PARKS BLVD,,,,0.00,,,REV DR ENOCH JONES BLVD,,,,0.00,Y,Four-Way, ,Intersection,None,,,         ,Michael,Brooks,Clear,Angle,no,no,no,no,no,False
100994907,METROPOLITAN NASHVILLE POLICE DEPT,20150983644,Davidson,Nashville,10/24/2015 1:15:00 AM,1,0,0,36.124590,-86.737640,I 440,,,,0.00,,,,,,,7.00,N,Not at Intersection,N,Non-Junction,None,,,         ,Geoffrey,Daugherty,Clear,Not Collision with Motor Vehicle in Transport,no,no,no,no,no,False
100994925,METROPOLITAN NASHVILLE POLICE DEPT,20150983520,Davidson,Nashville,10/23/2015 11:50:00 PM,2,0,0,36.098610,-86.659400,US HWY 41,,,,0.00,,,HARDING PL,,,,0.00,Y,T-Intersection,N,Intersection-Related,None,,,         ,Wallis,Massey,Clear,"Sideswipe, Same Direction",no,no,no,no,yes,False
100994931,METROPOLITAN NASHVILLE POLICE DEPT,2015097897,Davidson,Nashville,10/22/2015 9:50:00 PM,2,0,0,36.152120,-86.772230,LAFAYETTE ST,,,,5.00,Feet,West,ASH ST,,,,0.00,N,Not at Intersection, ,Non-Junction,None,,,         ,Ryan,Henehan,Clear,"Sideswipe, Same Direction",no,no,no,no,yes,False
100994932,METROPOLITAN NASHVILLE POLICE DEPT,20150983836,Davidson,Nashville,10/24/2015 2:42:00 AM,1,1,0,36.046100,-86.657840,BELL RD,,,,40.00,Feet,East,COLLINS PARK DR,,,,0.00,N,Not at Intersection,N,Non-Junction,None,,,         ,Steven,Williams,Rain,Not Collision with Motor Vehicle in Transport,no,no,no,no,no,False
100994933,METROPOLITAN NASHVILLE POLICE DEPT,20150983926,Davidson,Nashville,10/24/2015 3:35:00 AM,2,0,0,36.153290,-86.632990,I 40,,,,0.00,,,,,,,218.70,N,Not at Intersection, ,Non-Junction,None,,,         ,Gregory,Dixon,Rain,Angle,no,no,no,no,yes,False