master_record_number,agency,agency_tracking_number,county,city,collision_date,vehicles_involved,number_injured,number_dead,latitude,longitude,roadway_name,roadway_suffix,roadway_number,roadway_local_id,distance_from_reference,miles-feet_indicator,direction_from_reference,intersection_road_name,intersection_road_name_suffix,intersection_road_number,intersection_local_id,mile_marker,intersection_indicator,intersect_type,interchange_related_indicator,relation_to_junction,work_zone_type,construction_maintenance_zone,construction_maintenance_zone_location,fatal_case_number,officer_first_name,officer_last_name,weather_condition(s),manner_of_crash,pedestrian,bicycle,scooter,parking,hitrun,mou
100995397,METROPOLITAN NASHVILLE POLICE DEPT,2015-0978838,Davidson,Nashville,10/22/2015 4:17:00 PM,2,1,0,36.037400,-86.786570,FRANKLIN PKE,,,,0.00,,,OLD HICKORY BLVD,,,,0.00,Y,Four-Way,N,Intersection,None,,,         ,William,King,Clear,Angle,no,no,no,no,no,False
100995398,METROPOLITAN NASHVILLE POLICE DEPT,2015-0979213,Davidson,Nashville,10/22/2015 6:11:00 PM,2,0,0,36.037430,-86.790580,OLD HICKORY BLVD,,,,100.00,Feet,East,S HILLVIEW DR,,,,0.00,N,Not at Intersection, ,Non-Junction,None,,,         ,William,King,Clear,Front to Rear,no,no,no,no,no,False
100995399,METROPOLITAN NASHVILLE POLICE DEPT,2015-0982883,Davidson,Not in City Limit,10/23/2015 6:55:00 PM,2,0,0,36.010460,-86.702250,NOLENSVILLE PKE,,,,250.00,Feet,South,LENOX CREEKSIDE DR,,,,0.00,N,Not at Intersection, ,Non-Junction,None,,,         ,William,King,Clear,Front to Rear,no,no,no,no,no,False
100995415,METROPOLITAN NASHVILLE POLICE DEPT,20150985428,Davidson,Nashville,10/24/2015 12:00:00 AM,1,0,0,36.234600,-86.765900,I 65,,,,0.00,,,,,,,89.40,N,Not at Intersection,N,Non-Junction,Construction Zone,Work On Shoulder Or Median,Activity Area,         ,Cressie,Prill,Rain,Unknown,no,no,no,no,yes,False
100995434,METROPOLITAN NASHVILLE POLICE DEPT,20150984924,Davidson,Nashville,10/24/2015 3:30:00 PM,2,0,0,36.044770,-86.661530,CANE RIDGE RD,,,,0.00,,,BELL RD,,,,0.00,Y,Four-Way, ,Non-Junction,None,,,         ,Rickie,Corman,Cloudy,Angle,no,no,no,no,yes,False
100995441,METROPOLITAN NASHVILLE POLICE DEPT,20150985596,Davidson,Nashville,10/24/2015 7:26:00 PM,2,0,0,36.166200,-86.765880,I24 E ENT RAMP,,,,0.00,,,I 24,,,,0.00,Y,Four-Way, ,,None,,,         ,MIchael,Mihajlov,,,no,no,no,no,no,False
100995442,METROPOLITAN NASHVILLE POLICE DEPT,20150985205,Davidson,Nashville,10/24/2015 7:20:00 PM,2,0,0,36.084160,-86.705890,LINBAR DR,,,,0.00,,,HARDING PL,,,,0.00,Y,Four-Way,N,Intersection-Related,None,,,         ,Paul,Goebel,Clear,Angle,no,no,no,no,no,False
100995447,METROPOLITAN NASHVILLE POLICE DEPT,20150985599,Davidson,Nashville,10/24/2015 9:40:00 PM,2,0,0,36.216680,-86.693050,MCGAVOCK PKE EB EXT RAMP,,,,0.00,,,MCGAVOCK PKE,,,,0.00,Y,Five Point Or More,Y,Intersection-Related,None,,,         ,John,Kelley,Clear,Front to Rear,no,no,no,no,yes,False
100995448,METROPOLITAN NASHVILLE POLICE DEPT,20150985079,Davidson,Nashville,10/24/2015 5:46:00 PM,2,0,0,36.242060,-86.756020,DICKERSON PKE ENT RAMP,,,,106.00,Feet,West,I65 S EXT RAMP,,,,0.00,N,Not at Intersection,Y,Entrance/Exit Ramp Related,None,,,         ,Daniel,Garrett,Rain,Front to Rear,no,no,no,no,no,False
100995455,METROPOLITAN NASHVILLE POLICE DEPT,20150985594,Davidson,Nashville,10/24/2015 9:42:00 PM,2,0,0,36.137570,-86.800760,WEDGEWOOD AV,,,,0.00,,,21ST AVS,,,,0.00,Y,Four-Way,N,Intersection,None,,,         ,Nicholas,Smith,Clear,Angle,no,no,no,no,no,Campus
100995466,METROPOLITAN NASHVILLE POLICE DEPT,20150980148,Davidson,Nashville,10/22/2015 11:29:00 PM,2,0,0,36.160470,-86.778440,BROADWAY,,,,0.00,,,5TH AVS,,,,0.00,Y,OTHER, ,,None,,,         ,Carlos,angulo,,,no,no,no,no,no,False
100995475,METROPOLITAN NASHVILLE POLICE DEPT,20150985707,Davidson,Nashville,10/24/2015 9:19:00 PM,1,0,0,36.218200,-86.809190,VANDERHORST DR,,,,323.00,Feet,West,CRAVATH DR,,,,0.00,N,Not at Intersection, ,Non-Junction,None,,,         ,Peter,Finnegan,Clear,Not Collision with Motor Vehicle in Transport,no,no,no,no,no,False
100995483,METROPOLITAN NASHVILLE POLICE DEPT,20150984743,Davidson,Goodlettsville,10/24/2015 2:25:00 PM,3,0,0,36.301670,-86.693400,GALLATIN PKEN,,,,12.00,Feet,East,THE GALLERY AT RIVERGATE PVTDR,,,,0.00,N,Not at Intersection,N,Non-Junction,None,,,         ,Samuel,Miller,Cloudy,Front to Rear,no,no,no,no,no,False
100995487,METROPOLITAN NASHVILLE POLICE DEPT,20150985671,Davidson,Nashville,10/24/2015 8:30:00 PM,2,0,0,36.153400,-86.800840,20TH AVN,,,,0.00,,,CHURCH ST,,,,0.00,Y,Four-Way,N,Intersection,None,,,         ,Adam,Reese,Cloudy,"Sideswipe, Same Direction",no,no,no,no,yes,Campus
100995491,METROPOLITAN NASHVILLE POLICE DEPT,20150983956,Davidson,Nashville,10/24/2015 4:10:00 AM,3,3,0,36.119550,-86.766330,I 440,,,,0.00,,,,,,,5.40,N,Not at Intersection,N,Non-Junction,None,,,         ,Michael,Baron,Clear,HeadOn,no,no,no,no,no,False
100995498,METROPOLITAN NASHVILLE POLICE DEPT,20150985864,Davidson,Not in City Limit,10/24/2015 11:05:00 PM,2,0,0,36.264070,-86.690290,STATE RT 45,,,,0.00,,,MYATT DR,,,,0.00,Y,Four-Way, ,,None,,,         ,George,Ward,,,no,no,no,no,no,False
100995502,METROPOLITAN NASHVILLE POLICE DEPT,20150985885,Davidson,Not in City Limit,10/25/2015 12:05:00 AM,1,1,0,35.976840,-86.629460,BATTLE RD,,,,2231.00,Feet,East,CAROTHERS RD,,,,0.00,N,Not at Intersection,N,Non-Junction,None,,,         ,Kevin,Breeding,Clear,Not Collision with Motor Vehicle in Transport,no,no,no,no,no,False
100995506,THP District 3 - Nashville,315054540,Davidson,Nashville,10/24/2015 7:44:00 PM,2,0,0,36.130480,-86.785850,SOUTH DOUGLAS AV,,,,5.00,Feet,South,10TH AVS,,,,0.00,N,Not at Intersection,N,Non-Junction,None,,,         ,Christopher,Burrell,Clear,HeadOn,no,no,no,no,yes,False
100995509,METROPOLITAN NASHVILLE POLICE DEPT,20150983651,Davidson,Nashville,10/24/2015 1:18:00 AM,2,0,0,36.146350,-86.816780,LONG BLVD,,,,124.00,Feet,West,BURCH AV,,,,0.00,N,Not at Intersection,N,Non-Junction,None,,,         ,Jessica,Johnson,Clear,Front to Rear,no,no,no,no,no,False
100995530,METROPOLITAN NASHVILLE POLICE DEPT,20150985859,Davidson,Nashville,10/24/2015 11:55:00 PM,2,1,0,36.142950,-86.874550,CHARLOTTE PKE,,,,23.00,Feet,East,WILCLAY DR,,,,0.00,N,Not at Intersection,N,Non-Junction,None,,,         ,Autumn,Manning,Clear,Front to Rear,no,no,no,no,no,False
100995545,METROPOLITAN NASHVILLE POLICE DEPT,20150985768,Davidson,Nashville,10/24/2015 11:10:00 PM,2,0,0,36.138030,-86.800700,21ST AVS,,,,166.00,Feet,North,WEDGEWOOD AV,,,,0.00,N,Not at Intersection, ,Non-Junction,None,,,         ,Michael,Dance,Clear,"Sideswipe, Same Direction",no,no,no,no,no,Campus
100995549,GOODLETTSVILLE POLICE DEPT,15-39695,Davidson,Goodlettsville,10/25/2015 1:30:00 AM,2,1,0,36.325946,-86.706222,,,I65,,50.00,Feet,North,,,,,97.00,N,Not at Intersection,Y,Non-Junction,None,,,         ,Hannah,Poole,Rain,"Sideswipe, Same Direction",no,no,no,no,yes,False
100995570,METROPOLITAN NASHVILLE POLICE DEPT,20150986306,Davidson,Nashville,10/25/2015 4:26:00 AM,1,0,0,36.160510,-86.801870,JO JOHNSTON AV,,,,0.00,,,DR D B TODD JR BLVD,,,,0.00,Y,OTHER,N,Intersection-Related,None,,,         ,Harris,Smith,Rain,Not Collision with Motor Vehicle in Transport,no,no,no,no,no,False
100995577,METROPOLITAN NASHVILLE POLICE DEPT,20150986027,Davidson,Nashville,10/25/2015 1:38:00 AM,2,0,0,36.136210,-86.793950,WEDGEWOOD AV,,,,135.00,Feet,West,E BELMONT CIR,,,,0.00,N,Not at Intersection,N,Non-Junction,None,,,         ,Jessica,Johnson,Clear,Front to Rear,no,no,no,no,no,False
100995602,METROPOLITAN NASHVILLE POLICE DEPT,20150984642,Davidson,Nashville,10/24/2015 1:20:00 PM,2,0,0,36.086880,-86.696570,HARDING PL,,,,181.00,Feet,West,S PERIMETER PARK DR,,,,0.00,N,Not at Intersection,N,"Driveway, Alley Access, etc",None,,,         ,James,Thomas,Clear,Angle,no,no,no,no,yes,False
100995604,METROPOLITAN NASHVILLE POLICE DEPT,20150986021,Davidson,Nashville,10/25/2015 1:30:00 AM,1,1,0,36.215130,-86.599750,LEBANON PKE,,,,600.00,Feet,West,ANDREW JACKSON PKWY,,,,0.00,N,Not at Intersection,N,Non-Junction,None,,,         ,Gregory,Dixon,Rain,Not Collision with Motor Vehicle in Transport,no,no,no,no,no,False
100995606,METROPOLITAN NASHVILLE POLICE DEPT,20150985833,Davidson,Nashville,10/24/2015 9:30:00 PM,2,1,0,36.207790,-86.611570,LEBANON PKE,,,,0.00,,,HIGHLAND VIEW DR,,,,0.00,Y,Y-Intersection,Y,Intersection,None,,,         ,Blake,Giles,Unknown,Front to Rear,no,no,no,no,no,False
100995622,METROPOLITAN NASHVILLE POLICE DEPT,20150984526,Davidson,Nashville,10/24/2015 12:00:00 PM,2,1,0,36.041140,-86.776210,OLD HICKORY BLVD,,,,0.00,,,BRENTWOOD COMMONS WAY,,,,0.00,Y,Four-Way,N,Intersection,None,,,         ,Marc,Haugen,Rain,Angle,no,no,no,no,no,False
100995623,METROPOLITAN NASHVILLE POLICE DEPT,2015-0978344,Davidson,Nashville,10/22/2015 1:15:00 PM,1,0,0,36.224580,-86.722600,EASTDALE AV,,,,410.00,Feet,West,EASTDALE PL,,,,0.00,N,Not at Intersection,N,"Driveway, Alley Access, etc",None,,,         ,Coleman,Womack,Clear,Not Collision with Motor Vehicle in Transport,no,no,no,no,yes,False
100995625,METROPOLITAN NASHVILLE POLICE DEPT,20150984546,Davidson,Nashville,10/24/2015 12:08:00 PM,2,2,0,36.153980,-86.735660,LEBANON PKE,,,,1173.00,Feet,East,LEBANON PKE,,,,0.00,N,Not at Intersection,N,Non-Junction,None,,,         ,Jaby,Djabbarov,Cloudy,Front to Rear,no,no,no,no,no,False
100995626,METROPOLITAN NASHVILLE POLICE DEPT,20150984433,Davidson,Nashville,10/24/2015 10:42:00 AM,2,0,0,36.176880,-86.776180,SPRING ST,,,,0.00,,,COWAN ST,,,,0.00,Y,Four-Way,Y,Intersection,None,,,         ,Joshua,Hollins,Rain,Front to Rear,no,no,no,no,no,False
100995631,METROPOLITAN NASHVILLE POLICE DEPT,20150986561,Davidson,Nashville,10/25/2015 8:15:00 AM,1,0,0,36.043400,-86.641070,MT VIEW RD,,,,88.00,Feet,West,BABY RUTH LN,,,,0.00,N,Not at Intersection,N,Non-Junction,None,,,         ,Tyler,McDaniel,Rain,Not Collision with Motor Vehicle in Transport,no,no,no,no,no,False
100995642,METROPOLITAN NASHVILLE POLICE DEPT,20150984444,Davidson,Nashville,10/24/2015 10:40:00 AM,2,0,0,36.133170,-86.767750,WEDGEWOOD AV,,,,92.00,Feet,East,NEAL TER,,,,0.00,N,Not at Intersection, ,,None,,,         ,John,Daugherty,,,no,no,no,no,no,False
100995644,METROPOLITAN NASHVILLE POLICE DEPT,20150986604,Davidson,Nashville,10/25/2015 8:42:00 AM,1,0,0,36.125340,-86.813560,I 440,,,,0.00,,,,,,,2.40,N,Not at Intersection,N,Non-Junction,None,,,         ,Joshua,Dickall,Rain,Not Collision with Motor Vehicle in Transport,no,no,no,no,no,False
100995649,METROPOLITAN NASHVILLE POLICE DEPT,20150982022,Davidson,Nashville,10/23/2015 1:29:00 PM,2,0,0,36.154330,-86.743290,US HWY 70,,,,0.00,,,FESSLERS LN,,,,0.00,Y,T-Intersection,N,Intersection,None,,,         ,Justin,Franklin,Clear,Angle,no,no,no,no,no,False
100995657,METROPOLITAN NASHVILLE POLICE DEPT,20150986507,Davidson,Nashville,10/25/2015 7:00:00 AM,2,0,0,36.109520,-86.727980,EAST THOMPSON LN,,,,0.00,,,BRILEY PKWYN,,,,0.00,Y,Four-Way,N,Non-Junction,None,,,         ,Ian,Hammond,Clear,HeadOn,no,no,no,no,yes,False
100995663,METROPOLITAN NASHVILLE POLICE DEPT,20150986563,Davidson,Nashville,10/25/2015 8:00:00 AM,1,1,0,36.073930,-86.693240,LINBAR DR,,,,254.00,Feet,North,MELMACK DR,,,,0.00,N,Not at Intersection,N,Non-Junction,None,,,         ,Roderic,Williams,Rain,Not Collision with Motor Vehicle in Transport,no,no,no,no,no,False
100995677,METROPOLITAN NASHVILLE POLICE DEPT,20150986688,Davidson,Nashville,10/25/2015 9:43:00 AM,2,0,0,36.215470,-86.588150,LEBANON PKE,,,,109.00,Feet,East,BIG HORN DR,,,,0.00,N,Not at Intersection, ,,None,,,         ,Patrick,McGinnis,,,no,no,no,no,no,False
100995681,METROPOLITAN NASHVILLE POLICE DEPT,20150986645,Davidson,Nashville,10/25/2015 8:18:00 AM,2,0,0,36.217080,-86.696380,OPRYLAND DR,,,,0.00,,,MCGAVOCK PKE,,,,0.00,Y,Four-Way, ,,None,,,         ,Craig,Carlson,,,no,no,no,no,no,False
100995683,METROPOLITAN NASHVILLE POLICE DEPT,20150984613,Davidson,Nashville,10/24/2015 1:20:00 PM,2,0,0,36.072570,-86.647030,EDGE O LAKE DR,,,,99.00,Feet,North,RICE RD,,,,0.00,N,Not at Intersection, ,Non-Junction,None,,,         ,Roderic,Williams,Cloudy,"Sideswipe, Same Direction",no,no,no,yes,no,False
100995688,METROPOLITAN NASHVILLE POLICE DEPT,2015-0986576,Davidson,Nashville,10/25/2015 8:20:00 AM,1,1,0,36.211140,-86.865890,CATO RD,,,,758.00,Feet,West,JORDONIA STATION RD,,,,0.00,N,Not at Intersection,N,Non-Junction,None,,,         ,William,Caillouette,Rain,Not Collision with Motor Vehicle in Transport,no,no,no,no,no,False
100995710,METROPOLITAN NASHVILLE POLICE DEPT,2015-0986704,Davidson,Nashville,10/25/2015 10:00:00 AM,2,0,0,36.154890,-86.779150,8TH AVS,,,,0.00,,,KOREAN VETERANS BLVD,,,,0.00,Y,Traffic Circle, ,Intersection,Construction Zone,,,         ,Paul,Sorace,Cloudy,"Sideswipe, Same Direction",no,no,no,no,no,False
100995725,METROPOLITAN NASHVILLE POLICE DEPT,20150986698,Davidson,Nashville,10/25/2015 9:46:00 AM,2,0,0,36.146040,-86.799260,SCARRITT PL,,,,88.00,Feet,East,21ST AVS,,,,0.00,N,Not at Intersection, ,Non-Junction,None,,,         ,Joshua,Dickall,Cloudy,"Sideswipe, Same Direction",no,no,no,no,no,Campus
100995729,METROPOLITAN NASHVILLE POLICE DEPT,20150986709,Davidson,Nashville,10/25/2015 10:00:00 AM,2,0,0,36.093830,-86.678380,DONELSON PKE,,,,397.00,Feet,North,HARDING PL,,,,0.00,N,Not at Intersection, ,,None,,,         ,Brian,Penny,,,no,no,no,no,no,False
100995730,METROPOLITAN NASHVILLE POLICE DEPT,20150986748,Davidson,Nashville,10/25/2015 10:30:00 AM,2,0,0,36.092810,-86.678860,HARDING PL,,,,0.00,,,DONELSON PKE,,,,0.00,Y,Y-Intersection, ,Non-Junction,None,,,         ,Brian,Penny,Cloudy,Front to Rear,no,no,no,no,no,False
100995731,METROPOLITAN NASHVILLE POLICE DEPT,20150986757,Davidson,Nashville,10/25/2015 12:00:00 AM,2,0,0,36.290700,-86.640540,E HARBOR DR,,,,352.00,Feet,South,W HARBOR CT,,,,0.00,N,Not at Intersection,N,Non-Junction,None,,,         ,Phillip,Black,Unknown,Unknown,no,no,no,no,yes,False
100995747,METROPOLITAN NASHVILLE POLICE DEPT,2015-0986673,Davidson,Nashville,10/25/2015 8:54:00 AM,2,0,0,36.171430,-86.769040,JAMES ROBERTSON PKWY,,,,0.00,,,INTERSTATE DR,,,,0.00,Y,Four-Way, ,,None,,,         ,Allen,Bates,,,no,no,no,no,no,False
100995749,VANDERBILT UNIVERSITY POLICE,15-0986659,Davidson,Nashville,10/25/2015 12:00:00 AM,2,0,0,36.141660,-86.801060,MEDICAL CENTER DR,,,,0.00,,,,,,,0.00,,, ,,None,,,         ,Yasemine,Lomax,,,no,no,no,yes,no,Campus
100995750,THP District 3 - Nashville,315054641,Davidson,Not in City Limit,10/25/2015 9:21:00 AM,2,0,0,36.019130,-86.626070,I 24,,,,0.00,,,,,,,62.10,N,Not at Intersection, ,Non-Junction,None,,,         ,Michael,Shull,Unknown,Unknown,no,no,no,no,yes,False
100995760,METROPOLITAN NASHVILLE POLICE DEPT,20150986850,Davidson,Nashville,10/25/2015 11:15:00 AM,2,0,0,36.080370,-86.685700,ANTIOCH PKE,,,,0.00,,,FRANKLIN LIMESTONE RD,,,,0.00,Y,Four-Way, ,Intersection-Related,None,,,         ,Brian,Lamb,Cloudy,Front to Rear,no,no,no,no,no,False
100995764,METROPOLITAN NASHVILLE POLICE DEPT,20150984591,Davidson,Nashville,10/24/2015 12:49:00 PM,2,0,0,36.050650,-86.878170,OLD HICKORY BLVD,,,,443.00,Feet,West,CHICKERING RD,,,,0.00,N,Not at Intersection, ,Non-Junction,None,,,         ,Jack,Crouch,Cloudy,Front to Rear,no,no,no,no,no,False
100995769,METROPOLITAN NASHVILLE POLICE DEPT,20150985267,Davidson,Nashville,10/24/2015 7:45:00 PM,2,1,0,36.134560,-86.779070,8TH AVS,,,,101.00,Feet,North,WEDGEWOOD AV,,,,0.00,N,Not at Intersection,N,Non-Junction,None,,,         ,Clyde,Stambaugh,Clear,Not Collision with Motor Vehicle in Transport,no,no,no,no,no,False
100995770,METROPOLITAN NASHVILLE POLICE DEPT,20150985512,Davidson,Nashville,10/24/2015 8:41:00 PM,2,0,0,36.050370,-86.743400,EDMONDSON PKE,,,,249.00,Feet,North,ASHLAWN PL,,,,0.00,N,Not at Intersection,N,Non-Junction,None,,,         ,Clyde,Stambaugh,Clear,Front to Rear,no,no,no,no,no,False
100995777,METROPOLITAN NASHVILLE POLICE DEPT,20150986915,Davidson,Nashville,10/25/2015 11:23:00 AM,2,0,0,36.143100,-86.736680,I 40,,,,0.00,,,,,,,212.70,N,Not at Intersection, ,Non-Junction,None,,,         ,Jaby,Djabbarov,Cloudy,Front to Rear,no,no,no,no,no,False
100995785,GOODLETTSVILLE POLICE DEPT,15-39721,Davidson,Goodlettsville,10/25/2015 1:08:00 PM,2,0,0,36.309390,-86.695440,VIETNAM VETERANS BLVD SB EXT R,,,,0.00,Feet,East,CONFERENCE DR,,,,0.00,N,Not at Intersection, ,Entrance/Exit Ramp Related,None,,,         ,Rico,Jones,Cloudy,Front to Rear,no,no,no,no,no,False
100995786,METROPOLITAN NASHVILLE POLICE DEPT,20150986922,Davidson,Nashville,10/25/2015 12:32:00 PM,2,0,0,36.064030,-86.629280,HAMILTON CHURCH RD,,,,365.00,Feet,South,MURFREESBORO PKE,,,,0.00,N,Not at Intersection, ,Non-Junction,None,,,         ,Ian,Hammond,Cloudy,Angle,no,no,no,no,no,False
100995802,METROPOLITAN NASHVILLE POLICE DEPT,20150987014,Davidson,Nashville,10/25/2015 12:45:00 PM,2,0,0,36.046430,-86.654700,HICKORY HOLLOW PKWY,,,,0.00,,,HICKORY HOLLOW LN,,,,0.00,Y,Four-Way,N,Intersection,None,,,         ,Brian,Lamb,Cloudy,Angle,no,no,no,no,no,False
100995805,METROPOLITAN NASHVILLE POLICE DEPT,2015-0987021,Davidson,Nashville,10/25/2015 1:00:00 PM,2,0,0,36.130750,-86.900270,CABOT DR,,,,99.00,Feet,West,EXIT 201,,,,0.00,N,Not at Intersection,N,Non-Junction,None,,,         ,Benjamin,Cantrell,Cloudy,"Sideswipe, Opposite Direction",no,no,no,no,no,False
100995815,METROPOLITAN NASHVILLE POLICE DEPT,20150986713,Davidson,Nashville,10/25/2015 9:58:00 AM,1,0,0,36.064880,-86.628340,HAMILTON CHURCH RD,,,,52.00,Feet,East,MURFREESBORO PKE,,,,0.00,N,Not at Intersection,N,Non-Junction,None,,,         ,Tyler,McDaniel,Rain,Not Collision with Motor Vehicle in Transport,no,no,no,no,no,False
100995816,METROPOLITAN NASHVILLE POLICE DEPT,20150987025,Davidson,Nashville,10/25/2015 1:15:00 PM,2,0,0,36.147940,-86.777150,I65 S ENT RAMP,,,,0.00,,,I 40,,,,0.00,Y,OTHER,Y,Entrance/Exit Ramp Related,None,,,         ,Marc,Haugen,Rain,Front to Rear,no,no,no,no,yes,False
100995817,METROPOLITAN NASHVILLE POLICE DEPT,20150986589,Davidson,Nashville,10/25/2015 5:00:00 AM,2,1,0,36.071890,-86.675240,ARTELIA DR,,,,0.00,,,DOWDY DR,,,,0.00,,Not at Intersection,N,Non-Junction,None,,,         ,David,Simmonds,Rain,HeadOn,no,no,no,no,no,False
100995828,METROPOLITAN NASHVILLE POLICE DEPT,20150984850,Davidson,Nashville,10/24/2015 4:11:00 PM,2,0,0,36.241520,-86.633580,OLD HICKORY BLVD,,,,0.00,,,IRIS AV,,,,0.00,Y,T-Intersection, ,Non-Junction,None,,,         ,Darryl,Williams,Cloudy,Front to Rear,no,no,no,no,no,False
100995849,METROPOLITAN NASHVILLE POLICE DEPT,20150975727,Davidson,Nashville,10/21/2015 5:29:00 PM,2,0,0,36.186230,-86.633470,LEBANON PKE,,,,500.00,Feet,West,CENTRAL PKE,,,,0.00,N,Not at Intersection, ,Non-Junction,None,,,         ,Darryl,Williams,Clear,Front to Rear,no,no,no,no,no,False
100995853,METROPOLITAN NASHVILLE POLICE DEPT,20150987110,Davidson,Nashville,10/25/2015 2:50:00 PM,1,0,0,36.041560,-86.782470,I65 S EXT RAMP,,,,0.00,,,I 65,,,,0.00,Y,Y-Intersection, ,Entrance/Exit Ramp Related,None,,,         ,Eric,Burford,Rain,Not Collision with Motor Vehicle in Transport,no,no,no,no,no,False
100995855,METROPOLITAN NASHVILLE POLICE DEPT,20150987102,Davidson,Nashville,10/25/2015 2:45:00 PM,1,0,0,36.169420,-86.606560,I40 E EXT RAMP,,,,0.00,Feet,East,I 40,,,,0.00,N,Not at Intersection,N,Entrance/Exit Ramp Related,None,,,         ,Austin,Childress,Rain,Not Collision with Motor Vehicle in Transport,no,no,no,no,no,False
100995865,METROPOLITAN NASHVILLE POLICE DEPT,2015-0985636,Davidson,Nashville,10/25/2015 12:00:00 AM,2,0,0,36.143710,-86.795680,18TH AVE S,,,,0.00,,,EDGEHILL AVE,,,,0.00,Y,Four-Way, ,Non-Junction,None,,,         ,Austin,Kendrick,Cloudy,Front to Rear,no,no,no,no,yes,Campus
100995866,METROPOLITAN NASHVILLE POLICE DEPT,20150987133,Davidson,Nashville,10/25/2015 3:06:00 PM,2,0,0,36.134280,-86.780570,WEDGEWOOD AV,,,,0.00,,,BEECH AV,,,,0.00,Y,Four-Way,N,Non-Junction,None,,,         ,Brenton,Adcox,Rain,Angle,no,no,no,no,no,False
100995874,METROPOLITAN NASHVILLE POLICE DEPT,2015-0987205,Davidson,Nashville,10/25/2015 3:49:00 PM,2,0,0,36.143390,-86.822680,I 440,,,,0.00,,,,,,,1.00,N,Not at Intersection, ,,None,,,         ,Austin,Kendrick,,,no,no,no,no,no,False
100995878,METROPOLITAN NASHVILLE POLICE DEPT,20150987093,Davidson,Nashville,10/25/2015 2:12:00 PM,2,1,0,36.190810,-86.614290,OLD LEBANON DIRT RD,,,,0.00,,,HERMITAGE MARKETPLACE PVTDR,,,,0.00,Y,T-Intersection,N,Intersection,None,,,         ,Codey,Mullins,Rain,"Sideswipe, Opposite Direction",no,no,no,no,no,False
100995887,METROPOLITAN NASHVILLE POLICE DEPT,20150987166,Davidson,Nashville,10/25/2015 12:00:00 AM,2,0,0,36.147210,-86.795020,18TH AVS,,,,79.00,Feet,North,GRAND AV,,,,0.00,N,Not at Intersection,N,Non-Junction,None,,,         ,Eric,Harvey,Unknown,Angle,no,no,no,no,yes,False
100995890,METROPOLITAN NASHVILLE POLICE DEPT,20150987188,Davidson,Nashville,10/25/2015 3:40:00 PM,2,1,0,36.151280,-86.750940,I 40,,,,0.00,,,,,,,211.55,N,Not at Intersection,N,Non-Junction,None,,,         ,John,Kelley,Rain,Front to Rear,no,no,no,no,no,False
100995891,METROPOLITAN NASHVILLE POLICE DEPT,2015-0985657,Davidson,Nashville,10/24/2015 10:14:00 PM,3,2,0,36.161700,-86.769160,GATEWAY BLVD,,,,490.00,Feet,South,S 1ST ST,,,,0.00,N,Not at Intersection,N,Non-Junction,None,,,         ,John,Melia,Clear,Front to Rear,no,no,no,no,no,False
100995892,METROPOLITAN NASHVILLE POLICE DEPT,20150987140,Davidson,Nashville,10/25/2015 2:47:00 PM,1,0,0,36.040310,-86.782620,I 65,,,,0.00,,,,,,,74.70,N,Not at Intersection,N,Non-Junction,None,,,         ,Tien,Nguyen,Rain,Not Collision with Motor Vehicle in Transport,no,no,no,no,no,False
100995893,METROPOLITAN NASHVILLE POLICE DEPT,20150987199,Davidson,Nashville,10/25/2015 3:44:00 PM,2,0,0,36.134240,-86.776370,I65 S ENT RAMP,,,,0.00,,,I65 S EXT RAMP,,,,0.00,Y,Four-Way, ,Intersection-Related,None,,,         ,Tien,Nguyen,Rain,Front to Rear,no,no,no,no,no,False
100995894,METROPOLITAN NASHVILLE POLICE DEPT,20150987244,Davidson,Nashville,10/25/2015 4:21:00 PM,1,0,0,36.143310,-86.697820,I40 E EXT RAMP,,,,0.00,,,BRILEY PKWYN,,,,0.00,Y,OTHER,N,Entrance/Exit Ramp Related,None,,,         ,Brandon,Vance,Rain,Not Collision with Motor Vehicle in Transport,no,no,no,no,no,False
100995897,METROPOLITAN NASHVILLE POLICE DEPT,20150987257,Davidson,Nashville,10/25/2015 4:00:00 PM,2,0,0,36.110670,-86.785200,WOODMONT BLVD,,,,463.00,Feet,West,GENERAL BATE DR,,,,0.00,N,Not at Intersection, ,Non-Junction,None,,,         ,Tien,Nguyen,Rain,Front to Rear,no,no,no,no,no,False
100995903,METROPOLITAN NASHVILLE POLICE DEPT,20150987237,Davidson,Nashville,10/25/2015 4:15:00 PM,2,0,0,36.091760,-86.685270,STATE HWY 255,,,,0.00,,,MCGAVOCK PIKE,,,,0.00,Y,T-Intersection,N,Intersection,None,,,         ,Matthew,Dixon,Rain,Angle,no,no,no,no,yes,False
100995907,METROPOLITAN NASHVILLE POLICE DEPT,20150987253,Davidson,Nashville,10/25/2015 4:16:00 PM,2,0,0,36.172420,-86.766450,JAMES ROBERTSON PKWY,,,,192.00,Feet,West,JAMES ROBERTSON PKWY ENT RAMP,,,,0.00,N,Not at Intersection,N,Non-Junction,None,,,         ,Blaze,Williams,Rain,"Sideswipe, Same Direction",no,no,no,no,no,False
100995910,METROPOLITAN NASHVILLE POLICE DEPT,20150987203,Davidson,Nashville,10/25/2015 3:40:00 PM,2,0,0,36.156310,-86.788140,BROADWAY,,,,219.00,Feet,West,12TH AVN,,,,0.00,N,Not at Intersection, ,Non-Junction,None,,,         ,Jeffrey,Livingston,Rain,"Sideswipe, Same Direction",no,no,no,no,no,False