master_record_number,agency,agency_tracking_number,county,city,collision_date,vehicles_involved,number_injured,number_dead,latitude,longitude,roadway_name,roadway_suffix,roadway_number,roadway_local_id,distance_from_reference,miles-feet_indicator,direction_from_reference,intersection_road_name,intersection_road_name_suffix,intersection_road_number,intersection_local_id,mile_marker,intersection_indicator,intersect_type,interchange_related_indicator,relation_to_junction,work_zone_type,construction_maintenance_zone,construction_maintenance_zone_location,fatal_case_number,officer_first_name,officer_last_name,weather_condition(s),manner_of_crash,pedestrian,bicycle,scooter,parking,hitrun,mou
100995911,METROPOLITAN NASHVILLE POLICE DEPT,2015-0987117,Davidson,Nashville,10/25/2015 2:58:00 PM,2,0,0,36.140980,-86.878150,CHARLOTTE PKE,,,,0.00,,,CHARLOTTE ROAD CIR,,,,0.00,Y,T-Intersection, ,Intersection,None,,,         ,Christopher,Clark,Rain,Front to Rear,no,no,no,no,no,False
100995919,METROPOLITAN NASHVILLE POLICE DEPT,20150985624,Davidson,Nashville,10/24/2015 7:15:00 PM,2,0,0,36.107000,-86.728720,NEESE DR,,,,0.00,,,SOUTHLAKE DR,,,,0.00,Y,Four-Way,N,Intersection-Related,None,,,         ,John,Stanfield,Unknown,"Sideswipe, Same Direction",no,no,no,no,no,False
100995921,METROPOLITAN NASHVILLE POLICE DEPT,20150987280,Davidson,Nashville,10/25/2015 4:36:00 PM,2,0,0,36.178180,-86.772010,DICKERSON PKE,,,,66.00,Feet,East,MERIDIAN ST,,,,0.00,N,Not at Intersection, ,Non-Junction,None,,,         ,Rachael,Sacco,Rain,Angle,no,no,no,no,no,False
100995922,METROPOLITAN NASHVILLE POLICE DEPT,20150987323,Davidson,Nashville,10/25/2015 12:00:00 AM,2,0,0,36.108850,-86.799790,GRANDVIEW DR,,,,193.00,Feet,West,CRESTVIEW DR,,,,0.00,N,Not at Intersection,N,Non-Junction,None,,,         ,Tien,Nguyen,Unknown,Unknown,no,no,no,no,yes,False
100995923,METROPOLITAN NASHVILLE POLICE DEPT,20150987172,Davidson,Nashville,10/25/2015 3:30:00 PM,3,2,0,36.121680,-86.756080,I 440,,,,0.00,,,,,,,6.00,N,Not at Intersection,N,Non-Junction,None,,,         ,Jarret,Sonnenberg,Rain,Front to Rear,no,no,no,no,yes,False
100995929,METROPOLITAN NASHVILLE POLICE DEPT,20150987305,Davidson,Nashville,10/25/2015 5:00:00 PM,1,0,0,36.207450,-86.722880,RIVERSIDE DR,,,,0.00,,,KIRKLAND AVE,,,,0.00,Y,OTHER,N,Non-Junction,None,,,         ,Kevin,Reynolds,Rain,Not Collision with Motor Vehicle in Transport,no,no,no,no,no,False
100995935,METROPOLITAN NASHVILLE POLICE DEPT,20150987254,Davidson,Nashville,10/25/2015 3:17:00 PM,2,0,0,36.175360,-86.771500,I 24,,,,0.00,,,,,,,48.00,N,Not at Intersection,N,Non-Junction,None,,,         ,Joshua,Murray,Rain,Front to Rear,no,no,no,no,no,False
100995936,METROPOLITAN NASHVILLE POLICE DEPT,20150985004,Davidson,Nashville,10/24/2015 5:38:00 PM,2,1,0,36.041820,-86.712890,NOLENSVILLE PKE,,,,213.00,Feet,South,MILL CREEK WHITTLEMORE GRNWY,,,,0.00,N,Not at Intersection,N,Non-Junction,None,,,         ,Royce,McLester,Rain,Front to Rear,no,no,no,no,no,False
100995938,METROPOLITAN NASHVILLE POLICE DEPT,20150987258,Davidson,Nashville,10/25/2015 2:05:00 PM,2,0,0,36.165690,-86.619080,STONEWATER DR,,,,422.00,Feet,North,HICKORY BROOK DR,,,,0.00,N,Not at Intersection, ,,None,,,         ,Khalid,Abbady,,,no,no,no,no,no,False
100995939,METROPOLITAN NASHVILLE POLICE DEPT,20150987226,Davidson,Nashville,10/25/2015 4:10:00 PM,2,0,0,36.124230,-86.745070,I 440,,,,0.00,,,,,,,6.55,N,Not at Intersection, ,,None,,,         ,Jarret,Sonnenberg,,,no,no,no,no,no,False
100995941,METROPOLITAN NASHVILLE POLICE DEPT,20150987278,Davidson,Nashville,10/25/2015 4:30:00 PM,1,1,0,36.053230,-86.667290,HICKORY HOLLOW PKWY,,,,1568.00,Feet,East,MT VIEW RD,,,,0.00,N,Not at Intersection,N,Non-Junction,None,,,         ,Ian,Lynch,Cloudy,Not Collision with Motor Vehicle in Transport,no,no,no,no,no,False
100995942,METROPOLITAN NASHVILLE POLICE DEPT,20150987229,Davidson,Nashville,10/25/2015 3:55:00 PM,2,0,0,36.200000,-86.776330,I 65,,,,0.00,,,,,,,86.90,N,Not at Intersection, ,Non-Junction,None,,,         ,Paul,Stein,Rain,Front to Rear,no,no,no,no,no,False
100995949,METROPOLITAN NASHVILLE POLICE DEPT,2015-0987332,Davidson,Nashville,10/25/2015 5:00:00 PM,2,0,0,36.142900,-86.822800,I 440,,,,0.00,,,,,,,1.00,N,Not at Intersection, ,Non-Junction,None,,,         ,Christopher,Clark,Rain,Front to Rear,no,no,no,no,no,False
100995951,METROPOLITAN NASHVILLE POLICE DEPT,20150987247,Davidson,Nashville,10/25/2015 3:54:00 PM,3,0,0,36.113390,-86.799970,BELMONT BLVD,,,,121.00,Feet,North,WOODMONT BLVD,,,,0.00,N,Not at Intersection,N,Non-Junction,None,,,         ,Brenton,Adcox,Rain,Front to Rear,no,no,no,no,no,False
100995955,METROPOLITAN NASHVILLE POLICE DEPT,20150987288,Davidson,Nashville,10/25/2015 4:26:00 PM,1,0,0,36.230020,-86.830390,BRILEY PKWY W EXT RAMP,,,,0.00,,,BRILEY PKWYW,,,,0.00,Y,OTHER,N,Non-Junction,None,,,         ,Jacob,Partin,Rain,Not Collision with Motor Vehicle in Transport,no,no,no,no,no,False
100995961,METROPOLITAN NASHVILLE POLICE DEPT,20150987350,Davidson,Nashville,10/25/2015 5:20:00 PM,2,0,0,36.068980,-86.683720,ANTIOCH PKE,,,,61.00,Feet,South,RICHARDS RD,,,,0.00,N,Not at Intersection,N,Non-Junction,None,,,         ,Rickie,Corman,Rain,Angle,no,no,no,no,yes,False
100995963,METROPOLITAN NASHVILLE POLICE DEPT,20150987387,Davidson,Nashville,10/25/2015 6:00:00 PM,2,0,0,36.154600,-86.786200,12TH AVS,,,,0.00,,,DEMONBREUN ST,,,,0.00,Y,Four-Way, ,Non-Junction,Construction Zone,,,         ,Jeffrey,Livingston,Cloudy,"Sideswipe, Same Direction",no,no,no,no,no,False
100995969,METROPOLITAN NASHVILLE POLICE DEPT,20150987234,Davidson,Nashville,10/25/2015 3:55:00 PM,2,0,0,36.124310,-86.812590,I 440,,,,0.00,,,,,,,2.45,N,Not at Intersection, ,Non-Junction,None,,,         ,Royce,McLester,Rain,Front to Rear,no,no,no,no,yes,False
100995971,METROPOLITAN NASHVILLE POLICE DEPT,20150987183,Davidson,Nashville,10/25/2015 3:30:00 PM,2,0,0,36.237910,-86.786510,BRILEY PKWYE,,,,97.00,Feet,East,I24 E EXT RAMP,,,,0.00,N,Not at Intersection,Y,Entrance/Exit Ramp Related,None,,,         ,Landon,Bagwell,Rain,Angle,no,no,no,no,no,False
100995975,METROPOLITAN NASHVILLE POLICE DEPT,20150987345,Davidson,Nashville,10/25/2015 5:35:00 PM,1,2,0,36.237790,-86.787140,I24 E EXT RAMP,,,,0.00,,,I 24,,,,0.00,Y,OTHER,N,Non-Junction,None,,,         ,Jacob,Partin,Rain,Not Collision with Motor Vehicle in Transport,no,no,no,no,no,False
100995982,METROPOLITAN NASHVILLE POLICE DEPT,20150987437,Davidson,Nashville,10/25/2015 4:55:00 PM,1,0,0,36.075860,-86.685270,DENISE CT,,,,0.00,,,DENISE DR,,,,0.00,Y,T-Intersection,N,Non-Junction,None,,,         ,Jonathan,Frith,Rain,Unknown,no,no,no,no,yes,False
100995993,METROPOLITAN NASHVILLE POLICE DEPT,20150987401,Davidson,Nashville,10/25/2015 6:15:00 PM,1,1,0,36.143680,-86.585360,STEWARTS FERRY PKE,,,,0.00,,,S NEW HOPE RD,,,,0.00,Y,T-Intersection,N,Intersection,None,,,         ,Codey,Mullins,Rain,Not Collision with Motor Vehicle in Transport,no,no,no,no,no,False
100995995,METROPOLITAN NASHVILLE POLICE DEPT,2015-0987097,Davidson,Nashville,10/25/2015 2:13:00 PM,2,0,0,36.107840,-86.922380,OLD HICKORY BLVD,,,,0.00,,,ROCKY LN,,,,0.00,Y,T-Intersection,N,Intersection-Related,None,,,         ,Michael,Rogers,Rain,Angle,no,no,no,no,no,False
100995999,METROPOLITAN NASHVILLE POLICE DEPT,20150987330,Davidson,Nashville,10/25/2015 12:00:00 AM,2,0,0,36.143280,-86.653530,ELM HILL PKE,,,,457.00,Feet,East,MCCRORY CREEK RD,,,,0.00,N,Not at Intersection,N,Non-Junction,None,,,         ,Austin,Childress,Rain,"Sideswipe, Opposite Direction",no,no,no,no,no,False
100996000,METROPOLITAN NASHVILLE POLICE DEPT,20150985233,Davidson,Nashville,10/24/2015 7:30:00 PM,1,1,0,36.292300,-86.810960,LICKTON PKE,,,,0.00,,,LICKTON PKE PVTDR,,,,0.00,Y,T-Intersection,N,Non-Junction,None,,,         ,James,Wray,Rain,Not Collision with Motor Vehicle in Transport,no,no,no,no,no,False
100996001,METROPOLITAN NASHVILLE POLICE DEPT,20150987207,Davidson,Not in City Limit,10/25/2015 3:49:00 PM,1,2,0,36.273560,-86.817330,OLD HICKORY BLVD,,,,0.00,,,LICKTON PKE,,,,0.00,Y,T-Intersection,N,Non-Junction,None,,,         ,James,Wray,Rain,Not Collision with Motor Vehicle in Transport,no,no,no,no,no,False
100996004,METROPOLITAN NASHVILLE POLICE DEPT,20150987262,Davidson,Nashville,10/25/2015 3:51:00 PM,2,0,0,36.141660,-86.714540,I 40,,,,0.00,,,,,,,214.00,N,Not at Intersection,N,Non-Junction,None,,,         ,Leslie,Hale,Rain,Front to Rear,no,no,no,no,yes,False
100996006,METROPOLITAN NASHVILLE POLICE DEPT,20150987535,Davidson,Nashville,10/25/2015 7:25:00 PM,2,0,0,36.109050,-86.728310,SOUTHLAKE DR,,,,164.00,Feet,South,BRILEY PKWYN,,,,0.00,N,Not at Intersection,N,Non-Junction,None,,,         ,Randy,Heinze,Clear,"Sideswipe, Same Direction",no,no,no,no,yes,False
100996017,METROPOLITAN NASHVILLE POLICE DEPT,20150987434,Davidson,Nashville,10/25/2015 4:43:00 PM,2,0,0,36.071860,-86.658040,PEBBLE CREEK DR,,,,19.00,Feet,West,MOUNTAIN LAUREL DR,,,,0.00,N,Not at Intersection, ,Non-Junction,None,,,         ,Matthew,Johnson,Rain,HeadOn,no,no,no,no,no,False
100996018,METROPOLITAN NASHVILLE POLICE DEPT,20150987443,Davidson,Nashville,10/25/2015 6:31:00 PM,2,0,0,36.172420,-86.794810,10TH AVN,,,,0.00,,,JEFFERSON ST,,,,0.00,Y,Four-Way,N,Intersection,None,,,         ,Steven,Rowlett,Cloudy,HeadOn,no,no,no,no,no,False
100996019,METROPOLITAN NASHVILLE POLICE DEPT,20150987298,Davidson,Nashville,10/25/2015 2:36:00 PM,2,1,0,36.141720,-86.714200,I 40,,,,0.00,,,,,,,214.00,N,Not at Intersection,N,Non-Junction,None,,,         ,Leslie,Hale,Rain,Front to Rear,no,no,no,no,no,False
100996025,METROPOLITAN NASHVILLE POLICE DEPT,20150987487,Davidson,Nashville,10/25/2015 6:03:00 PM,2,0,0,36.219410,-86.809700,CRAVATH DR,,,,0.00,,,RINGGOLD DR,,,,0.00,Y,OTHER, ,,None,,,         ,Jacob,Partin,,,no,no,no,no,no,False
100996032,METROPOLITAN NASHVILLE POLICE DEPT,20150987542,Davidson,Nashville,10/25/2015 7:00:00 PM,2,0,0,36.068680,-86.715600,HAYWOOD LN,,,,300.00,Feet,East,HOPEDALE DR,,,,0.00,N,Not at Intersection,N,Non-Junction,None,,,         ,Jonathan,Frith,Rain,"Sideswipe, Opposite Direction",no,no,no,no,yes,False
100996033,METROPOLITAN NASHVILLE POLICE DEPT,20150987333,Davidson,Nashville,10/25/2015 12:00:00 AM,2,0,0,36.141900,-86.713070,I 40,,,,0.00,,,,,,,214.00,N,Not at Intersection,N,Non-Junction,None,,,         ,Leslie,Hale,Rain,Front to Rear,no,no,no,no,yes,False
100996034,METROPOLITAN NASHVILLE POLICE DEPT,2015-0987245,Davidson,Nashville,10/25/2015 4:09:00 PM,2,0,0,36.088580,-86.717060,JONQUIL DR,,,,0.00,,,BENITA DR,,,,0.00,Y,Four-Way, ,Intersection,None,,,         ,Nicholas,Truan,Rain,Angle,no,no,no,no,no,False
100996055,METROPOLITAN NASHVILLE POLICE DEPT,20150987537,Davidson,Nashville,10/25/2015 7:55:00 PM,3,1,0,36.167640,-86.663230,LEBANON PKE,,,,29.00,Feet,East,DONELSON PKE,,,,0.00,N,Not at Intersection,N,Non-Junction,None,,,         ,John,Kelley,Cloudy,Front to Rear,no,no,no,no,no,False
100996057,METROPOLITAN NASHVILLE POLICE DEPT,20150987129,Davidson,Nashville,10/25/2015 3:05:00 PM,2,0,0,36.031890,-86.760300,CLOVERLAND DR,,,,0.00,,,CLOVERMEADE DR,,,,0.00,Y,T-Intersection, ,Non-Junction,None,,,         ,Miguel,Garcia,Clear,Front to Rear,no,no,no,no,no,False
100996058,METROPOLITAN NASHVILLE POLICE DEPT,20150987568,Davidson,Nashville,10/25/2015 8:30:00 PM,2,4,0,36.040280,-86.768370,OLD HICKORY BLVD,,,,0.00,,,SEVEN SPRINGS WAY,,,,0.00,Y,T-Intersection,N,Intersection,None,,,         ,Miguel,Garcia,Rain,Angle,no,no,no,no,no,False
100996063,METROPOLITAN NASHVILLE POLICE DEPT,20150987367,Davidson,Nashville,10/25/2015 4:00:00 PM,2,0,0,36.150300,-86.770230,4TH AVS,,,,72.00,Feet,South,I40 E EXT RAMP,,,,0.00,N,Not at Intersection, ,Non-Junction,None,,,         ,John,Stanfield,Rain,"Sideswipe, Same Direction",no,no,no,no,no,False
100996065,METROPOLITAN NASHVILLE POLICE DEPT,20150987339,Davidson,Nashville,10/25/2015 5:09:00 PM,3,0,0,36.140830,-86.719620,I 40,,,,0.00,,,,,,,213.65,N,Not at Intersection,N,Non-Junction,None,,,         ,Bryan,Byrnes,Cloudy,Front to Rear,no,no,no,no,no,False
100996080,METROPOLITAN NASHVILLE POLICE DEPT,20150987637,Davidson,Nashville,10/25/2015 9:06:00 PM,3,2,0,36.136860,-86.795760,WEDGEWOOD AV,,,,0.00,,,17TH AVS,,,,0.00,Y,T-Intersection,N,Intersection,None,,,         ,Eric,Harvey,Clear,Angle,no,no,no,no,no,Campus
100996084,METROPOLITAN NASHVILLE POLICE DEPT,20150966310,Davidson,Nashville,10/18/2015 4:35:00 PM,2,0,0,36.069000,-86.633010,MURFREESBORO PKE,,,,779.00,Feet,North,FOREST VIEW DR,,,,0.00,N,Not at Intersection,N,Non-Junction,None,,,         ,Tamara,Zurawski,Clear,Angle,no,no,no,no,no,False
100996088,METROPOLITAN NASHVILLE POLICE DEPT,20150987404,Davidson,Nashville,10/25/2015 5:35:00 PM,2,0,0,36.092400,-86.715430,SCOTWOOD DR,,,,85.00,Feet,North,JESSIE DR,,,,0.00,N,Not at Intersection,N,Non-Junction,None,,,         ,Jarret,Sonnenberg,Rain,"Sideswipe, Opposite Direction",no,no,no,no,yes,False
100996089,METROPOLITAN NASHVILLE POLICE DEPT,20150987405,Davidson,Not in City Limit,10/25/2015 6:25:00 PM,4,1,0,36.079570,-86.953510,HIGHWAY 70S,,,,0.00,,,COLEY DAVIS RD,,,,0.00,Y,Four-Way,N,Intersection,None,,,         ,David,Smith,Cloudy,Front to Rear,no,no,no,no,yes,False
100996090,METROPOLITAN NASHVILLE POLICE DEPT,20150987725,Davidson,Nashville,10/25/2015 10:15:00 PM,1,0,0,36.072250,-86.733140,BLACKMAN RD,,,,86.00,Feet,West,EDMONDSON PKE,,,,0.00,N,Not at Intersection,N,Non-Junction,None,,,         ,Miguel,Garcia,Rain,Not Collision with Motor Vehicle in Transport,no,no,no,no,yes,False
100996091,METROPOLITAN NASHVILLE POLICE DEPT,20150983459,Davidson,Nashville,10/23/2015 11:15:00 PM,2,0,0,36.165980,-86.778850,3RD AVN,,,,138.00,Feet,North,UNION ST,,,,0.00,N,Not at Intersection,N,Non-Junction,None,,,         ,Brian,Smith,Clear,Front to Rear,no,no,no,no,yes,False
100996093,METROPOLITAN NASHVILLE POLICE DEPT,20150987565,Davidson,Nashville,10/25/2015 8:15:00 PM,2,2,0,36.218150,-86.803480,WHITES CREEK PKE,,,,0.00,,,MOORMANS ARM RD,,,,0.00,Y,OTHER,N,Non-Junction,None,,,         ,Jacob,Partin,Rain,Angle,no,no,no,no,no,False
100996099,METROPOLITAN NASHVILLE POLICE DEPT,20150987621,Davidson,Not in City Limit,10/25/2015 12:00:00 AM,1,1,0,36.012310,-86.687920,CULBERTSON RD,,,,640.00,Feet,East,MILL CREEK LENOX VILLAGE GRNWY,,,,0.00,N,Not at Intersection,N,Non-Junction,None,,,         ,Larry,Preuett,Rain,Not Collision with Motor Vehicle in Transport,no,no,no,no,no,False
100996101,METROPOLITAN NASHVILLE POLICE DEPT,20150987320,Davidson,Nashville,10/25/2015 4:11:00 PM,2,0,0,36.161650,-86.599350,BELL RD,,,,480.00,Feet,West,RAMP,,,,0.00,N,Not at Intersection, ,Non-Junction,None,,,         ,Darryl,Williams,Cloudy,"Sideswipe, Opposite Direction",no,no,no,no,no,False
100996105,METROPOLITAN NASHVILLE POLICE DEPT,20150987137,Davidson,Nashville,10/25/2015 12:00:00 AM,1,0,0,36.043500,-86.661960,CANEWOOD DR,,,,97.00,Feet,West,CANE RIDGE RD,,,,0.00,N,Not at Intersection,N,"Driveway, Alley Access, etc",None,,,         ,Kevin,Keating,Clear,Not Collision with Motor Vehicle in Transport,no,no,no,yes,yes,False
100996122,METROPOLITAN NASHVILLE POLICE DEPT,20150987804,Davidson,Nashville,10/25/2015 9:37:00 PM,2,0,0,36.182270,-86.607960,OLD HICKORY BLVD,,,,0.00,,,ANDREW JACKSON WAY,,,,0.00,Y,Four-Way, ,Non-Junction,None,,,         ,Roy,McElwee,Clear,Front to Rear,no,no,no,no,no,False
100996134,METROPOLITAN NASHVILLE POLICE DEPT,20150987797,Davidson,Nashville,10/25/2015 12:00:00 AM,1,0,0,36.092890,-86.773680,N CURTISWOOD LN,,,,663.00,Feet,West,FRANKLIN PKE,,,,0.00,N,Not at Intersection,N,Non-Junction,None,,,         ,Michael,Baron,Clear,Not Collision with Motor Vehicle in Transport,no,no,no,no,yes,False
100996137,BELLE MEADE POLICE DEPT,15-0272,Davidson,Nashville,10/25/2015 5:50:00 PM,2,0,0,36.102180,-86.870250,HARDING PKE,,,,0.00,,,HARDING PL,,,,0.00,Y,T-Intersection, ,Intersection,None,,,         ,Charles,Williams,Rain,"Sideswipe, Opposite Direction",no,no,no,no,no,False
100996138,METROPOLITAN NASHVILLE POLICE DEPT,20150985942,Davidson,Nashville,10/25/2015 12:33:00 AM,1,0,0,36.104930,-86.734640,WINGATE AV,,,,41.00,Feet,South,MORTON AV,,,,0.00,N,Not at Intersection,N,Non-Junction,None,,,         ,Dale,Dameron,Clear,Not Collision with Motor Vehicle in Transport,no,no,no,no,no,False
100996149,METROPOLITAN NASHVILLE POLICE DEPT,20150987818,Davidson,Nashville,10/25/2015 10:42:00 PM,2,0,0,36.028800,-86.648830,CANE RIDGE RD,,,,13.00,Feet,South,OLD FRANKLIN RD,,,,0.00,N,Not at Intersection,N,Non-Junction,None,,,         ,Albert,Wilson,Rain,Angle,no,no,no,no,no,False
100996162,METROPOLITAN NASHVILLE POLICE DEPT,20150988002,Davidson,Antioch,10/25/2015 10:56:00 PM,2,0,0,36.049840,-86.562440,HURRICANE CREEK BOAT RMP,,,,0.00,,,STONES RIVER RD,,,,0.00,Y,T-Intersection,N,Non-Junction,None,,,         ,Kevin,Breeding,Clear,HeadOn,no,no,no,no,no,False
100996166,METROPOLITAN NASHVILLE POLICE DEPT,20150986450,Davidson,Nashville,10/25/2015 6:20:00 AM,2,0,0,36.070280,-86.722080,NOLENSVILLE PKE,,,,0.00,,,COTTON LN,,,,0.00,Y,T-Intersection,N,Intersection,None,,,         ,Jason,Thomas,Cloudy,Front to Rear,no,no,no,no,no,False
100996171,METROPOLITAN NASHVILLE POLICE DEPT,2015-0984063,Davidson,Not in City Limit,10/24/2015 6:00:00 AM,1,0,0,36.291910,-86.778770,BRICK CHURCH PKE,,,,0.00,,,JACKSON RD,,,,0.00,Y,Y-Intersection,N,Intersection,None,,,         ,John,Joyce,Clear,Not Collision with Motor Vehicle in Transport,no,no,no,no,no,False
100996180,METROPOLITAN NASHVILLE POLICE DEPT,20150985907,Davidson,Nashville,10/24/2015 12:00:00 AM,2,0,0,36.156580,-86.787480,BROADWAY,,,,0.00,,,12TH AVS,,,,0.00,Y,OTHER, ,,None,,,         ,Carlos,angulo,,,no,no,no,no,no,False
100996198,METROPOLITAN NASHVILLE POLICE DEPT,20150986981,Davidson,Nashville,10/25/2015 1:02:00 PM,2,1,0,36.079600,-86.726320,NOLENSVILLE PKE,,,,0.00,,,HARDING PL,,,,0.00,Y,Four-Way,Y,Intersection,None,,,         ,Benjamin,Spees,Cloudy,Angle,no,no,no,no,no,False
100996205,METROPOLITAN NASHVILLE POLICE DEPT,20150988442,Davidson,Nashville,10/26/2015 5:20:00 AM,1,0,0,36.136530,-86.727200,I24 E EXT RAMP,,,,0.00,,,I 24,,,,0.00,Y,OTHER,N,Entrance/Exit Ramp Related,None,,,         ,Dale,Dameron,Rain,Not Collision with Motor Vehicle in Transport,no,no,no,no,no,False
100996206,METROPOLITAN NASHVILLE POLICE DEPT,2015-0986839,Davidson,Nashville,10/25/2015 11:40:00 AM,2,0,0,36.147920,-86.806470,24TH AVS,,,,0.00,,,WEST END AV,,,,0.00,Y,Four-Way,N,Intersection,None,,,         ,Emily,Davies,Cloudy,Front to Rear,no,no,no,no,no,Campus
100996209,METROPOLITAN NASHVILLE POLICE DEPT,2015-0984233,Davidson,Nashville,10/24/2015 8:35:00 AM,2,2,0,36.182400,-86.607890,ANDREW JACKSON WAY,,,,51.00,Feet,North,OLD HICKORY BLVD,,,,0.00,N,Not at Intersection,N,Non-Junction,None,,,         ,Patrick,McGinnis,Cloudy,Angle,no,no,no,no,no,False
100996214,METROPOLITAN NASHVILLE POLICE DEPT,20150988563,Davidson,Nashville,10/26/2015 6:50:00 AM,2,3,0,36.119570,-86.766720,I 440,,,,0.00,,,,,,,5.35,N,Not at Intersection,N,Non-Junction,None,,,         ,Nathan,Kemp,Rain,Front to Rear,no,no,no,no,yes,False
100996218,METROPOLITAN NASHVILLE POLICE DEPT,20150981443,Davidson,Nashville,10/23/2015 10:14:00 AM,2,0,0,36.037360,-86.786960,OLD HICKORY BLVD,,,,118.00,Feet,West,FRANKLIN PKE,,,,0.00,N,Not at Intersection, ,Non-Junction,None,,,         ,Phillip,Murphy,Clear,Front to Rear,no,no,no,no,no,False
100996219,METROPOLITAN NASHVILLE POLICE DEPT,20150981150,Davidson,Not in City Limit,10/23/2015 8:35:00 AM,2,0,0,36.013120,-86.704120,NOLENSVILLE,PIKE,,,0.00,Feet,,HOLT,RD,,,0.00,Y,T-Intersection, ,Intersection-Related,None,,,         ,Phillip,Murphy,Clear,Front to Rear,no,no,no,no,no,False
100996222,METROPOLITAN NASHVILLE POLICE DEPT,20150988595,Davidson,Not in City Limit,10/26/2015 6:48:00 AM,1,0,0,36.083500,-86.997880,NEWSOM STATION RD,,,,1150.00,Feet,East,MERRYMOUNT DR,,,,0.00,N,Not at Intersection,N,Non-Junction,None,,,         ,Ryan,Burger,Rain,Not Collision with Motor Vehicle in Transport,no,no,no,no,no,False
100996232,METROPOLITAN NASHVILLE POLICE DEPT,20150988581,Davidson,Nashville,10/26/2015 6:58:00 AM,2,2,0,36.122140,-86.754080,I 440,,,,0.00,,,,,,,6.10,N,Not at Intersection,N,Non-Junction,None,,,         ,James,Smith,Rain,Front to Rear,no,no,no,no,no,False
100996233,METROPOLITAN NASHVILLE POLICE DEPT,20150988522,Davidson,Nashville,10/26/2015 6:07:00 AM,2,0,0,36.127560,-86.843870,US HWY 70S,,,,0.00,,,BOSLEY SPRINGS RD,,,,0.00,Y,Four-Way, ,Non-Junction,None,,,         ,Jeremy,Kidd,Rain,Other,no,no,no,no,no,False
100996244,METROPOLITAN NASHVILLE POLICE DEPT,20150981886,Davidson,Nashville,10/23/2015 1:22:00 PM,2,2,0,36.145740,-86.810910,WEST END AV,,,,0.00,Feet,East,27TH AVN,,,,0.00,N,Not at Intersection,N,Non-Junction,None,,,         ,Paul,Joyner,Clear,Angle,no,no,no,no,no,Campus
100996253,METROPOLITAN NASHVILLE POLICE DEPT,2015-0988555,Davidson,Nashville,10/26/2015 6:45:00 AM,2,0,0,36.110400,-86.924510,I40 W ENT RAMP,,,,0.00,Feet,East,I 40,,,,0.00,N,Not at Intersection, ,Entrance/Exit Ramp Related,None,,,         ,Curtis,Rich,Rain,"Sideswipe, Same Direction",no,no,no,no,no,False
100996256,METROPOLITAN NASHVILLE POLICE DEPT,2015-0988620,Davidson,Nashville,10/26/2015 7:20:00 AM,2,1,0,36.093780,-86.875860,BROOKFIELD AV,,,,0.00,,,HIGHWAY 100,,,,0.00,Y,T-Intersection,N,Intersection,None,,,         ,Curtis,Rich,Rain,Angle,no,no,no,no,no,False
100996262,GOODLETTSVILLE POLICE DEPT,15-39428,Davidson,Goodlettsville,10/22/2015 4:38:00 PM,3,0,0,36.296680,-86.714820,I 65,,,,0.00,,,,,,,94.85,N,Not at Intersection, ,Non-Junction,None,,,         ,John,Spencer,Clear,Front to Rear,no,no,no,no,no,False
100996274,METROPOLITAN NASHVILLE POLICE DEPT,2015-0988566,Davidson,Nashville,10/26/2015 6:41:00 AM,1,0,0,36.072000,-86.691530,I 24,,,,0.00,,,,,,,56.80,N,Not at Intersection,N,Non-Junction,None,,,         ,John,Neely,Rain,Not Collision with Motor Vehicle in Transport,no,no,no,no,no,False
100996275,METROPOLITAN NASHVILLE POLICE DEPT,2015-0988713,Davidson,Nashville,10/26/2015 8:11:00 AM,2,0,0,36.094230,-86.875520,HIGHWAY 100,,,,187.00,Feet,North,BROOKFIELD AV,,,,0.00,N,Not at Intersection, ,Non-Junction,None,,,         ,Curtis,Rich,Rain,Front to Rear,no,no,no,no,no,False
100996282,METROPOLITAN NASHVILLE POLICE DEPT,15-0988624,Davidson,Nashville,10/26/2015 7:22:00 AM,2,0,0,36.162110,-86.790610,11TH AVN,,,,0.00,,,CHARLOTTE AV,,,,0.00,Y,Four-Way, ,Intersection,Work Zone,,,         ,Frank,Campbell,Rain,Front to Rear,no,no,no,no,no,False
100996283,METROPOLITAN NASHVILLE POLICE DEPT,20150988683,Davidson,Nashville,10/26/2015 8:26:00 AM,2,0,0,36.062380,-86.904490,HIGHWAY 100,,,,45.00,Feet,East,OLD HICKORY BLVD,,,,0.00,N,Not at Intersection, ,,None,,,         ,Kyle,Arndt,,,no,no,no,no,no,False
100996299,METROPOLITAN NASHVILLE POLICE DEPT,20150988692,Davidson,Nashville,10/26/2015 8:14:00 AM,2,0,0,36.110890,-86.745190,NOLENSVILLE PKE,,,,20.00,Feet,South,THOMPSON LN,,,,0.00,N,Not at Intersection,Y,Non-Junction,None,,,         ,Jeremy,King,Rain,Angle,no,no,no,no,no,False
100996305,METROPOLITAN NASHVILLE POLICE DEPT,20150988724,Davidson,Nashville,10/26/2015 8:10:00 AM,2,0,0,36.127830,-86.695660,BRILEY PKWY,,,,60.00,Feet,South,KENTON PL,,,,0.00,N,Not at Intersection, ,Non-Junction,None,,,         ,Matthew,Nelms,Rain,"Sideswipe, Opposite Direction",no,no,no,no,no,False
100996306,METROPOLITAN NASHVILLE POLICE DEPT,20150988685,Davidson,Nashville,10/26/2015 7:53:00 AM,2,0,0,36.041120,-86.782530,I 65,,,,0.00,,,,,,,74.75,N,Not at Intersection, ,Non-Junction,None,,,         ,Brent,Bauer,Rain,"Sideswipe, Same Direction",no,no,no,no,no,False