master_record_number,agency,agency_tracking_number,county,city,collision_date,vehicles_involved,number_injured,number_dead,latitude,longitude,roadway_name,roadway_suffix,roadway_number,roadway_local_id,distance_from_reference,miles-feet_indicator,direction_from_reference,intersection_road_name,intersection_road_name_suffix,intersection_road_number,intersection_local_id,mile_marker,intersection_indicator,intersect_type,interchange_related_indicator,relation_to_junction,work_zone_type,construction_maintenance_zone,construction_maintenance_zone_location,fatal_case_number,officer_first_name,officer_last_name,weather_condition(s),manner_of_crash,pedestrian,bicycle,scooter,parking,hitrun,mou
100996697,METROPOLITAN NASHVILLE POLICE DEPT,20150985661,Davidson,Nashville,10/23/2015 10:18:00 PM,2,1,0,36.254700,-86.715530,GALLATIN PKES,,,,139.00,Feet,South,MADISON BLVD,,,,0.00,N,Not at Intersection,N,Non-Junction,None,,,         ,Daniel,Caruth,Clear,Front to Rear,no,no,no,no,no,False
100996698,METROPOLITAN NASHVILLE POLICE DEPT,20150972988,Davidson,Not in City Limit,10/20/2015 8:30:00 PM,2,0,0,36.279350,-86.708830,GALLATIN PKEN,,,,0.00,,,ONE MILE PKWY,,,,0.00,Y,Four-Way,N,Intersection-Related,None,,,         ,Nathan,Dungan,Clear,Front to Rear,no,no,no,no,yes,False
100996699,METROPOLITAN NASHVILLE POLICE DEPT,20150975811,Davidson,Goodlettsville,10/21/2015 5:45:00 PM,2,0,0,36.284960,-86.728630,I 65,,,,0.00,,,,,,,93.80,N,Not at Intersection,N,Non-Junction,None,,,         ,Nathan,Dungan,Clear,Front to Rear,no,no,no,no,no,False
100996700,METROPOLITAN NASHVILLE POLICE DEPT,2015-0988669,Davidson,Nashville,10/26/2015 7:45:00 AM,2,0,0,36.182270,-86.607960,OLD HICKORY BLVD,,,,0.00,,,ANDREW JACKSON WAY,,,,0.00,Y,Four-Way,N,Intersection,None,,,         ,Jeb,Johnston,Rain,Front to Rear,no,no,no,no,no,False
100996703,METROPOLITAN NASHVILLE POLICE DEPT,20150989764,Davidson,Nashville,10/26/2015 3:20:00 PM,1,1,0,36.160840,-86.835890,40TH AVN,,,,225.00,Feet,North,PRESTON TAYLOR PL,,,,0.00,N,Not at Intersection,N,Non-Junction,None,,,         ,Douglas,Sykes,Rain,Not Collision with Motor Vehicle in Transport,yes,no,no,no,no,False
100996707,METROPOLITAN NASHVILLE POLICE DEPT,20150989680,Davidson,Nashville,10/26/2015 2:51:00 PM,2,2,0,36.168310,-86.760330,S 6TH ST,,,,0.00,,,SHELBY AV,,,,0.00,Y,T-Intersection,Y,Intersection,None,,,         ,Whitney,Arnold,Rain,Front to Rear,no,no,no,no,no,False
100996713,METROPOLITAN NASHVILLE POLICE DEPT,20150989662,Davidson,Nashville,10/26/2015 2:00:00 PM,4,0,0,36.152240,-86.625070,BLACKWOOD DR,,,,0.00,,,BELL RD,,,,0.00,Y,Four-Way,N,Intersection,None,,,         ,Colby,Mathis,Rain,HeadOn,no,no,no,no,no,False
100996716,METROPOLITAN NASHVILLE POLICE DEPT,2015-0989567,Davidson,Nashville,10/26/2015 1:45:00 PM,1,0,0,36.170080,-86.606430,I40 E EXT RAMP,,,,0.00,Feet,East,I 40,,,,0.00,N,Not at Intersection,N,Non-Junction,None,,,         ,Jeb,Johnston,Rain,Not Collision with Motor Vehicle in Transport,no,no,no,no,no,False
100996718,METROPOLITAN NASHVILLE POLICE DEPT,20150989820,Davidson,Nashville,10/26/2015 3:51:00 PM,2,1,0,36.163300,-86.819690,28TH AVN,,,,76.00,Feet,North,I40 E ENT RAMP,,,,0.00,N,Not at Intersection,N,Non-Junction,None,,,         ,Ashton,Hill,Rain,Front to Rear,no,no,no,no,no,False
100996723,METROPOLITAN NASHVILLE POLICE DEPT,20150989756,Davidson,Nashville,10/26/2015 1:00:00 PM,1,0,0,36.076030,-86.649930,CADOGAN CT,,,,22.00,Feet,West,GROVESNOR RD,,,,0.00,N,Not at Intersection,N,Non-Junction,None,,,         ,Jared,Jenkins,Rain,Not Collision with Motor Vehicle in Transport,no,no,no,no,yes,False
100996724,METROPOLITAN NASHVILLE POLICE DEPT,20150990028,Davidson,Nashville,10/26/2015 5:07:00 PM,2,0,0,36.168310,-86.760330,SHELBY AV,,,,0.00,,,S 6TH ST,,,,0.00,Y,T-Intersection, ,Intersection,None,,,         ,Robert,Croteau,Rain,Angle,no,no,no,no,yes,False
100996725,METROPOLITAN NASHVILLE POLICE DEPT,20150989648,Davidson,Not in City Limit,10/26/2015 2:18:00 PM,2,1,0,36.122070,-86.985260,OLD CHARLOTTE PKE,,,,320.00,Feet,North,OLD POND CREEK RD,,,,0.00,N,Not at Intersection,N,Non-Junction,None,,,         ,Jeremy,Huffine,Rain,Angle,no,no,no,no,no,False
100996728,METROPOLITAN NASHVILLE POLICE DEPT,20150990021,Davidson,Nashville,10/26/2015 5:00:00 PM,2,0,0,36.065260,-86.771280,I 65,,,,0.00,,,,,,,76.60,N,Not at Intersection, ,Non-Junction,None,,,         ,Peter,Knisley,Rain,"Sideswipe, Same Direction",no,no,no,no,no,False
100996729,METROPOLITAN NASHVILLE POLICE DEPT,20150989851,Davidson,Nashville,10/26/2015 3:45:00 PM,2,0,0,36.072130,-86.732890,WHISPERING HILLS DR,,,,0.00,,,EDMONDSON PKE,,,,0.00,Y,Four-Way,N,Intersection,None,,,         ,Royce,McLester,Rain,Front to Rear,no,no,no,no,yes,False
100996731,METROPOLITAN NASHVILLE POLICE DEPT,2015-0989770,Davidson,Nashville,10/26/2015 3:28:00 PM,2,0,0,36.153760,-86.788500,14TH AVE S,,,,0.00,,,DEMONBREUN ST,,,,0.00,Y,Four-Way, ,Intersection-Related,None,,,         ,Austin,Kendrick,Rain,Front to Rear,no,no,no,no,no,False
100996732,GOODLETTSVILLE POLICE DEPT,15-39817,Davidson,Goodlettsville,10/26/2015 3:40:00 PM,2,1,0,36.297610,-86.713980,I 65,,,,0.00,,,,,,,94.95,N,Not at Intersection,N,Non-Junction,None,,,         ,Brian,Hajdu,Rain,"Sideswipe, Same Direction",no,no,no,no,no,False
100996734,METROPOLITAN NASHVILLE POLICE DEPT,20150989907,Davidson,Nashville,10/26/2015 4:25:00 PM,3,0,0,36.172860,-86.765260,US HWY 31,,,,0.00,,,MAIN ST,,,,0.00,Y,Four-Way,N,Intersection,None,,,         ,Kevin,Reynolds,Rain,Angle,no,no,no,no,no,False
100996746,METROPOLITAN NASHVILLE POLICE DEPT,20150989686,Davidson,Nashville,10/26/2015 2:56:00 PM,2,1,0,36.086540,-86.771300,HARDING PL,,,,200.00,Feet,East,FRANKLIN PKE,,,,0.00,N,Not at Intersection,N,Non-Junction,None,,,         ,Jacob,Crouch,Rain,Front to Rear,no,no,no,no,yes,False
100996747,METROPOLITAN NASHVILLE POLICE DEPT,20150990054,Davidson,Nashville,10/26/2015 5:10:00 PM,2,0,0,36.082880,-86.765920,I65 S EXT RAMP,,,,0.00,,,I 65,,,,0.00,Y,Four-Way,N,Intersection-Related,None,,,         ,Tien,Nguyen,Rain,Unknown,no,no,no,no,yes,False
100996748,METROPOLITAN NASHVILLE POLICE DEPT,20150990009,Davidson,Nashville,10/26/2015 5:02:00 PM,2,1,0,36.090400,-86.771510,FRANKLIN PKE,,,,0.00,,,N CURTISWOOD LN,,,,0.00,Y,T-Intersection,N,Intersection,None,,,         ,Charles,Griffin,Rain,Angle,no,no,no,no,no,False
100996750,METROPOLITAN NASHVILLE POLICE DEPT,20150990030,Davidson,Nashville,10/26/2015 5:05:00 PM,2,0,0,36.186160,-86.633710,LEBANON PKE,,,,398.00,Feet,West,STONES RIVER RD,,,,0.00,N,Not at Intersection, ,Non-Junction,None,,,         ,Codey,Mullins,Rain,Front to Rear,no,no,no,no,no,False
100996752,METROPOLITAN NASHVILLE POLICE DEPT,20150989653,Davidson,Nashville,10/26/2015 2:30:00 PM,2,1,0,36.145890,-86.653490,MCCRORY CREEK RD,,,,775.00,Feet,South,HONEYBROOK DR,,,,0.00,N,Not at Intersection,N,Non-Junction,None,,,         ,John,Kelley,Rain,HeadOn,no,no,no,no,no,False
100996753,METROPOLITAN NASHVILLE POLICE DEPT,2015-0989957,Davidson,Nashville,10/26/2015 4:46:00 PM,2,0,0,36.099950,-86.871300,HARDING PKE,,,,85.00,Feet,North,HIGHWAY 100,,,,0.00,N,Not at Intersection, ,Non-Junction,None,,,         ,Walter,Gray II,Rain,"Sideswipe, Same Direction",no,no,no,no,no,False
100996758,METROPOLITAN NASHVILLE POLICE DEPT,20150990086,Davidson,Nashville,10/26/2015 5:30:00 PM,2,0,0,36.123880,-86.811120,I 440,,,,0.00,,,,,,,2.55,N,Not at Intersection, ,Non-Junction,None,,,         ,Douglas,Sykes,Rain,Front to Rear,no,no,no,no,no,False
100996763,BERRY HILL POLICE DEPT,15-4236,Davidson,Berry Hill,10/23/2015 7:15:00 AM,2,0,0,36.123550,-86.763180,ROSEDALE PL,,,,291.00,Feet,South,ROSEDALE AV,,,,0.00,N,Not at Intersection, ,Non-Junction,None,,,         ,John,Gleixner,Clear,Angle,no,no,no,no,no,False
100996777,METROPOLITAN NASHVILLE POLICE DEPT,20150990165,Davidson,Nashville,10/26/2015 6:05:00 PM,2,0,0,36.141180,-86.817080,WEST END AV,,,,0.00,,,33RD AVS,,,,0.00,Y,T-Intersection, ,Intersection-Related,None,,,         ,Tien,Nguyen,Rain,Front to Rear,no,no,no,no,no,False
100996780,METROPOLITAN NASHVILLE POLICE DEPT,20150990166,Davidson,Nashville,10/26/2015 6:05:00 PM,2,0,0,36.155910,-86.767010,HERMITAGE AV,,,,0.00,,,MIDDLETON ST,,,,0.00,Y,Four-Way,N,Intersection,None,,,         ,Benjamin,Smith,Rain,Angle,no,no,no,no,no,False
100996792,METROPOLITAN NASHVILLE POLICE DEPT,20150989831,Davidson,Not in City Limit,10/26/2015 3:48:00 PM,2,2,0,36.273560,-86.817330,OLD HICKORY BLVD,,,,0.00,,,LICKTON PKE,,,,0.00,Y,T-Intersection,N,Intersection,None,,,         ,Timothy,Morgan,Rain,Angle,no,no,no,no,yes,False
100996793,METROPOLITAN NASHVILLE POLICE DEPT,20150990218,Davidson,Nashville,10/26/2015 6:32:00 PM,2,0,0,36.165860,-86.781910,5TH AVN,,,,0.00,,,CHARLOTTE AV,,,,0.00,Y,Four-Way, ,Intersection-Related,None,,,         ,Mikala,Moore,Rain,Front to Rear,no,no,no,no,no,False
100996796,METROPOLITAN NASHVILLE POLICE DEPT,20150990202,Davidson,Nashville,10/26/2015 6:07:00 PM,2,0,0,36.045220,-86.714790,BRENTWOOD EAST DR,,,,0.00,,,OLD HICKORY BLVD,,,,0.00,Y,T-Intersection,Y,Intersection,None,,,         ,Miguel,Garcia,Rain,Angle,no,no,no,no,no,False
100996798,METROPOLITAN NASHVILLE POLICE DEPT,20150990213,Davidson,Nashville,10/26/2015 6:29:00 PM,2,1,0,36.073950,-86.924780,HIGHWAY 70S,,,,75.00,Feet,West,BELLE FOREST CIR,,,,0.00,N,Not at Intersection,N,Non-Junction,None,,,         ,Brandon,Pedigo,Rain,Front to Rear,no,no,no,no,no,False
100996806,METROPOLITAN NASHVILLE POLICE DEPT,20150990245,Davidson,Nashville,10/26/2015 5:45:00 PM,2,0,0,36.229180,-86.759310,DICKERSON PKE,,,,73.00,Feet,South,BROADMOOR DR,,,,0.00,N,Not at Intersection,N,Non-Junction,None,,,         ,Terence,Maahs,Rain,Angle,no,no,no,no,yes,False
100996811,METROPOLITAN NASHVILLE POLICE DEPT,20150990265,Davidson,Nashville,10/26/2015 6:25:00 PM,2,0,0,36.134870,-86.779040,8TH AVS,,,,216.00,Feet,North,EAST ARGYLE AV,,,,0.00,N,Not at Intersection, ,Non-Junction,None,,,         ,Tien,Nguyen,Rain,"Sideswipe, Same Direction",no,no,no,no,no,False
100996812,METROPOLITAN NASHVILLE POLICE DEPT,20150987312,Davidson,Nashville,10/25/2015 5:05:00 PM,1,1,0,36.124220,-86.835300,ESTES RD,,,,108.00,Feet,South,WOODLAWN DR,,,,0.00,N,Not at Intersection,N,Non-Junction,None,,,         ,Torian,Cox,Rain,Not Collision with Motor Vehicle in Transport,no,no,no,no,no,False
100996816,METROPOLITAN NASHVILLE POLICE DEPT,20150989997,Davidson,Nashville,10/26/2015 4:51:00 PM,2,0,0,36.171320,-86.768050,I 24,,,,0.00,,,,,,,48.40,N,Not at Intersection, ,Non-Junction,None,,,         ,Ethan,Luffman,Rain,Front to Rear,no,no,no,no,yes,False
100996817,METROPOLITAN NASHVILLE POLICE DEPT,20150990247,Davidson,Nashville,10/26/2015 6:40:00 PM,2,1,0,36.166220,-86.765790,EXIT 49,,,,0.00,,,I 24,,,,0.00,Y,Four-Way,Y,Intersection,None,,,         ,Ethan,Luffman,Rain,Front to Rear,no,no,no,no,no,False
100996818,METROPOLITAN NASHVILLE POLICE DEPT,20150990167,Davidson,Nashville,10/26/2015 6:00:00 PM,2,0,0,36.139370,-86.725180,I40 E ENT RAMP,,,,0.00,,,I 40,,,,0.00,Y,Y-Intersection,Y,Entrance/Exit Ramp Related,None,,,         ,Colby,Mathis,Rain,Angle,no,no,no,no,yes,False
100996824,METROPOLITAN NASHVILLE POLICE DEPT,20150981336,Davidson,Nashville,10/23/2015 9:35:00 AM,2,0,0,36.113960,-86.810870,HILLSBORO PKE,,,,1.00,Feet,North,WOODMONT BLVD,,,,0.00,N,Not at Intersection, ,Non-Junction,None,,,         ,Thomas,West,Clear,"Sideswipe, Same Direction",no,no,no,no,no,False
100996826,METROPOLITAN NASHVILLE POLICE DEPT,2015-0990138,Davidson,Nashville,10/26/2015 4:30:00 PM,2,0,0,36.155540,-86.789950,US HWY 70S,,,,79.00,Feet,East,15TH AVE S,,,,0.00,N,Not at Intersection, ,Non-Junction,None,,,         ,Austin,Kendrick,Rain,"Sideswipe, Same Direction",no,no,no,no,no,False
100996828,METROPOLITAN NASHVILLE POLICE DEPT,20150990196,Davidson,Nashville,10/26/2015 6:18:00 PM,2,0,0,36.153260,-86.792180,16TH AVS,,,,0.00,,,MCGAVOCK ST,,,,0.00,Y,Four-Way, ,Intersection,None,,,         ,Megan,Lamon,Rain,"Sideswipe, Same Direction",no,no,no,no,no,False
100996842,METROPOLITAN NASHVILLE POLICE DEPT,20150990347,Davidson,Nashville,10/26/2015 7:16:00 PM,2,1,0,36.104440,-86.802540,S OBSERVATORY DR,,,,337.00,Feet,West,BELMONT BLVD,,,,0.00,N,Not at Intersection,N,Non-Junction,None,,,         ,Tien,Nguyen,Rain,Front to Rear,no,no,no,no,no,False
100996845,BRENTWOOD POLICE DEPT,201500032583,Davidson,Nashville,10/26/2015 4:03:00 PM,2,0,0,36.035070,-86.805820,MARYLAND,WAY,,,0.00,,,WEST PARK,DR,,,0.00,Y,Four-Way, ,Intersection,None,,,         ,Scott,Willey,Rain,Angle,no,no,no,no,no,False
100996855,METROPOLITAN NASHVILLE POLICE DEPT,20150985083,Davidson,Nashville,10/24/2015 5:00:00 PM,1,0,0,36.055660,-86.677260,SHIHMEN DR,,,,0.00,,,TOMARAND CT,,,,0.00,Y,T-Intersection,N,Non-Junction,None,,,         ,Tamara,Zurawski,Rain,Not Collision with Motor Vehicle in Transport,no,no,no,no,yes,False
100996856,METROPOLITAN NASHVILLE POLICE DEPT,20150987322,Davidson,Nashville,10/25/2015 5:10:00 PM,2,0,0,36.107500,-86.725450,NEESE DR,,,,614.00,Feet,East,I24 E ENT RAMP,,,,0.00,N,Not at Intersection, ,Non-Junction,None,,,         ,Tamara,Zurawski,Rain,Angle,no,no,no,no,no,False
100996866,METROPOLITAN NASHVILLE POLICE DEPT,20150990243,Davidson,Nashville,10/25/2015 6:20:00 PM,2,0,0,36.090310,-86.626520,SMITH SPRINGS RD,,,,0.00,,,BELL RD,,,,0.00,Y,Four-Way,N,Intersection,None,,,         ,Calen,Morrison,Rain,Front to Rear,no,no,no,no,no,False
100996871,METROPOLITAN NASHVILLE POLICE DEPT,20150990329,Davidson,Nashville,10/26/2015 7:00:00 PM,2,0,0,36.238040,-86.830800,STEVENS LN,,,,0.00,,,CLARKSVILLE PKE,,,,0.00,Y,Four-Way, ,Intersection-Related,None,,,         ,Adam,Gartner,Rain,"Sideswipe, Opposite Direction",no,no,no,no,no,False
100996876,Metro Park Police,2015-0990103,Davidson,Nashville,10/26/2015 5:15:00 PM,2,0,0,36.185090,-86.823680,ED TEMPLE BLVD,,,,274.00,Feet,West,TSU CONNECTOR,,,,0.00,N,Not at Intersection, ,Non-Junction,None,,,         ,Bryan,Crutchfield,Rain,Front to Rear,no,no,no,no,no,False
100996879,METROPOLITAN NASHVILLE POLICE DEPT,20150990440,Davidson,Nashville,10/26/2015 8:18:00 PM,1,0,0,36.115670,-86.773200,I 65,,,,0.00,,,,,,,80.15,N,Not at Intersection, ,Entrance/Exit Ramp Related,None,,,         ,Tien,Nguyen,Rain,Not Collision with Motor Vehicle in Transport,no,no,no,no,no,False
100996881,METROPOLITAN NASHVILLE POLICE DEPT,20150990147,Davidson,Nashville,10/26/2015 4:45:00 PM,2,0,0,36.137130,-86.761250,4TH AVS,,,,81.00,Feet,South,MALLORY ST,,,,0.00,N,Not at Intersection, ,Non-Junction,None,,,         ,Christopher,Davis,Rain,"Sideswipe, Same Direction",no,no,no,no,yes,False
100996888,METROPOLITAN NASHVILLE POLICE DEPT,20150990222,Davidson,Nashville,10/26/2015 6:30:00 PM,3,0,0,36.116220,-86.798360,I 440,,,,0.00,,,,,,,3.35,N,Not at Intersection,N,Non-Junction,None,,,         ,Royce,McLester,Rain,Front to Rear,no,no,no,no,no,False
100996892,METROPOLITAN NASHVILLE POLICE DEPT,20150990015,Davidson,Nashville,10/26/2015 5:06:00 PM,3,1,0,36.107020,-86.768260,I 65,,,,0.00,,,,,,,79.50,N,Not at Intersection,N,Non-Junction,None,,,         ,Jacob,Crouch,Rain,Front to Rear,no,no,no,no,no,False
100996894,METROPOLITAN NASHVILLE POLICE DEPT,20150978745,Davidson,Nashville,10/22/2015 3:45:00 PM,2,0,0,36.248220,-86.742820,I 65,,,,0.00,,,,,,,91.05,N,Not at Intersection, ,Non-Junction,None,,,         ,Nathan,Dungan,Clear,"Sideswipe, Same Direction",no,no,no,no,no,False
100996895,METROPOLITAN NASHVILLE POLICE DEPT,20150978983,Davidson,Nashville,10/22/2015 4:55:00 PM,2,0,0,36.235130,-86.724400,BRILEY PKWYW,,,,350.00,Feet,East,BRILEY PKWY W EXT RAMP,,,,0.00,N,Not at Intersection, ,Non-Junction,None,,,         ,Nathan,Dungan,Clear,"Sideswipe, Same Direction",no,no,no,no,no,False
100996896,METROPOLITAN NASHVILLE POLICE DEPT,20150979252,Davidson,Nashville,10/22/2015 6:00:00 PM,2,0,0,36.243980,-86.762280,SKYLINE COMMONS PVTDR,,,,0.00,Feet,East,DOVERSIDE DR,,,,0.00,N,Not at Intersection,N,"Driveway, Alley Access, etc",None,,,         ,Nathan,Dungan,Clear,Front to Rear,no,no,no,yes,yes,False
100996897,METROPOLITAN NASHVILLE POLICE DEPT,20150979368,Davidson,Nashville,10/22/2015 6:35:00 PM,2,0,0,36.238340,-86.781940,BRILEY PKWYW,,,,302.00,Feet,West,BRILEY PKWYE,,,,0.00,N,Not at Intersection,N,Non-Junction,None,,,         ,Nathan,Dungan,Clear,"Sideswipe, Same Direction",no,no,no,no,no,False
100996899,METROPOLITAN NASHVILLE POLICE DEPT,20150990371,Davidson,Nashville,10/26/2015 7:50:00 PM,2,0,0,36.040460,-86.780160,OLD HICKORY BLVD,,,,300.00,Feet,West,FRANKLIN PIKE CIR,,,,0.00,N,Not at Intersection,N,Non-Junction,None,,,         ,Peter,Knisley,Rain,Front to Rear,no,no,no,no,no,False
100996905,METROPOLITAN NASHVILLE POLICE DEPT,20150989655,Davidson,Nashville,10/26/2015 2:38:00 PM,2,0,0,36.126450,-86.845440,RIDGEFIELD WAY,,,,20.00,Feet,South,HARDING PKE,,,,0.00,N,Not at Intersection,N,Non-Junction,None,,,         ,Torian,Cox,Rain,Angle,no,no,no,no,no,False
100996910,METROPOLITAN NASHVILLE POLICE DEPT,20150981990,Davidson,Goodlettsville,10/23/2015 1:45:00 PM,2,0,0,36.296910,-86.699160,MYATT DR,,,,0.00,,,GALLATIN PKEN,,,,0.00,Y,Four-Way, ,Intersection,None,,,         ,Nathan,Dungan,Clear,Front to Rear,no,no,no,no,no,False
100996912,METROPOLITAN NASHVILLE POLICE DEPT,20150990431,Davidson,Nashville,10/26/2015 8:11:00 PM,1,1,0,36.180660,-86.749660,GALLATIN AVE,,,,0.00,,,ORDWAY PL,,,,0.00,Y,T-Intersection,N,Intersection,None,,,         ,Trevor,VonDohlen,Rain,Not Collision with Motor Vehicle in Transport,yes,no,no,no,no,False
100996916,METROPOLITAN NASHVILLE POLICE DEPT,20150982500,Davidson,Madison,10/23/2015 4:40:00 PM,2,0,0,36.264210,-86.735100,OLD HICKORY BLVDW,,,,27.00,Feet,East,BOYDS HILLTOP DR,,,,0.00,N,Not at Intersection,N,Non-Junction,None,,,         ,Nathan,Dungan,Clear,Front to Rear,no,no,no,no,yes,False
100996917,METROPOLITAN NASHVILLE POLICE DEPT,20150989973,Davidson,Nashville,10/26/2015 4:41:00 PM,2,0,0,36.075040,-86.662640,BILLINGSGATE RD,,,,31.00,Feet,West,UNA ANTIOCH PKE,,,,0.00,N,Not at Intersection,N,Non-Junction,None,,,         ,William,Durham,Rain,Angle,no,no,no,no,yes,False
100996918,METROPOLITAN NASHVILLE POLICE DEPT,20150990071,Davidson,Nashville,10/26/2015 4:53:00 PM,2,0,0,36.097150,-86.657180,MURFREESBORO PKE,,,,418.00,Feet,West,SMITH SPRINGS RD,,,,0.00,N,Not at Intersection, ,Non-Junction,None,,,         ,William,Durham,Rain,Front to Rear,no,no,no,no,no,False
100996921,METROPOLITAN NASHVILLE POLICE DEPT,20150990387,Davidson,Nashville,10/26/2015 6:55:00 PM,2,0,0,36.149860,-86.666420,DONELSON PKE,,,,312.00,Feet,South,ALLEN RD,,,,0.00,N,Not at Intersection, ,Non-Junction,None,,,         ,Colby,Mathis,Rain,Angle,no,no,no,no,no,False
100996922,METROPOLITAN NASHVILLE POLICE DEPT,20150990175,Davidson,Nashville,10/26/2015 4:18:00 PM,2,0,0,36.069650,-86.694520,HAYWOOD LN,,,,181.00,Feet,West,EZELL RD,,,,0.00,N,Not at Intersection, ,Non-Junction,None,,,         ,William,Durham,Rain,Front to Rear,no,no,no,no,no,False
100996923,METROPOLITAN NASHVILLE POLICE DEPT,20150982707,Davidson,Madison,10/23/2015 6:10:00 PM,1,0,0,36.258570,-86.713490,GALLATIN PKES,,,,52.00,Feet,North,HARRIS ST,,,,0.00,N,Not at Intersection,N,Non-Junction,None,,,         ,Nathan,Dungan,Clear,Not Collision with Motor Vehicle in Transport,no,no,no,no,no,False
100996934,METROPOLITAN NASHVILLE POLICE DEPT,20150990161,Davidson,Goodlettsville,10/26/2015 6:05:00 PM,2,2,0,36.300550,-86.695260,GALLATIN PKEN,,,,153.00,Feet,West,SHEPHERD HILLS DR,,,,0.00,N,Not at Intersection,N,Non-Junction,None,,,         ,Landon,Bagwell,Rain,Angle,no,no,no,no,no,False
100996936,METROPOLITAN NASHVILLE POLICE DEPT,20150990536,Davidson,Nashville,10/26/2015 9:27:00 PM,2,0,0,36.142800,-86.744360,FESSLERS LN,,,,0.00,,,MURFREESBORO PKE,,,,0.00,Y,Four-Way, ,Intersection-Related,None,,,         ,Felipe,Pereira,Rain,"Sideswipe, Same Direction",no,no,no,no,no,False
100996937,METROPOLITAN NASHVILLE POLICE DEPT,20150990226,Davidson,Nashville,10/26/2015 6:37:00 PM,1,1,0,36.119410,-86.730050,GLENROSE AV,,,,0.00,,,WHITSETT RD,,,,0.00,Y,T-Intersection,N,Intersection,None,,,         ,William,Durham,Rain,Not Collision with Motor Vehicle in Transport,yes,no,no,no,yes,False
100996939,METROPOLITAN NASHVILLE POLICE DEPT,20150990500,Davidson,Nashville,10/26/2015 9:09:00 PM,2,0,0,36.204640,-86.749680,E TRINITY LN,,,,0.00,Feet,,ELLINGTON PKWY N ENT RAMP,,,,0.00,Y,T-Intersection,N,Intersection,None,,,         ,Terence,Maahs,Rain,Angle,no,no,no,no,no,False
100996942,METROPOLITAN NASHVILLE POLICE DEPT,20150990348,Davidson,Nashville,10/26/2015 2:30:00 PM,2,0,0,36.044770,-86.661240,BELL RD,,,,84.00,Feet,East,CANE RIDGE RD,,,,0.00,N,Not at Intersection,N,Non-Junction,None,,,         ,Tamara,Zurawski,Rain,"Sideswipe, Same Direction",no,no,no,no,yes,False
100996944,METROPOLITAN NASHVILLE POLICE DEPT,20150990426,Davidson,Antioch,10/26/2015 8:38:00 PM,2,1,0,36.025470,-86.587420,MURFREESBORO RD,,,,437.00,Feet,North,WALDRON RD,,,,0.00,N,Not at Intersection,N,Non-Junction,None,,,         ,William,Durham,Rain,HeadOn,no,no,no,no,no,False
100996947,METROPOLITAN NASHVILLE POLICE DEPT,20150982319,Davidson,Not in City Limit,10/23/2015 4:20:00 PM,2,0,0,36.282080,-86.731650,I 65,,,,0.00,,,,,,,93.50,N,Not at Intersection,N,Non-Junction,None,,,         ,Nathan,Dungan,Clear,"Sideswipe, Same Direction",no,no,no,no,no,False
100996952,METROPOLITAN NASHVILLE POLICE DEPT,20150990497,Davidson,Nashville,10/26/2015 9:17:00 PM,2,0,0,36.173280,-86.791380,JEFFERSON ST,,,,0.00,,,US HWY 41 ALT,,,,0.00,Y,Four-Way,Y,Intersection,None,,,         ,Ethan,Luffman,Rain,"Sideswipe, Same Direction",no,no,no,no,no,False
100996954,METROPOLITAN NASHVILLE POLICE DEPT,20150990601,Davidson,Goodlettsville,10/26/2015 8:45:00 PM,2,1,0,36.286820,-86.705370,US HWY 31E,,,,0.00,,,EDENWOLD RD,,,,0.00,Y,Four-Way,Y,Intersection,None,,,         ,Jessica,Ware,Rain,Angle,no,no,no,no,no,False
100996977,METROPOLITAN NASHVILLE POLICE DEPT,20150990725,Davidson,Nashville,10/26/2015 10:13:00 PM,2,0,0,36.162090,-86.814520,25TH AVN,,,,146.00,Feet,North,BATAVIA ST,,,,0.00,N,Not at Intersection, ,Non-Junction,None,,,         ,Christopher,Valdez,Rain,"Sideswipe, Opposite Direction",no,no,no,no,yes,False
100996997,BERRY HILL POLICE DEPT,15-4286,Davidson,Berry Hill,10/27/2015 12:24:00 AM,1,0,0,36.124790,-86.764000,GRISSOM DR,,,,0.00,,,ROSEDALE AV,,,,0.00,Y,T-Intersection,N,Non-Junction,None,,,         ,Kevin,Spencer,Rain,Not Collision with Motor Vehicle in Transport,no,no,no,no,no,False
100997020,METROPOLITAN NASHVILLE POLICE DEPT,20150990829,Davidson,Nashville,10/27/2015 12:00:00 AM,1,0,0,36.154080,-86.784420,11TH AVS,,,,0.00,,,LAUREL ST,,,,0.00,Y,OTHER,N,Non-Junction,None,,,         ,Carlos,angulo,Rain,Unknown,no,no,no,no,no,False
100997021,METROPOLITAN NASHVILLE POLICE DEPT,20150991051,Davidson,Nashville,10/27/2015 2:33:00 AM,2,0,0,36.176960,-86.751430,S 10TH ST,,,,0.00,,,WOODLAND ST,,,,0.00,Y,Four-Way, ,Intersection,None,,,         ,Steven,Wiser,Rain,Angle,no,no,no,no,no,False
100997038,METROPOLITAN NASHVILLE POLICE DEPT,20150990798,Davidson,Nashville,10/26/2015 11:47:00 PM,2,0,0,36.141080,-86.730500,I 40,,,,0.00,,,,,,,212.90,N,Not at Intersection,N,Non-Junction,None,,,         ,Andy,Esqueda,Rain,Angle,no,no,no,no,no,False
100997047,METROPOLITAN NASHVILLE POLICE DEPT,20150988462,Davidson,Nashville,10/26/2015 5:10:00 AM,2,0,0,36.136160,-86.788700,WEDGEWOOD AVE,,,,0.00,,,12TH AVE S,,,,0.00,Y,Four-Way, ,Non-Junction,None,,,         ,Jessica,Johnson,Clear,Front to Rear,no,no,no,no,no,False