master_record_number,agency,agency_tracking_number,county,city,collision_date,vehicles_involved,number_injured,number_dead,latitude,longitude,roadway_name,roadway_suffix,roadway_number,roadway_local_id,distance_from_reference,miles-feet_indicator,direction_from_reference,intersection_road_name,intersection_road_name_suffix,intersection_road_number,intersection_local_id,mile_marker,intersection_indicator,intersect_type,interchange_related_indicator,relation_to_junction,work_zone_type,construction_maintenance_zone,construction_maintenance_zone_location,fatal_case_number,officer_first_name,officer_last_name,weather_condition(s),manner_of_crash,pedestrian,bicycle,scooter,parking,hitrun,mou
100997048,METROPOLITAN NASHVILLE POLICE DEPT,20150990931,Davidson,Nashville,10/27/2015 1:00:00 AM,2,1,0,36.152270,-86.857660,I 40,,,,0.00,,,,,,,204.00,N,Not at Intersection,N,Non-Junction,None,,,         ,Sean,Wuethrich,Rain,Front to Rear,no,no,no,no,yes,False
100997049,Nashville Airport Police,25015-02480,Davidson,Nashville,10/26/2015 10:46:00 PM,2,0,0,0.000000,0.000000,DONELSON PIKE,PIKE,SR00,,1.00,Feet,North,DONELSON PIKE OFF RAMP,,SR00,,150.00,N,Not at Intersection, ,Non-Junction,None,,,         ,Keneil,Williams,Rain,"Sideswipe, Same Direction",no,no,no,no,no,False
100997056,METROPOLITAN NASHVILLE POLICE DEPT,20150991224,Davidson,Nashville,10/26/2015 11:49:00 PM,1,0,0,36.012280,-86.684980,CULBERTSON RD,,,,447.00,Feet,North,MILL CREEK LENOX VILLAGE GRNWY,,,,0.00,N,Not at Intersection,N,Non-Junction,None,,,         ,Albert,Wilson,Rain,Not Collision with Motor Vehicle in Transport,no,no,no,no,no,False
100997062,METROPOLITAN NASHVILLE POLICE DEPT,20150991238,Davidson,Nashville,10/27/2015 4:53:00 AM,1,0,0,36.191590,-86.786730,I 65,,,,0.00,,,,,,,86.00,N,Not at Intersection,N,Non-Junction,None,,,         ,Lewis,Taylor,Rain,Not Collision with Motor Vehicle in Transport,no,no,no,no,no,False
100997083,METROPOLITAN NASHVILLE POLICE DEPT,20150989594,Davidson,Nashville,10/26/2015 2:11:00 PM,2,0,0,36.146480,-86.694210,BRILEY PKWYN,,,,0.00,,,I40 W EXT RAMP,,,,0.00,Y,OTHER,Y,Entrance/Exit Ramp Related,None,,,         ,Larry,Benz,Rain,"Sideswipe, Same Direction",no,no,no,no,yes,False
100997092,METROPOLITAN NASHVILLE POLICE DEPT,20150986785,Davidson,Madison,10/25/2015 10:55:00 AM,3,3,0,0.000000,0.000000,,,I65,,1.00,Miles,North,,,,,93.20,N,Not at Intersection,N,Non-Junction,None,,,         ,Faye,Denson,Clear,Angle,no,no,no,no,no,False
100997095,GOODLETTSVILLE POLICE DEPT,15-39814,Davidson,Goodlettsville,10/26/2015 3:20:00 PM,2,0,0,36.297430,-86.714190,I 65,,,,0.00,,,,,,,94.90,N,Not at Intersection, ,Non-Junction,None,,,         ,John,Spencer,Rain,Not Collision with Motor Vehicle in Transport,no,no,no,no,no,False
100997097,METROPOLITAN NASHVILLE POLICE DEPT,2015-0977721,Davidson,Nashville,10/22/2015 9:14:00 AM,2,1,0,36.160300,-86.825410,BATAVIA ST,,,,19.00,Feet,West,33RD AVN,,,,0.00,N,Not at Intersection,N,Non-Junction,None,,,         ,Darryl,Morton,Clear,Angle,no,no,no,no,no,False
100997099,METROPOLITAN NASHVILLE POLICE DEPT,2015-0988971,Davidson,Nashville,10/26/2015 12:00:00 AM,3,2,0,36.105560,-86.717720,I 24,,,,0.00,,,,,,,54.10,N,Not at Intersection,N,Entrance/Exit Ramp Related,None,,,         ,Roderic,Williams,Rain,Front to Rear,no,no,no,no,no,False
100997102,METROPOLITAN NASHVILLE POLICE DEPT,2015-0991392,Davidson,Nashville,10/27/2015 6:55:00 AM,2,0,0,36.160640,-86.760540,I 24,,,,0.00,,,,,,,49.40,N,Not at Intersection,N,Non-Junction,None,,,         ,Daniel,Massey,Rain,Front to Rear,no,no,no,no,yes,False
100997105,METROPOLITAN NASHVILLE POLICE DEPT,20150991461,Davidson,Nashville,10/27/2015 7:33:00 AM,3,1,0,36.037500,-86.785820,OLD HICKORY BLVD,,,,5.00,Feet,East,WILSON PIKE CIR,,,,0.00,N,Not at Intersection,N,Non-Junction,None,,,         ,Nathan,Kemp,Rain,Front to Rear,no,no,no,no,no,False
100997114,METROPOLITAN NASHVILLE POLICE DEPT,20150983413,Davidson,Not in City Limit,10/23/2015 11:24:00 PM,1,1,0,36.023410,-86.698090,BARNES BEND DR,,,,108.00,Feet,South,TURFWAY LN,,,,0.00,N,Not at Intersection,N,Non-Junction,None,,,         ,Benjamin,Froehlich,Clear,Not Collision with Motor Vehicle in Transport,no,no,no,no,no,False
100997115,BERRY HILL POLICE DEPT,15-4285,Davidson,Berry Hill,10/26/2015 10:43:00 PM,1,0,0,36.126390,-86.771680,CRAIGHEAD ST,,,,160.00,Feet,West,MCKEAND AV,,,,0.00,N,Not at Intersection,N,Non-Junction,None,,,         ,Rick,Willliams,Rain,Not Collision with Motor Vehicle in Transport,no,no,no,no,no,False
100997122,METROPOLITAN NASHVILLE POLICE DEPT,2015-0991427,Davidson,Nashville,10/27/2015 7:22:00 AM,2,0,0,36.099920,-86.871320,HARDING PKE,,,,162.00,Feet,South,PAGE RD,,,,0.00,N,Not at Intersection, ,,None,,,         ,Curtis,Rich,,,no,no,no,no,no,False
100997125,METROPOLITAN NASHVILLE POLICE DEPT,20150991408,Davidson,Not in City Limit,10/27/2015 7:00:00 AM,2,2,0,36.271650,-86.862890,CLARKSVILLE PKE,,,,731.00,Feet,North,DRY FORK RD,,,,0.00,N,Not at Intersection,N,Non-Junction,None,,,         ,Clint,Gilleland,Rain,"Sideswipe, Same Direction",no,no,no,no,no,False
100997129,METROPOLITAN NASHVILLE POLICE DEPT,20150991435,Davidson,Nashville,10/27/2015 6:58:00 AM,2,0,0,36.049980,-86.649500,MT VIEW RD,,,,0.00,,,BELL RD,,,,0.00,Y,Four-Way, ,Intersection,None,,,         ,Randall,Combs,Rain,Angle,no,no,no,no,no,False
100997137,METROPOLITAN NASHVILLE POLICE DEPT,20150989416,Davidson,Nashville,10/26/2015 1:00:00 PM,7,3,0,36.153630,-86.753610,HERMITAGE AV,,,,0.00,,,DECATUR AV,,,,0.00,Y,T-Intersection,N,Intersection,None,,,         ,Daniel,Crockett,Rain,Angle,no,no,no,no,no,False
100997141,METROPOLITAN NASHVILLE POLICE DEPT,20150989623,Davidson,Nashville,10/26/2015 2:25:00 PM,2,1,0,36.168460,-86.666130,LEBANON PKE,,,,243.00,Feet,East,J B ESTILLE DR,,,,0.00,N,Not at Intersection,N,Non-Junction,None,,,         ,Sandra,Fly,Cloudy,Angle,no,no,no,no,no,False
100997148,METROPOLITAN NASHVILLE POLICE DEPT,2015-0991490,Davidson,Not in City Limit,10/27/2015 7:55:00 AM,3,1,0,36.093040,-86.938200,I 40,,,,0.00,,,,,,,197.65,N,Not at Intersection,N,Non-Junction,None,,,         ,Curtis,Rich,Rain,HeadOn,no,no,no,no,no,False
100997151,METROPOLITAN NASHVILLE POLICE DEPT,20150989682,Davidson,Nashville,10/26/2015 2:37:00 PM,2,1,0,36.041490,-86.782460,I 65,,,,0.00,,,,,,,74.75,N,Not at Intersection,N,Non-Junction,None,,,         ,Reuben,Hewit,Rain,Front to Rear,no,no,no,no,no,False
100997156,METROPOLITAN NASHVILLE POLICE DEPT,20150991401,Davidson,Nashville,10/27/2015 6:55:00 AM,2,0,0,36.134280,-86.779090,WEDGEWOOD AV,,,,0.00,,,8TH AVS,,,,0.00,Y,Four-Way, ,Intersection-Related,None,,,         ,Gregory,Lindstrom,Rain,Front to Rear,no,no,no,no,no,False
100997160,METROPOLITAN NASHVILLE POLICE DEPT,20150991450,Davidson,Nashville,10/27/2015 7:16:00 AM,2,0,0,36.154450,-86.739850,LEBANON PKE,,,,78.00,Feet,West,OMOHUNDRO PL,,,,0.00,N,Not at Intersection, ,Non-Junction,None,,,         ,Jaby,Djabbarov,Rain,Front to Rear,no,no,no,no,no,False
100997163,METROPOLITAN NASHVILLE POLICE DEPT,20150991553,Davidson,Nashville,10/27/2015 8:15:00 AM,2,0,0,36.087750,-86.649180,MURFREESBORO,RD,US41,,100.00,Feet,North,,,,,1.00,N,Not at Intersection, ,,None,,,         ,Scott,Carter,,,no,no,no,no,no,False
100997169,METROPOLITAN NASHVILLE POLICE DEPT,20150991404,Davidson,Nashville,10/27/2015 6:59:00 AM,2,0,0,0.000000,0.000000,OLD HICKORY,BLVD,SR254,,0.00,,,,,I24,,0.00,Y,OTHER,Y,Entrance/Exit Ramp Related,None,,,         ,Kenneth,Alexandrow,Rain,"Sideswipe, Same Direction",no,no,no,no,no,False
100997174,METROPOLITAN NASHVILLE POLICE DEPT,2015-0991476,Davidson,Nashville,10/27/2015 7:30:00 AM,2,0,0,36.180630,-86.788320,3RD AVN,,,,0.00,,,VAN BUREN ST,,,,0.00,Y,Four-Way,N,Intersection,None,,,         ,Charles,Coe,Rain,Angle,no,no,no,no,no,False
100997185,METROPOLITAN NASHVILLE POLICE DEPT,20150991486,Davidson,Nashville,10/27/2015 7:20:00 AM,1,0,0,36.169670,-86.606510,I40 E EXT RAMP,,,,0.00,Feet,East,I 40,,,,0.00,N,Not at Intersection,Y,Entrance/Exit Ramp Related,None,,,         ,Brandon,Helms,Rain,Not Collision with Motor Vehicle in Transport,no,no,no,no,no,False
100997188,METROPOLITAN NASHVILLE POLICE DEPT,20150991379,Davidson,Nashville,10/27/2015 6:45:00 AM,2,0,0,36.116090,-86.725070,I 24,,,,0.00,,,,,,,53.20,N,Not at Intersection, ,Non-Junction,None,,,         ,Todd,Watson,Rain,Front to Rear,no,no,no,no,no,False
100997189,METROPOLITAN NASHVILLE POLICE DEPT,20150991582,Davidson,Nashville,10/27/2015 8:28:00 AM,2,1,0,36.110490,-86.783650,WOODMONT BLVD,,,,0.00,,,GENERAL BATE DR,,,,0.00,Y,T-Intersection,N,Intersection,None,,,         ,Nathan,Kemp,Rain,Angle,no,no,no,no,no,False
100997194,METROPOLITAN NASHVILLE POLICE DEPT,20150991473,Davidson,Nashville,10/27/2015 7:21:00 AM,2,0,0,36.169490,-86.581930,I 40,,,,0.00,,,,,,,221.90,N,Not at Intersection, ,,None,,,         ,Barrett,Teague,,,no,no,no,no,no,False
100997196,METROPOLITAN NASHVILLE POLICE DEPT,2015-0991459,Davidson,Nashville,10/27/2015 7:33:00 AM,3,0,0,36.082860,-86.697960,I 24,,,,0.00,,,,,,,56.00,N,Not at Intersection,N,Non-Junction,None,,,         ,Stanley,Collins,Rain,Front to Rear,no,no,no,no,yes,False
100997201,METROPOLITAN NASHVILLE POLICE DEPT,20150991412,Davidson,Nashville,10/27/2015 7:00:00 AM,2,0,0,36.140790,-86.738190,MURFREESBORO PKE,,,,0.00,Feet,,TRANSIT AV,,,,0.00,Y,T-Intersection, ,Intersection,None,,,         ,James,Thomas,Rain,Angle,no,no,no,no,no,False
100997202,METROPOLITAN NASHVILLE POLICE DEPT,20150991548,Davidson,Nashville,10/27/2015 8:15:00 AM,2,0,0,36.173370,-86.765900,MAIN ST ENT RAMP,,,,0.00,,,SPRING ST,,,,0.00,Y,OTHER, ,,None,,,         ,Michelle,Steidl,,,no,no,no,no,no,False
100997204,METROPOLITAN NASHVILLE POLICE DEPT,20150989801,Davidson,Nashville,10/26/2015 3:42:00 PM,2,0,0,36.171560,-86.670410,KNOBVIEW DR,,,,0.00,,,TODDWAY CT,,,,0.00,Y,T-Intersection,N,Non-Junction,None,,,         ,Wesley,Young,Rain,Angle,no,no,no,no,no,False
100997207,METROPOLITAN NASHVILLE POLICE DEPT,20150991620,Davidson,Nashville,10/27/2015 7:59:00 AM,2,0,0,36.020780,-86.627420,I 24,,,,0.00,,,,,,,62.00,N,Not at Intersection, ,,None,,,         ,Randall,Combs,,,no,no,no,no,no,False
100997208,METROPOLITAN NASHVILLE POLICE DEPT,20150991583,Davidson,Nashville,10/27/2015 8:26:00 AM,2,1,0,36.024340,-86.742560,BANBURY STA,,,,53.00,Feet,West,EDMONDSON PKE,,,,0.00,N,Not at Intersection,N,Non-Junction,None,,,         ,Benjamin,Spees,Rain,Front to Rear,no,no,no,no,no,False
100997209,METROPOLITAN NASHVILLE POLICE DEPT,20150991513,Davidson,Nashville,10/27/2015 8:00:00 AM,2,0,0,36.041020,-86.782540,I 65,,,,0.00,,,,,,,74.75,N,Not at Intersection,N,Non-Junction,None,,,         ,Reuben,Hewit,Rain,Angle,no,no,no,no,no,False
100997215,METROPOLITAN NASHVILLE POLICE DEPT,20150991654,Davidson,Not in City Limit,10/27/2015 9:06:00 AM,2,0,0,36.020520,-86.627130,I 24,,,,0.00,,,,,,,62.00,N,Not at Intersection,N,Non-Junction,None,,,         ,Kenneth,Alexandrow,Rain,Front to Rear,no,no,no,no,no,False
100997219,METROPOLITAN NASHVILLE POLICE DEPT,20150991700,Davidson,Nashville,10/27/2015 9:20:00 AM,2,0,0,36.126080,-86.812540,WOODLAWN DR,,,,0.00,,,NATCHEZ TRC,,,,0.00,Y,Four-Way, ,Intersection,None,,,         ,Nathan,Kemp,Rain,Front to Rear,no,no,no,no,no,False
100997229,METROPOLITAN NASHVILLE POLICE DEPT,2015-0991604,Davidson,Nashville,10/27/2015 8:30:00 AM,2,0,0,36.115320,-86.836640,ESTES RD,,,,21.00,Feet,South,DARTMOUTH AV,,,,0.00,N,Not at Intersection,N,Non-Junction,None,,,         ,George,Spencer,Rain,Front to Rear,no,no,no,no,no,False
100997232,METROPOLITAN NASHVILLE POLICE DEPT,20150991580,Davidson,Nashville,10/27/2015 8:26:00 AM,2,0,0,36.195700,-86.687510,BRILEY PKWYN,,,,81.00,Feet,South,BRILEY PKWY N EXT RAMP,,,,0.00,N,Not at Intersection, ,Non-Junction,None,,,         ,Craig,Carlson,Rain,Angle,no,no,no,no,no,False
100997233,METROPOLITAN NASHVILLE POLICE DEPT,20150991504,Davidson,Nashville,10/27/2015 7:56:00 AM,3,2,0,36.075200,-86.773500,FRANKLIN PKE,,,,833.00,Feet,South,TYNE BLVD,,,,0.00,N,Not at Intersection,N,Non-Junction,None,,,         ,Brent,Bauer,Rain,Front to Rear,no,no,no,no,no,False
100997235,METROPOLITAN NASHVILLE POLICE DEPT,20150991527,Davidson,Not in City Limit,10/27/2015 8:05:00 AM,2,1,0,36.296920,-86.888180,BEAR HOLLOW RD,,,,0.00,,,CLARKSVILLE PKE,,,,0.00,Y,T-Intersection,Y,Intersection-Related,None,,,         ,Charles,Ward,Rain,Front to Rear,no,no,no,no,no,False
100997240,METROPOLITAN NASHVILLE POLICE DEPT,20150991465,Davidson,Madison,10/27/2015 7:30:00 AM,2,1,0,36.256780,-86.676810,CHEYENNE BLVD,,,,364.00,Feet,South,MANZANO RD,,,,0.00,N,Not at Intersection,N,Non-Junction,None,,,         ,William,Estes,Rain,HeadOn,no,no,no,no,no,False
100997242,METROPOLITAN NASHVILLE POLICE DEPT,20150991658,Davidson,Nashville,10/27/2015 9:02:00 AM,2,0,0,36.040280,-86.768370,OLD HICKORY BLVD,,,,0.00,Feet,,SEVEN SPRINGS WAY,,,,0.00,Y,Four-Way,Y,Intersection,None,,,         ,Benjamin,Spees,Rain,Angle,no,no,no,no,no,False
100997243,METROPOLITAN NASHVILLE POLICE DEPT,20150991570,Davidson,Not in City Limit,10/27/2015 7:27:00 AM,1,0,0,36.256490,-86.811520,KNIGHT DR,,,,0.98,Miles,North,BRICK CHURCH LN,,,,0.00,N,Not at Intersection,N,Unknown,None,,,         ,Michael,McCord,Rain,Unknown,no,no,no,no,yes,False
100997244,METROPOLITAN NASHVILLE POLICE DEPT,20150991428,Davidson,Nashville,10/27/2015 7:00:00 AM,3,0,0,36.044850,-86.650330,CROSSINGS BLVD,,,,234.00,Feet,East,HICKORY HOLLOW PKWY,,,,0.00,N,Not at Intersection,N,Non-Junction,None,,,         ,James,Grady,Rain,Front to Rear,no,no,no,no,no,False
100997246,METROPOLITAN NASHVILLE POLICE DEPT,20150991646,Davidson,Nashville,10/27/2015 9:02:00 AM,2,0,0,36.078880,-86.745040,DANBY DR,,,,112.00,Feet,North,STATE HWY 255,,,,0.00,N,Not at Intersection, ,Non-Junction,None,,,         ,Tony,Folad,Rain,Front to Rear,no,no,no,no,no,False
100997254,METROPOLITAN NASHVILLE POLICE DEPT,20150991584,Davidson,Nashville,10/27/2015 9:00:00 AM,2,0,0,36.192470,-86.832330,S HAMILTON RD,,,,0.00,Feet,,JOHN MALLETTE DR,,,,0.00,Y,Four-Way, ,Intersection-Related,None,,,         ,Clint,Gilleland,Rain,Front to Rear,no,no,no,no,no,False
100997256,METROPOLITAN NASHVILLE POLICE DEPT,20150991655,Davidson,Nashville,10/27/2015 8:55:00 AM,2,0,0,36.172480,-86.595110,CENTRAL PKE,,,,0.00,,,TULIP GROVE RD,,,,0.00,Y,Four-Way, ,Intersection,None,,,         ,Sandra,Fly,Rain,Angle,no,no,no,no,no,False
100997257,METROPOLITAN NASHVILLE POLICE DEPT,20150991665,Davidson,Nashville,10/27/2015 7:49:00 AM,2,0,0,36.134070,-86.663590,DONELSON PKE,,,,374.00,Feet,North,BNA DR,,,,0.00,N,Not at Intersection, ,Non-Junction,None,,,         ,Jaby,Djabbarov,Rain,Not Collision with Motor Vehicle in Transport,no,no,no,no,no,False
100997259,METROPOLITAN NASHVILLE POLICE DEPT,20150991509,Davidson,Nashville,10/27/2015 7:45:00 AM,3,1,0,36.045480,-86.647290,CROSSINGS BLVD,,,,0.00,,,MT VIEW RD,,,,0.00,Y,Four-Way,N,Intersection,None,,,         ,Julius,Gallon,Rain,Front to Rear,no,no,no,no,yes,False
100997260,METROPOLITAN NASHVILLE POLICE DEPT,2015-0989444,Davidson,Nashville,10/26/2015 12:45:00 PM,2,0,0,36.142590,-86.815500,WEST END AV,,,,0.00,,,31ST AVN,,,,0.00,Y,Four-Way, ,Intersection-Related,None,,,         ,Emily,Davies,Rain,"Sideswipe, Same Direction",no,no,no,no,no,Campus
100997265,METROPOLITAN NASHVILLE POLICE DEPT,2015-0989115,Davidson,Nashville,10/26/2015 10:50:00 AM,2,1,0,36.150490,-86.801230,21ST AVS,,,,0.00,,,WEST END AV,,,,0.00,Y,Four-Way,N,Intersection-Related,None,,,         ,Emily,Davies,Cloudy,Front to Rear,no,no,no,no,no,Campus
100997268,METROPOLITAN NASHVILLE POLICE DEPT,20150991411,Davidson,Nashville,10/27/2015 7:05:00 AM,3,0,0,36.043100,-86.842900,OLD HICKORY BLVD,,,,178.00,Feet,West,KINGSBURY DR,,,,0.00,N,Not at Intersection, ,Non-Junction,None,,,         ,Darrell,Osment,Rain,Front to Rear,no,no,no,no,no,False
100997271,METROPOLITAN NASHVILLE POLICE DEPT,20150991546,Davidson,Nashville,10/27/2015 7:59:00 AM,2,1,0,36.195260,-86.829790,BUENA VISTA PKE,,,,304.00,Feet,North,RESHA LN,,,,0.00,N,Not at Intersection,N,Non-Junction,None,,,         ,Earnest,Fields,Rain,Front to Rear,no,no,no,no,yes,False
100997278,METROPOLITAN NASHVILLE POLICE DEPT,20150991592,Davidson,Nashville,10/27/2015 7:46:00 AM,2,2,0,36.031490,-86.673290,BLUE HOLE RD,,,,713.00,Feet,South,OAK CHASE DR,,,,0.00,N,Not at Intersection,N,Non-Junction,None,,,         ,Steven,Snitzer,Rain,Front to Rear,no,no,no,no,no,False
100997280,METROPOLITAN NASHVILLE POLICE DEPT,20150991635,Davidson,Nashville,10/27/2015 8:45:00 AM,2,0,0,36.119730,-86.787270,KIRKWOOD AV,,,,3.00,Feet,East,10TH AVS,,,,0.00,N,Not at Intersection, ,,None,,,         ,Phillip,Murphy,,,no,no,no,no,no,False
100997284,METROPOLITAN NASHVILLE POLICE DEPT,2015-0991542,Davidson,Nashville,10/27/2015 8:07:00 AM,2,1,0,36.090050,-86.703070,I 24,,,,0.00,,,,,,,55.40,N,Not at Intersection,N,Non-Junction,None,,,         ,Roderic,Williams,Rain,Front to Rear,no,no,no,no,no,False
100997285,METROPOLITAN NASHVILLE POLICE DEPT,2015-0991410,Davidson,Nashville,10/27/2015 7:02:00 AM,3,0,0,36.096320,-86.708150,I 24,,,,0.00,,,,,,,54.85,N,Not at Intersection, ,Non-Junction,None,,,         ,William,Whitworth,Rain,Front to Rear,no,no,no,no,no,False
100997288,METROPOLITAN NASHVILLE POLICE DEPT,20150991500,Davidson,Nashville,10/27/2015 7:56:00 AM,2,0,0,36.133330,-86.769240,WEDGEWOOD AV,,,,0.00,,,ALLISON PL,,,,0.00,Y,T-Intersection, ,Intersection,None,,,         ,Paul,Joyner,Rain,Front to Rear,no,no,no,no,no,False
100997291,METROPOLITAN NASHVILLE POLICE DEPT,20150991647,Davidson,Nashville,10/27/2015 8:40:00 AM,2,0,0,36.076710,-86.640880,MURFREESBORO PKE,,,,232.00,Feet,East,LAKEVILLA DR,,,,0.00,N,Not at Intersection, ,Non-Junction,None,,,         ,James,Grady,Rain,Angle,no,no,no,no,no,False
100997292,METROPOLITAN NASHVILLE POLICE DEPT,20150991796,Davidson,Nashville,10/27/2015 10:09:00 AM,2,0,0,36.111950,-86.787190,LEALAND LN,,,,97.00,Feet,South,NOELTON AV,,,,0.00,N,Not at Intersection, ,Non-Junction,None,,,         ,Nathan,Kemp,Rain,Angle,no,no,no,no,no,False
100997293,METROPOLITAN NASHVILLE POLICE DEPT,20150991689,Davidson,Nashville,10/27/2015 9:20:00 AM,1,0,0,36.240930,-86.766140,STATE HWY 155,,,,100.00,Feet,West,EXIT 16B,,,,0.00,N,Not at Intersection,N,Non-Junction,None,,,         ,William,Coy,Rain,Not Collision with Motor Vehicle in Transport,no,no,no,no,no,False
100997295,METROPOLITAN NASHVILLE POLICE DEPT,20150991543,Davidson,Nashville,10/27/2015 7:51:00 AM,2,0,0,36.158800,-86.800710,DR D B TODD JR BLVD,,,,56.00,Feet,South,PEARL ST,,,,0.00,N,Not at Intersection, ,Non-Junction,None,,,         ,Phillip,Murphy,Rain,Front to Rear,no,no,no,no,yes,False
100997297,METROPOLITAN NASHVILLE POLICE DEPT,20150991813,Davidson,Nashville,10/27/2015 9:04:00 AM,2,0,0,36.222600,-86.774910,I 24,,,,0.00,,,,,,,45.00,N,Not at Intersection, ,,Construction Zone,,,         ,Michael,McCord,,,no,no,no,no,no,False
100997304,METROPOLITAN NASHVILLE POLICE DEPT,20150991739,Davidson,Nashville,10/27/2015 9:10:00 AM,2,0,0,36.236480,-86.795470,BRILEY PKWYE,,,,514.00,Feet,North,BRILEY PKWYW,,,,0.00,N,Not at Intersection, ,Non-Junction,None,,,         ,Ernie,Wilson,Rain,"Sideswipe, Same Direction",no,no,no,no,yes,False
100997307,METROPOLITAN NASHVILLE POLICE DEPT,2015-0991821,Davidson,Nashville,10/27/2015 10:14:00 AM,2,0,0,36.091890,-86.697120,ANTIOCH PKE,,,,1256.00,Feet,East,HARDING INDUSTRIAL DR,,,,0.00,N,Not at Intersection, ,Non-Junction,None,,,         ,Brandon,O'Guin,Rain,Front to Rear,no,no,no,no,no,False
100997309,METROPOLITAN NASHVILLE POLICE DEPT,2015-0991659,Davidson,Nashville,10/27/2015 8:27:00 AM,3,0,0,36.030320,-86.638130,I 24,,,,0.00,,,,,,,61.00,N,Not at Intersection,N,Non-Junction,None,,,         ,John,Neely,Rain,Front to Rear,no,no,no,no,yes,False
100997312,METROPOLITAN NASHVILLE POLICE DEPT,20150991562,Davidson,Not in City Limit,10/27/2015 7:58:00 AM,2,0,0,36.261980,-86.677700,STATE RT 45,,,,0.00,,,,,,,0.00,,, ,Non-Junction,Construction Zone,,,         ,Cassandra,Del Bosco,Rain,"Sideswipe, Same Direction",no,no,no,no,no,False
100997316,METROPOLITAN NASHVILLE POLICE DEPT,2015-0991521,Davidson,Nashville,10/27/2015 7:50:00 AM,2,3,0,36.140230,-86.828310,MURPHY RD,,,,229.00,Feet,West,ACKLEN PARK DR,,,,0.00,N,Not at Intersection,N,Non-Junction,None,,,         ,Paul,Junkmann,Rain,Angle,no,no,no,no,no,False
100997326,METROPOLITAN NASHVILLE POLICE DEPT,20150991837,Davidson,Nashville,10/27/2015 10:00:00 AM,1,0,0,36.237320,-86.786270,I 24,,,,0.00,,,,,,,43.60,N,Not at Intersection,N,Non-Junction,None,,,         ,Clint,Gilleland,Rain,Not Collision with Motor Vehicle in Transport,no,no,no,no,no,False
100997327,GOODLETTSVILLE POLICE DEPT,15-39922,Davidson,Goodlettsville,10/27/2015 10:27:00 AM,1,0,0,36.300730,-86.711200,I 65,,,,0.00,,,,,,,95.20,N,Not at Intersection, ,Non-Junction,Work Zone,,,         ,Timothy,Williams,Rain,Not Collision with Motor Vehicle in Transport,no,no,no,no,no,False
100997332,METROPOLITAN NASHVILLE POLICE DEPT,20150989533,Davidson,Nashville,10/26/2015 1:25:00 PM,2,0,0,36.152180,-86.842240,46TH AVE N,,,,0.00,Feet,,US HWY 70,,,,0.00,Y,Four-Way, ,Intersection,None,,,         ,Daniel,Alford,Rain,Angle,no,no,no,no,no,False
100997339,METROPOLITAN NASHVILLE POLICE DEPT,20150991774,Davidson,Nashville,10/27/2015 8:05:00 AM,3,0,0,36.080420,-86.722210,HARDING PL,,,,329.00,Feet,East,HARDING MALL DR,,,,0.00,N,Not at Intersection, ,Non-Junction,Construction Zone,,,         ,Armonty,Houston,Rain,Front to Rear,no,no,no,no,no,False
100997343,METROPOLITAN NASHVILLE POLICE DEPT,2015-0991451,Davidson,Nashville,10/27/2015 7:30:00 AM,3,0,0,36.238860,-86.742920,I65 N ENT RAMP,,,,0.00,,,BRILEY PKWY E ENT RAMP,,,,0.00,Y,OTHER,N,Entrance/Exit Ramp Related,None,,,         ,Coleman,Womack,Rain,Front to Rear,no,no,no,no,no,False
100997346,METROPOLITAN NASHVILLE POLICE DEPT,20150991995,Davidson,Nashville,10/27/2015 10:40:00 AM,1,0,0,36.240080,-86.769430,BRILEY PKWYE,,,,315.00,Feet,South,DOVERSIDE DR,,,,0.00,N,Not at Intersection,N,Non-Junction,None,,,         ,Brian,Otto,Cloudy,Not Collision with Motor Vehicle in Transport,no,no,no,no,no,False
100997347,METROPOLITAN NASHVILLE POLICE DEPT,20150991903,Davidson,Nashville,10/27/2015 11:00:00 AM,1,0,0,36.191830,-86.783990,I 65,,,,0.00,,,,,,,86.10,N,Not at Intersection, ,Non-Junction,None,,,         ,Noah,Melton,Rain,Not Collision with Motor Vehicle in Transport,no,no,no,no,no,False
100997349,METROPOLITAN NASHVILLE POLICE DEPT,2015-0991956,Davidson,Nashville,10/27/2015 11:30:00 AM,2,0,0,36.176670,-86.773210,I24 E EXT RAMP,,,,0.00,,,I 24,,,,0.00,Y,OTHER, ,Entrance/Exit Ramp Related,None,,,         ,Charles,Coe,Rain,Front to Rear,no,no,no,no,no,False
100997354,METROPOLITAN NASHVILLE POLICE DEPT,20150991525,Davidson,Nashville,10/27/2015 8:02:00 AM,3,0,0,36.173710,-86.799950,I65 N ENT RAMP,,,,0.00,,,11TH AVN,,,,0.00,Y,OTHER, ,Entrance/Exit Ramp Related,None,,,         ,Nathan,Mayo,Rain,Front to Rear,no,no,no,no,no,False
100997366,METROPOLITAN NASHVILLE POLICE DEPT,20150991993,Davidson,Nashville,10/27/2015 11:43:00 AM,2,0,0,36.227490,-86.779020,I 24,,,,0.00,,,,,,,44.60,N,Not at Intersection, ,Non-Junction,Construction Zone,,,         ,Michael,McCord,Rain,Front to Rear,no,no,no,no,no,False
100997367,METROPOLITAN NASHVILLE POLICE DEPT,2015-0991608,Davidson,Nashville,10/27/2015 8:40:00 AM,2,0,0,36.180540,-86.762660,ELLINGTON PKWYS,,,,945.00,Feet,North,SPRING ST ENT RAMP,,,,0.00,N,Not at Intersection, ,Non-Junction,None,,,         ,Coleman,Womack,Rain,Front to Rear,no,no,no,no,no,False