master_record_number,agency,agency_tracking_number,county,city,collision_date,vehicles_involved,number_injured,number_dead,latitude,longitude,roadway_name,roadway_suffix,roadway_number,roadway_local_id,distance_from_reference,miles-feet_indicator,direction_from_reference,intersection_road_name,intersection_road_name_suffix,intersection_road_number,intersection_local_id,mile_marker,intersection_indicator,intersect_type,interchange_related_indicator,relation_to_junction,work_zone_type,construction_maintenance_zone,construction_maintenance_zone_location,fatal_case_number,officer_first_name,officer_last_name,weather_condition(s),manner_of_crash,pedestrian,bicycle,scooter,parking,hitrun,mou
100998170,METROPOLITAN NASHVILLE POLICE DEPT,20150994923,Davidson,Nashville,10/28/2015 8:15:00 AM,2,0,0,36.110670,-86.730980,MASHBURN RD,,,,56.00,Feet,North,LIVE OAK RD,,,,0.00,N,Not at Intersection, ,Non-Junction,None,,,         ,James,Thomas,Rain,Front to Rear,no,no,no,no,yes,False
100998173,METROPOLITAN NASHVILLE POLICE DEPT,2015-0992349,Davidson,Nashville,10/27/2015 1:55:00 PM,1,0,0,36.173140,-86.766230,ELLINGTON PKWY N ENT RAMP,,,,0.00,,,MAIN ST ENT RAMP,,,,0.00,Y,OTHER,Y,Entrance/Exit Ramp Related,None,,,         ,Coleman,Womack,Rain,Not Collision with Motor Vehicle in Transport,no,no,no,no,no,False
100998180,METROPOLITAN NASHVILLE POLICE DEPT,20150994837,Davidson,Nashville,10/28/2015 7:45:00 AM,3,0,0,36.118640,-86.801030,I 440,,,,0.00,,,,,,,3.10,N,Not at Intersection,N,Non-Junction,None,,,         ,Brent,Bauer,Rain,"Sideswipe, Same Direction",no,no,no,no,no,False
100998182,METROPOLITAN NASHVILLE POLICE DEPT,20150995029,Davidson,Nashville,10/28/2015 9:06:00 AM,2,1,0,36.150040,-86.675930,ROYAL PKWY,,,,0.00,,,PERIMETER PLACE DR,,,,0.00,Y,T-Intersection,N,Intersection,None,,,         ,Jaby,Djabbarov,Rain,Angle,no,no,no,no,no,False
100998183,METROPOLITAN NASHVILLE POLICE DEPT,20150994863,Davidson,Not in City Limit,10/28/2015 8:04:00 AM,2,0,0,36.261260,-86.712240,MAPLE ST,,,,86.00,Feet,East,GALLATIN PKES,,,,0.00,N,Not at Intersection,N,Non-Junction,None,,,         ,Joshua,Borum,Rain,"Sideswipe, Same Direction",no,no,no,no,no,False
100998184,METROPOLITAN NASHVILLE POLICE DEPT,20150994934,Davidson,Nashville,10/28/2015 9:15:00 AM,2,0,0,36.111050,-86.722440,I 24,,,,0.00,,,,,,,53.60,N,Not at Intersection,N,Non-Junction,None,,,         ,Randall,Combs,Rain,Front to Rear,no,no,no,no,no,False
100998186,METROPOLITAN NASHVILLE POLICE DEPT,20150995007,Davidson,Nashville,10/28/2015 8:58:00 AM,3,0,0,36.113060,-86.723560,I 24,,,,0.00,,,,,,,53.40,N,Not at Intersection,N,Non-Junction,None,,,         ,Wesley,Young,Rain,Front to Rear,no,no,no,no,no,False
100998197,METROPOLITAN NASHVILLE POLICE DEPT,20150995318,Davidson,Not in City Limit,10/28/2015 10:25:00 AM,2,0,0,36.353510,-86.867860,GREENBRIER RD,,,,2486.00,Feet,West,WILKINSON RD,,,,0.00,N,Not at Intersection,N,Non-Junction,None,,,         ,Clint,Gilleland,Cloudy,"Sideswipe, Opposite Direction",no,no,no,no,no,False
100998199,METROPOLITAN NASHVILLE POLICE DEPT,2015-0994859,Davidson,Nashville,10/28/2015 8:00:00 AM,2,0,0,36.204690,-86.750370,E TRINITY LN,,,,0.00,,,ELLINGTON PKWYS,,,,0.00,Y,OTHER, ,Non-Junction,None,,,         ,Coleman,Womack,Rain,Front to Rear,no,no,no,no,no,False
100998200,METROPOLITAN NASHVILLE POLICE DEPT,20150995272,Davidson,Nashville,10/28/2015 10:27:00 AM,2,0,0,36.138960,-86.819500,WEST END AV,,,,184.00,Feet,South,MURPHY RD,,,,0.00,N,Not at Intersection, ,Non-Junction,None,,,         ,Nathan,Kemp,Clear,Angle,no,no,no,no,no,False
100998201,METROPOLITAN NASHVILLE POLICE DEPT,20150995069,Davidson,Nashville,10/28/2015 9:00:00 AM,2,0,0,36.118560,-86.698510,BRILEY PKWY N ENT RAMP,,,,0.00,,,BRILEY PKWYN,,,,0.00,Y,Y-Intersection, ,Entrance/Exit Ramp Related,None,,,         ,Wesley,Young,Rain,Angle,no,no,no,no,no,False
100998207,METROPOLITAN NASHVILLE POLICE DEPT,20150995417,Davidson,Nashville,10/28/2015 11:01:00 AM,2,0,0,36.110950,-86.787530,WOODMONT BLVD,,,,0.00,,,LEALAND LN,,,,0.00,Y,Four-Way, ,Intersection,None,,,         ,Nathan,Kemp,Clear,Front to Rear,no,no,no,no,no,False
100998208,METROPOLITAN NASHVILLE POLICE DEPT,2015-0995347,Davidson,Nashville,10/28/2015 10:59:00 AM,1,1,0,36.229230,-86.835720,STATE HWY 155,,,,253.00,Feet,West,-- UNKNOWN RAMP/ROAD --,,,,0.00,N,Not at Intersection,N,Non-Junction,None,,,         ,William,Caillouette,Cloudy,Not Collision with Motor Vehicle in Transport,no,no,no,no,no,False
100998214,METROPOLITAN NASHVILLE POLICE DEPT,2015-0995373,Davidson,Nashville,10/28/2015 11:07:00 AM,2,0,0,36.153790,-86.857500,BRILEY PKWY,,,,50.00,Feet,South,ROBERTSON AV,,,,0.00,N,Not at Intersection, ,Non-Junction,None,,,         ,Walter,Gray II,Cloudy,Front to Rear,no,no,no,no,no,False
100998224,METROPOLITAN NASHVILLE POLICE DEPT,20150995363,Davidson,Nashville,10/28/2015 10:50:00 AM,2,0,0,36.136190,-86.793790,WEDGEWOOD AV,,,,89.00,Feet,West,E BELMONT CIR,,,,0.00,N,Not at Intersection,N,Non-Junction,None,,,         ,Wesley,Feinstein,Cloudy,Angle,no,no,no,no,no,False
100998262,METROPOLITAN NASHVILLE POLICE DEPT,2015-0991536,Davidson,Nashville,10/27/2015 8:10:00 AM,3,0,0,36.182070,-86.641240,LEBANON PKE,,,,136.00,Feet,East,DOWNEYMEADE DR,,,,0.00,N,Not at Intersection,N,Non-Junction,None,,,         ,Michael,Baker,Rain,Front to Rear,no,no,no,no,no,False
100998264,METROPOLITAN NASHVILLE POLICE DEPT,2015-0994779,Davidson,Nashville,10/28/2015 7:30:00 AM,2,0,0,36.221540,-86.745830,BEN ALLEN RD,,,,240.00,Feet,East,ELLINGTON PKWYN,,,,0.00,N,Not at Intersection, ,"Driveway, Alley Access, etc",None,,,         ,Coleman,Womack,Rain,Rear to Side,no,no,no,no,yes,False
100998275,METROPOLITAN NASHVILLE POLICE DEPT,2015-0992377,Davidson,Nashville,10/27/2015 2:09:00 PM,2,1,0,36.229250,-86.724930,GALLATIN PKE,,,,0.00,,,,,,,0.00,,Not at Intersection,N,OtherLocation,None,,,         ,Ian,Herlein,Cloudy,HeadOn,no,no,no,yes,no,False
100998277,METROPOLITAN NASHVILLE POLICE DEPT,2015-0995622,Davidson,Nashville,10/28/2015 12:35:00 PM,2,0,0,36.079600,-86.726320,NOLENSVILLE PKE,,,,0.00,,,HARDING PL,,,,0.00,Y,Four-Way, ,Intersection,None,,,         ,William,Whitworth,Cloudy,Front to Rear,no,no,no,no,no,False
100998280,METROPOLITAN NASHVILLE POLICE DEPT,2015-0995362,Davidson,Nashville,10/28/2015 11:04:00 AM,2,0,0,0.000000,0.000000,HAMILTON CHURCH,RD,,,175.00,Feet,East,MURFREESBORO,PIKE,US70 SOU,,0.00,N,Not at Intersection, ,"Driveway, Alley Access, etc",None,,,         ,William,Whitworth,Clear,Angle,no,no,no,no,no,False
100998285,METROPOLITAN NASHVILLE POLICE DEPT,2015-0995597,Davidson,Nashville,10/28/2015 12:20:00 PM,2,0,0,36.163620,-86.762070,I24 W EXT RAMP,,,,0.00,,,I 24,,,,0.00,Y,OTHER, ,,None,,,         ,Coleman,Womack,,,no,no,no,no,no,False
100998291,METROPOLITAN NASHVILLE POLICE DEPT,20150995759,Davidson,Nashville,10/28/2015 1:05:00 PM,2,0,0,36.109440,-86.727580,BRILEY PKWYS,,,,137.00,Feet,East,BRILEY PKWYN,,,,0.00,N,Not at Intersection,N,Non-Junction,None,,,         ,Armonty,Houston,Cloudy,Front to Rear,no,no,no,no,yes,False
100998292,METROPOLITAN NASHVILLE POLICE DEPT,2015-0995787,Davidson,Nashville,10/28/2015 1:27:00 PM,2,0,0,36.188050,-86.798160,RAMP,,,,0.00,Feet,East,DOMINICAN DR,,,,0.00,N,Not at Intersection, ,Non-Junction,None,,,         ,William,Caillouette,Clear,Angle,no,no,no,no,no,False
100998293,METROPOLITAN NASHVILLE POLICE DEPT,20150994992,Davidson,Nashville,10/28/2015 8:26:00 AM,2,0,0,36.247680,-86.778020,VILLAGE TRL,,,,0.00,,,BRICK CHURCH PKE,,,,0.00,Y,T-Intersection,Y,Intersection,None,,,         ,Andrew,Ivey,Clear,Front to Rear,no,no,no,no,yes,False
100998315,VANDERBILT UNIVERSITY POLICE,15-0995730,Davidson,Nashville,10/28/2015 1:15:00 PM,2,0,0,36.142450,-86.800070,21ST AVS,,,,120.00,Feet,South,MEDICAL CENTER DR,,,,0.00,N,Not at Intersection,N,Non-Junction,None,,,         ,Linda,Jennings,Cloudy,"Sideswipe, Same Direction",no,no,no,no,no,Campus
100998317,METROPOLITAN NASHVILLE POLICE DEPT,20150995754,Davidson,Nashville,10/28/2015 12:00:00 AM,2,0,0,36.209780,-86.733940,SHELTON AV,,,,0.00,,,GALLATIN PKE,,,,0.00,Y,OTHER, ,Non-Junction,None,,,         ,Martin,Gonzalez,Cloudy,Angle,no,no,no,no,no,False
100998326,METROPOLITAN NASHVILLE POLICE DEPT,15-0995801,Davidson,Nashville,10/28/2015 1:34:00 PM,2,0,0,36.168150,-86.781760,JAMES ROBERTSON PKWY,,,,80.00,Feet,East,GAY ST,,,,0.00,N,Not at Intersection, ,Non-Junction,None,,,         ,Frank,Campbell,Clear,"Sideswipe, Same Direction",no,no,no,no,no,False
100998330,METROPOLITAN NASHVILLE POLICE DEPT,20150995973,Davidson,Nashville,10/28/2015 2:28:00 PM,2,0,0,36.037650,-86.793450,OLD HICKORY BLVD,,,,33.00,Feet,West,HILLVIEW DR,,,,0.00,N,Not at Intersection,N,Non-Junction,None,,,         ,Tien,Nguyen,Clear,Front to Rear,no,no,no,no,no,False
100998331,METROPOLITAN NASHVILLE POLICE DEPT,20150987394,Davidson,Goodlettsville,10/25/2015 6:20:00 PM,2,2,0,36.289670,-86.723840,I 65,,,,0.00,,,,,,,94.15,N,Not at Intersection,N,Non-Junction,None,,,         ,Carlos,Urrutia,Rain,"Sideswipe, Same Direction",no,no,no,no,yes,False
100998342,METROPOLITAN NASHVILLE POLICE DEPT,20150995996,Davidson,Nashville,10/28/2015 2:56:00 PM,2,0,0,36.198520,-86.611990,TYLER DR,,,,636.00,Feet,West,EVA DR,,,,0.00,N,Not at Intersection, ,Non-Junction,None,,,         ,Wesley,Young,Cloudy,Front to Rear,no,no,no,no,no,False
100998344,METROPOLITAN NASHVILLE POLICE DEPT,20150995931,Davidson,Nashville,10/28/2015 1:20:00 PM,2,0,0,36.105850,-86.813870,HILLSBORO PKE,,,,0.00,,,ABBOTT MARTIN RD,,,,0.00,Y,Four-Way, ,Intersection-Related,None,,,         ,Gregory,Lindstrom,Clear,Front to Rear,no,no,no,no,no,False
100998365,METROPOLITAN NASHVILLE POLICE DEPT,2015-0996004,Davidson,Not in City Limit,10/28/2015 2:38:00 PM,2,0,0,36.043030,-86.965660,HOLLY SPRINGS RD,,,,50.00,Feet,South,SWEET BAY CIR,,,,0.00,N,Not at Intersection, ,Non-Junction,None,,,         ,Walter,Gray II,Cloudy,Other,no,no,no,no,no,False
100998366,METROPOLITAN NASHVILLE POLICE DEPT,20150987713,Davidson,Nashville,10/25/2015 10:05:00 PM,1,1,0,36.251720,-86.688640,CENTER ST,,,,469.00,Feet,North,NEELYS BEND RD,,,,0.00,N,Not at Intersection,N,Non-Junction,None,,,         ,Carlos,Urrutia,Rain,Not Collision with Motor Vehicle in Transport,no,no,no,no,no,False
100998367,METROPOLITAN NASHVILLE POLICE DEPT,20150993623,Davidson,Nashville,10/27/2015 8:50:00 PM,1,0,0,36.164610,-86.802330,HERMAN ST,,,,50.00,Feet,West,17TH AVN,,,,0.00,N,Not at Intersection,N,Unknown,Unknown,,,         ,Garren,Hoskins,Rain,Unknown,no,no,no,no,yes,False
100998372,METROPOLITAN NASHVILLE POLICE DEPT,20150996173,Davidson,Not in City Limit,10/28/2015 3:19:00 PM,2,0,0,36.263350,-86.683170,STATE RT 45,,,,325.00,Feet,East,LARKIN SPRINGS RD,,,,0.00,N,Not at Intersection, ,Non-Junction,None,,,         ,Ryan,Allen,Clear,Front to Rear,no,no,no,no,no,False
100998374,METROPOLITAN NASHVILLE POLICE DEPT,20150996123,Davidson,Nashville,10/28/2015 3:10:00 PM,2,0,0,36.150720,-86.709070,MAPLELEAF DR,,,,0.00,,,MASSMAN DR,,,,0.00,Y,T-Intersection, ,Intersection,None,,,         ,Leslie,Hale,Clear,Angle,no,no,no,no,no,False
100998377,METROPOLITAN NASHVILLE POLICE DEPT,20150996217,Davidson,Nashville,10/28/2015 2:45:00 PM,2,0,0,36.069170,-86.720310,NOLENSVILLE PKE,,,,298.00,Feet,East,TAYLOR RD,,,,0.00,N,Not at Intersection,N,Non-Junction,None,,,         ,Miguel,Garcia,Clear,Front to Rear,no,no,no,yes,yes,False
100998380,METROPOLITAN NASHVILLE POLICE DEPT,20150996125,Davidson,Nashville,10/28/2015 3:39:00 PM,2,3,0,36.231280,-86.758950,DICKERSON PKE,,,,0.00,,,OAK VALLEY DR,,,,0.00,Y,T-Intersection,Y,Intersection,None,,,         ,Jarred,Ruhlman,Clear,Angle,no,no,no,no,no,False
100998383,GOODLETTSVILLE POLICE DEPT,15-40058,Davidson,Goodlettsville,10/28/2015 1:46:00 PM,2,0,0,36.322122,-86.713839,SOUTH MAIN STREET,,SR31W,,100.00,Feet,West,LONG HOLLOW,,SR174,,0.00,N,Not at Intersection, ,Non-Junction,None,,,         ,Joseph,Waldron,Cloudy,Other,no,no,no,yes,no,False
100998389,METROPOLITAN NASHVILLE POLICE DEPT,2015-989636,Davidson,Not in City Limit,10/27/2015 2:25:00 PM,2,0,0,35.996310,-86.690460,CONCORD RD,,,,264.00,Feet,South,NOLENSVILLE PKE,,,,0.00,N,Not at Intersection,N,Non-Junction,None,,,         ,Ricki,Armstrong,Rain,"Sideswipe, Opposite Direction",no,no,no,no,no,False
100998391,METROPOLITAN NASHVILLE POLICE DEPT,20150996272,Davidson,Nashville,10/28/2015 4:22:00 PM,2,1,0,36.150870,-86.803150,HAYES ST,,,,342.00,Feet,South,ELLISTON PL,,,,0.00,N,Not at Intersection,N,Non-Junction,None,,,         ,Tien,Nguyen,Clear,Rear to Side,no,no,no,no,no,Campus
100998396,METROPOLITAN NASHVILLE POLICE DEPT,20150995963,Davidson,Not in City Limit,10/28/2015 2:43:00 PM,1,0,0,36.259620,-86.757770,DICKERSON PKE,,,,110.00,Feet,North,VILLAGE HILLS PVTDR,,,,0.00,N,Not at Intersection,N,Non-Junction,None,,,         ,Samuel,Miller,Cloudy,Not Collision with Motor Vehicle in Transport,no,no,no,no,no,False
100998402,METROPOLITAN NASHVILLE POLICE DEPT,20150996315,Davidson,Nashville,10/28/2015 4:30:00 PM,2,0,0,36.190060,-86.775410,I 24,,,,0.00,,,,,,,46.90,N,Not at Intersection, ,,None,,,         ,Joshua,Green,,,no,no,no,no,no,False
100998403,METROPOLITAN NASHVILLE POLICE DEPT,20150996218,Davidson,Madison,10/28/2015 4:05:00 PM,2,0,0,36.264730,-86.718520,CHARLES DR,,,,229.00,Feet,East,WALKER ST,,,,0.00,N,Not at Intersection,N,"Driveway, Alley Access, etc",None,,,         ,Nathan,Dungan,Clear,"Sideswipe, Same Direction",no,no,no,yes,no,False
100998409,METROPOLITAN NASHVILLE POLICE DEPT,20150996401,Davidson,Nashville,10/28/2015 5:08:00 PM,2,0,0,36.157930,-86.791610,I40 E ENT RAMP,,,,0.00,,,I 40,,,,0.00,Y,Four-Way, ,Intersection-Related,None,,,         ,Tien,Nguyen,Clear,Angle,no,no,no,no,no,False
100998410,METROPOLITAN NASHVILLE POLICE DEPT,20150996252,Davidson,Nashville,10/28/2015 4:10:00 PM,1,2,0,36.057320,-86.689510,BART DR,,,,33.00,Feet,East,CIMARRON WAY,,,,0.00,N,Not at Intersection,N,Non-Junction,None,,,         ,Oscar,Gomez,Clear,Not Collision with Motor Vehicle in Transport,no,no,no,no,no,False
100998412,METROPOLITAN NASHVILLE POLICE DEPT,20150996409,Davidson,Nashville,10/28/2015 4:56:00 PM,2,0,0,36.148530,-86.665090,ELM HILL PKE,,,,365.00,Feet,East,DONELSON PKE,,,,0.00,N,Not at Intersection, ,Non-Junction,None,,,         ,Shawn,Taylor,Clear,Front to Rear,no,no,no,no,no,False
100998413,METROPOLITAN NASHVILLE POLICE DEPT,20150996366,Davidson,Nashville,10/28/2015 4:50:00 PM,3,0,0,36.045140,-86.852380,OLD HICKORY BLVD,,,,848.00,Feet,East,CROMWELL DR,,,,0.00,N,Not at Intersection, ,Non-Junction,None,,,         ,Miguel,Garcia,Clear,Front to Rear,no,no,no,no,no,False
100998417,METROPOLITAN NASHVILLE POLICE DEPT,2015-0981719,Davidson,Nashville,10/23/2015 12:22:00 PM,1,0,0,36.215690,-86.589160,LEBANON PKE,,,,218.00,Feet,West,BIG HORN DR,,,,0.00,N,Not at Intersection, ,Non-Junction,None,,,         ,Jeb,Johnston,Clear,Not Collision with Motor Vehicle in Transport,no,no,no,yes,yes,False
100998419,METROPOLITAN NASHVILLE POLICE DEPT,20150996263,Davidson,Nashville,10/28/2015 4:00:00 PM,2,0,0,36.162380,-86.774000,DOWNTOWN GRNWY,,,,114.00,Feet,East,1ST AVS,,,,0.00,N,Not at Intersection, ,Non-Junction,None,,,         ,Jeffrey,Livingston,Clear,"Sideswipe, Opposite Direction",no,no,no,no,no,False
100998420,METROPOLITAN NASHVILLE POLICE DEPT,20150996235,Davidson,Nashville,10/28/2015 4:09:00 PM,2,0,0,36.135610,-86.797030,18TH AVS,,,,46.00,Feet,East,MAGNOLIA BLVD,,,,0.00,N,Not at Intersection, ,,None,,,         ,Charles,Griffin,,,no,no,no,no,no,False
100998427,METROPOLITAN NASHVILLE POLICE DEPT,2015-0989374,Davidson,Nashville,10/26/2015 12:26:00 PM,2,0,0,36.170310,-86.598190,I 40,,,,0.00,,,,,,,221.00,N,Not at Intersection,N,Non-Junction,None,,,         ,Jeb,Johnston,Rain,Not Collision with Motor Vehicle in Transport,no,no,no,no,no,False
100998430,METROPOLITAN NASHVILLE POLICE DEPT,20150996406,Davidson,Nashville,10/28/2015 5:03:00 PM,2,0,0,36.128610,-86.712420,PHILFRE CT,,,,240.00,Feet,East,MURFREESBORO PKE,,,,0.00,N,Not at Intersection, ,Non-Junction,None,,,         ,Brandon,Vance,Clear,Angle,no,no,no,no,no,False
100998431,METROPOLITAN NASHVILLE POLICE DEPT,20150993680,Davidson,Not in City Limit,10/27/2015 9:43:00 PM,3,4,0,36.080120,-86.959210,I40 W ENT RAMP,,,,0.00,Feet,East,I 40,,,,0.00,N,Not at Intersection,N,Non-Junction,None,,,         ,Tyler,Reese,Rain,Unknown,no,no,no,no,no,False
100998434,METROPOLITAN NASHVILLE POLICE DEPT,20150996526,Davidson,Nashville,10/28/2015 5:53:00 PM,2,0,0,36.154510,-86.779280,8TH AVS,,,,56.00,Feet,South,LAFAYETTE ST,,,,0.00,N,Not at Intersection, ,Non-Junction,None,,,         ,MIchael,Mihajlov,Clear,Angle,no,no,no,no,no,False
100998435,METROPOLITAN NASHVILLE POLICE DEPT,2015-0994711,Davidson,Nashville,10/28/2015 6:48:00 AM,2,0,0,36.168620,-86.608760,I40 W ENT RAMP,,,,0.00,Feet,East,I 40,,,,0.00,N,Not at Intersection,N,Entrance/Exit Ramp Related,None,,,         ,Jeb,Johnston,Cloudy,Front to Rear,no,no,no,no,no,False
100998439,METROPOLITAN NASHVILLE POLICE DEPT,2015-0996436,Davidson,Nashville,10/28/2015 4:54:00 PM,4,0,0,36.140610,-86.878650,CHARLOTTE PKE,,,,200.00,Feet,West,RUSSLEO DR,,,,0.00,N,Not at Intersection, ,,None,,,         ,Walter,Gray II,,,no,no,no,no,no,False
100998442,METROPOLITAN NASHVILLE POLICE DEPT,20150996499,Davidson,Nashville,10/28/2015 5:51:00 PM,2,0,0,36.123730,-86.809380,I 440,,,,0.00,,,,,,,2.55,N,Not at Intersection, ,Non-Junction,None,,,         ,Tien,Nguyen,Clear,Front to Rear,no,no,no,no,no,False
100998443,METROPOLITAN NASHVILLE POLICE DEPT,20150996432,Davidson,Not in City Limit,10/28/2015 5:18:00 PM,1,1,0,36.265140,-86.683420,NASHWOOD PARK APTS PVTDR,,,,321.00,Feet,South,N DUPONT AV,,,,0.00,N,Not at Intersection,N,Non-Junction,None,,,         ,Samuel,Miller,Clear,Not Collision with Motor Vehicle in Transport,yes,no,no,yes,no,False
100998444,METROPOLITAN NASHVILLE POLICE DEPT,20150996472,Davidson,Nashville,10/28/2015 5:14:00 PM,2,0,0,36.144850,-86.711040,ELM HILL PKE,,,,0.00,,,MASSMAN DR,,,,0.00,Y,Four-Way, ,Intersection,None,,,         ,Leslie,Hale,Clear,Angle,no,no,no,no,no,False
100998445,METROPOLITAN NASHVILLE POLICE DEPT,20150987698,Davidson,Lakewood,10/25/2015 8:40:00 PM,2,0,0,36.241590,-86.638030,PITTS,AVE,,,500.00,Feet,South,RAY,AVE,,,0.00,N,Not at Intersection,N,Non-Junction,None,,,         ,Khalid,Abbady,Cloudy,Front to Rear,no,no,no,no,no,False
100998448,METROPOLITAN NASHVILLE POLICE DEPT,20150996566,Davidson,Nashville,10/28/2015 6:05:00 PM,2,0,0,36.081640,-86.697200,I 24,,,,0.00,,,,,,,56.10,N,Not at Intersection, ,Non-Junction,None,,,         ,Oscar,Gomez,Clear,Front to Rear,no,no,no,no,no,False
100998450,METROPOLITAN NASHVILLE POLICE DEPT,20150996555,Davidson,Goodlettsville,10/28/2015 6:10:00 PM,2,1,0,36.287800,-86.725660,I 65,,,,0.00,,,,,,,94.00,N,Not at Intersection,N,Non-Junction,None,,,         ,Nathan,Dungan,Clear,Front to Rear,no,no,no,no,no,False
100998451,METROPOLITAN NASHVILLE POLICE DEPT,20150996349,Davidson,Nashville,10/28/2015 4:51:00 PM,3,0,0,36.104700,-86.766690,I 65,,,,0.00,,,,,,,79.40,N,Not at Intersection,N,Non-Junction,None,,,         ,Mekisha,Page,Clear,Front to Rear,no,no,no,no,no,False
100998461,METROPOLITAN NASHVILLE POLICE DEPT,20150996550,Davidson,Not in City Limit,10/28/2015 6:08:00 PM,2,2,0,36.020300,-86.710350,NOLENSVILLE PKE,,,,496.00,Feet,North,SHANE POINT PL,,,,0.00,N,Not at Intersection,N,Non-Junction,None,,,         ,Miguel,Garcia,Clear,Angle,no,no,no,no,no,False
100998463,METROPOLITAN NASHVILLE POLICE DEPT,20150996414,Davidson,Nashville,10/28/2015 5:10:00 PM,2,2,0,36.230460,-86.745060,BROADMOOR DR,,,,0.00,,,ELLINGTON PKWY N EXT RAMP,,,,0.00,Y,T-Intersection,N,Entrance/Exit Ramp Related,None,,,         ,Jarred,Ruhlman,Clear,Front to Rear,no,no,no,no,no,False
100998470,METROPOLITAN NASHVILLE POLICE DEPT,20150996663,Davidson,Nashville,10/28/2015 6:36:00 PM,2,0,0,36.169330,-86.670270,LEBANON PKE,,,,400.00,Feet,East,BLUEFIELD AV,,,,0.00,N,Not at Intersection, ,Non-Junction,None,,,         ,Leslie,Hale,Clear,Front to Rear,no,no,no,no,no,False
100998477,METROPOLITAN NASHVILLE POLICE DEPT,20150996565,Davidson,Nashville,10/28/2015 6:05:00 PM,4,0,0,36.085940,-86.700250,HARDING PL,,,,376.00,Feet,East,I24 E EXT RAMP,,,,0.00,N,Not at Intersection, ,Non-Junction,None,,,         ,Jonathan,Frith,Clear,Front to Rear,no,no,no,no,no,False
100998480,METROPOLITAN NASHVILLE POLICE DEPT,20150996587,Davidson,Nashville,10/28/2015 5:20:00 PM,2,0,0,36.153630,-86.753610,HERMITAGE AV,,,,0.00,,,DECATUR AV,,,,0.00,Y,T-Intersection, ,Intersection,None,,,         ,Felipe,Pereira,Clear,Angle,no,no,no,no,no,False
100998489,METROPOLITAN NASHVILLE POLICE DEPT,20150996701,Davidson,Nashville,10/28/2015 7:15:00 PM,2,0,0,36.113950,-86.810880,WOODMONT BLVD,,,,0.00,,,HILLSBORO PKE,,,,0.00,Y,Four-Way, ,Intersection-Related,None,,,         ,Tien,Nguyen,Clear,Angle,no,no,no,no,no,False
100998490,METROPOLITAN NASHVILLE POLICE DEPT,20150996770,Davidson,Nashville,10/28/2015 7:39:00 PM,2,0,0,36.145260,-86.799670,21ST AVS,,,,296.00,Feet,South,SCARRITT PL,,,,0.00,N,Not at Intersection, ,Non-Junction,None,,,         ,Tien,Nguyen,Clear,Front to Rear,no,no,no,no,no,Campus
100998491,BERRY HILL POLICE DEPT,15-4301,Davidson,Berry Hill,10/28/2015 12:00:00 AM,2,0,0,36.115010,-86.773230,I 65,,,,0.00,,,,,,,80.10,N,Not at Intersection, ,Non-Junction,None,,,         ,John,Gleixner,Cloudy,Front to Rear,no,no,no,no,no,False
100998494,METROPOLITAN NASHVILLE POLICE DEPT,20150996622,Davidson,Nashville,10/28/2015 6:30:00 PM,2,1,0,36.099050,-86.872140,HEADY DR,,,,0.00,,,US HWY 70S,,,,0.00,Y,OTHER,N,Intersection,None,,,         ,Mark,Hatt,Clear,Front to Rear,no,no,no,no,no,False
100998495,METROPOLITAN NASHVILLE POLICE DEPT,20150993778,Davidson,Nashville,10/27/2015 10:30:00 PM,1,0,0,36.209500,-86.775930,I 65,,,,0.00,,,,,,,87.55,N,Not at Intersection,N,Non-Junction,Construction Zone,Other,Activity Area,         ,Ryan,Hartley,Rain,Not Collision with Motor Vehicle in Transport,no,no,no,no,no,False
100998496,METROPOLITAN NASHVILLE POLICE DEPT,20150996114,Davidson,Nashville,10/28/2015 3:33:00 PM,2,0,0,36.088060,-86.771800,FRANKLIN PKE,,,,0.00,,,S CURTISWOOD LN,,,,0.00,Y,T-Intersection,N,Non-Junction,None,,,         ,William,Taylor,Clear,Angle,no,no,no,no,no,False
100998497,METROPOLITAN NASHVILLE POLICE DEPT,2015-0996353,Davidson,Nashville,10/28/2015 4:41:00 PM,3,1,0,36.036080,-86.782850,I65 N EXT RAMP,,,,0.00,Feet,East,I 65,,,,0.00,N,Not at Intersection,N,Entrance/Exit Ramp Related,None,,,         ,William,King,Clear,Front to Rear,no,no,no,no,yes,False
100998500,METROPOLITAN NASHVILLE POLICE DEPT,2015-0990244,Davidson,Nashville,10/26/2015 7:20:00 PM,1,0,0,36.041040,-86.782310,I 65,,,,0.00,,,,,,,74.75,N,Not at Intersection,N,Non-Junction,None,,,         ,Ricki,Armstrong,Rain,Not Collision with Motor Vehicle in Transport,no,no,no,no,no,False
100998513,METROPOLITAN NASHVILLE POLICE DEPT,2015-0996771,Davidson,Nashville,10/28/2015 7:25:00 PM,2,0,0,36.153780,-86.857500,BRILEY PKWY,,,,0.00,,,BRILEY PKWY S EXT RAMP,,,,0.00,Y,T-Intersection,Y,Intersection,None,,,         ,Christopher,Clark,Clear,Angle,no,no,no,no,no,False
100998517,METROPOLITAN NASHVILLE POLICE DEPT,20150996292,Davidson,Nashville,10/28/2015 4:19:00 PM,2,0,0,36.082060,-86.761730,HARDING PL,,,,0.00,,,I65 N EXT RAMP,,,,0.00,Y,Four-Way, ,Intersection,None,,,         ,Brian,Theriac,Clear,Angle,no,no,no,no,no,False