master_record_number,agency,agency_tracking_number,county,city,collision_date,vehicles_involved,number_injured,number_dead,latitude,longitude,roadway_name,roadway_suffix,roadway_number,roadway_local_id,distance_from_reference,miles-feet_indicator,direction_from_reference,intersection_road_name,intersection_road_name_suffix,intersection_road_number,intersection_local_id,mile_marker,intersection_indicator,intersect_type,interchange_related_indicator,relation_to_junction,work_zone_type,construction_maintenance_zone,construction_maintenance_zone_location,fatal_case_number,officer_first_name,officer_last_name,weather_condition(s),manner_of_crash,pedestrian,bicycle,scooter,parking,hitrun,mou
100999256,METROPOLITAN NASHVILLE POLICE DEPT,20150999717,Davidson,Nashville,10/29/2015 4:40:00 PM,2,1,0,36.146340,-86.763370,1ST AVS,,,,0.00,,,CHESTNUT ST,,,,0.00,Y,Four-Way,N,Intersection,None,,,         ,Kevin,Keating,Clear,Angle,no,no,no,no,no,False
100999258,METROPOLITAN NASHVILLE POLICE DEPT,20151000396,Davidson,Antioch,10/29/2015 8:37:00 PM,2,0,0,36.025470,-86.587420,MURFREESBORO RD,,,,0.00,,,WALDRON RD,,,,0.00,Y,Four-Way,N,Intersection,None,,,         ,Kevin,Keating,Clear,Angle,no,no,no,no,no,False
100999276,METROPOLITAN NASHVILLE POLICE DEPT,20151000299,Davidson,Nashville,10/29/2015 7:25:00 PM,2,0,0,36.163250,-86.776070,COMMERCE ST,,,,0.00,,,2ND AVN,,,,0.00,Y,T-Intersection,N,Intersection-Related,None,,,         ,Tyler,Hutton,Clear,Angle,no,no,no,no,yes,False
100999283,METROPOLITAN NASHVILLE POLICE DEPT,20150999893,Davidson,Nashville,10/29/2015 5:35:00 PM,2,1,0,36.166220,-86.765790,EXIT 49,,,,0.00,,,I 24,,,,0.00,Y,Four-Way,Y,Intersection,None,,,         ,Ethan,Luffman,Clear,Front to Rear,no,no,no,no,no,False
100999297,GOODLETTSVILLE POLICE DEPT,15-40223,Davidson,Goodlettsville,10/29/2015 10:55:00 PM,1,0,0,36.309700,-86.703330,I 65,,,,0.00,,,,,,,96.00,N,Not at Intersection,N,Non-Junction,None,,,         ,Donald,Brinton,Clear,Not Collision with Motor Vehicle in Transport,no,no,no,no,no,False
100999300,METROPOLITAN NASHVILLE POLICE DEPT,2015-1000748,Davidson,Nashville,10/29/2015 10:35:00 PM,3,0,0,36.149260,-86.774740,I 40,,,,0.00,,,,,,,210.15,N,Not at Intersection,N,Non-Junction,None,,,         ,Randall,Papadinec,Clear,"Sideswipe, Same Direction",no,no,no,no,yes,False
100999334,METROPOLITAN NASHVILLE POLICE DEPT,20151001194,Davidson,Nashville,10/30/2015 2:00:00 AM,1,0,0,36.174280,-86.787420,JEFFERSON ST,,,,0.00,,,5TH AVN,,,,0.00,Y,Four-Way,N,Intersection,None,,,         ,Christopher,Valdez,Clear,Not Collision with Motor Vehicle in Transport,no,no,no,no,yes,False
100999341,METROPOLITAN NASHVILLE POLICE DEPT,20150998239,Davidson,Nashville,10/29/2015 6:30:00 AM,2,1,0,36.089070,-86.649990,MURFREESBORO PKE,,,,0.00,,,RANSOM PL,,,,0.00,Y,T-Intersection,N,Non-Junction,None,,,         ,Charles,Shaw,Clear,Rear to Rear,no,no,no,no,no,False
100999346,METROPOLITAN NASHVILLE POLICE DEPT,20151001391,Davidson,Nashville,10/30/2015 3:20:00 AM,1,0,0,36.224730,-86.774930,I24 W ENT RAMP,,,,0.00,,,I 65,,,,0.00,Y,Y-Intersection,Y,Non-Junction,None,,,         ,Richard,Conger,Clear,Not Collision with Motor Vehicle in Transport,no,no,no,no,no,False
100999350,METROPOLITAN NASHVILLE POLICE DEPT,20150999353,Davidson,Nashville,10/29/2015 2:17:00 PM,1,1,0,36.036370,-86.783130,I 65,,,,0.00,,,,,,,74.40,N,Not at Intersection,N,Non-Junction,None,,,         ,Nathan,Kemp,Clear,Not Collision with Motor Vehicle in Transport,no,no,no,no,no,False
100999378,METROPOLITAN NASHVILLE POLICE DEPT,2015-1001708,Davidson,Nashville,10/30/2015 7:00:00 AM,2,0,0,36.073610,-86.923640,OLD HARDING PKE,,,,123.00,Feet,West,OLD HARDING PKE RAMP,,,,0.00,N,Not at Intersection,N,Non-Junction,None,,,         ,Curtis,Rich,Cloudy,Angle,no,no,no,no,no,False
100999381,METROPOLITAN NASHVILLE POLICE DEPT,20151001721,Davidson,Nashville,10/30/2015 6:55:00 AM,2,0,0,36.137640,-86.726770,I 24,,,,0.00,,,,,,,52.35,N,Not at Intersection, ,Non-Junction,None,,,         ,Mitchell,McClay,Clear,"Sideswipe, Same Direction",no,no,no,no,yes,False
100999401,METROPOLITAN NASHVILLE POLICE DEPT,20151001766,Davidson,Madison,10/30/2015 7:15:00 AM,2,0,0,36.245800,-86.716220,ARGLE AV,,,,0.00,,,BERKLEY DR,,,,0.00,Y,Four-Way, ,Intersection,None,,,         ,Brian,Otto,Clear,Angle,no,no,no,no,no,False
100999405,METROPOLITAN NASHVILLE POLICE DEPT,20151001775,Davidson,Nashville,10/30/2015 7:23:00 AM,2,0,0,36.164440,-86.810560,MORENA ST,,,,411.00,Feet,East,24TH AVN,,,,0.00,N,Not at Intersection, ,Non-Junction,None,,,         ,Charles,Ward,Clear,Unknown,no,no,no,no,yes,False
100999406,METROPOLITAN NASHVILLE POLICE DEPT,20151001798,Davidson,Nashville,10/30/2015 7:30:00 AM,2,0,0,36.236510,-86.744320,I65 S EXT RAMP,,,,0.00,,,ELLINGTON PKWYS,,,,0.00,Y,OTHER, ,Non-Junction,None,,,         ,Sheila,Nidiffer,Clear,Front to Rear,no,no,no,no,no,False
100999407,METROPOLITAN NASHVILLE POLICE DEPT,20150999252,Davidson,Nashville,10/29/2015 1:30:00 PM,2,0,0,36.180990,-86.606610,OLD HICKORY BLVD,,,,614.00,Feet,South,ANDREW JACKSON WAY,,,,0.00,N,Not at Intersection,N,Non-Junction,None,,,         ,Wesley,Young,Clear,Front to Rear,no,no,no,no,yes,False
100999408,METROPOLITAN NASHVILLE POLICE DEPT,2015-1001807,Davidson,Not in City Limit,10/30/2015 7:55:00 AM,2,0,0,36.083200,-86.958100,HARPETH VALLEY PL,,,,0.00,,,HARPETH VALLEY RD,,,,0.00,Y,T-Intersection, ,Intersection,None,,,         ,Curtis,Rich,Clear,Angle,no,no,no,no,no,False
100999409,METROPOLITAN NASHVILLE POLICE DEPT,20151001846,Davidson,Nashville,10/30/2015 7:55:00 AM,1,1,0,36.158480,-86.818550,28TH AVN,,,,92.00,Feet,South,CLIFTON AV,,,,0.00,N,Not at Intersection,N,Non-Junction,None,,,         ,Ky,Luu,Clear,Not Collision with Motor Vehicle in Transport,yes,no,no,yes,yes,False
100999418,METROPOLITAN NASHVILLE POLICE DEPT,20150999247,Davidson,Madison,10/29/2015 1:20:00 PM,2,2,0,36.302750,-86.691850,GALLATIN PKEN,,,,0.00,Feet,,CONFERENCE DR,,,,0.00,Y,Four-Way,N,Intersection,None,,,         ,William,Estes,Clear,Front to Rear,no,no,no,no,no,False
100999430,METROPOLITAN NASHVILLE POLICE DEPT,20151001750,Davidson,Nashville,10/30/2015 7:10:00 AM,1,0,0,36.137240,-86.699570,BRILEY PKWYN,,,,0.00,,,GLASTONBURY RD,,,,0.00,Y,T-Intersection, ,Intersection,None,,,         ,Caleb,Jernigan,Clear,Not Collision with Motor Vehicle in Transport,no,no,no,no,no,False
100999433,METROPOLITAN NASHVILLE POLICE DEPT,20151001838,Davidson,Nashville,10/30/2015 7:55:00 AM,2,0,0,36.193660,-86.831220,S HAMILTON RD,,,,0.00,,,BUENA VISTA PKE,,,,0.00,Y,Four-Way, ,Non-Junction,None,,,         ,Noah,Melton,Clear,"Sideswipe, Same Direction",no,no,no,no,no,False
100999434,METROPOLITAN NASHVILLE POLICE DEPT,20151001796,Davidson,Nashville,10/30/2015 7:25:00 AM,2,0,0,36.143490,-86.703410,I 40,,,,0.00,,,,,,,214.55,N,Not at Intersection, ,Non-Junction,None,,,         ,Sandra,Fly,Clear,Front to Rear,no,no,no,no,no,False
100999439,METROPOLITAN NASHVILLE POLICE DEPT,20151001789,Davidson,Not in City Limit,10/30/2015 7:32:00 AM,2,0,0,36.331690,-86.901650,I 24,,,,0.00,,,,,,,33.00,N,Not at Intersection,N,Non-Junction,None,,,         ,Justin,Fox,Clear,Front to Rear,no,no,no,no,no,False
100999444,METROPOLITAN NASHVILLE POLICE DEPT,20151001922,Davidson,Nashville,10/30/2015 8:32:00 AM,3,1,0,36.046170,-86.857570,OLD HICKORY BLVD,,,,652.00,Feet,West,WILDWOOD VALLEY DR,,,,0.00,N,Not at Intersection,N,Non-Junction,None,,,         ,Nathan,Kemp,Clear,Front to Rear,no,no,no,no,no,False
100999456,METROPOLITAN NASHVILLE POLICE DEPT,20151001912,Davidson,Nashville,10/30/2015 8:11:00 AM,2,0,0,36.064930,-86.684730,I 24,,,,0.00,,,,,,,57.40,N,Not at Intersection,N,Non-Junction,None,,,         ,Brian,Lamb,Clear,"Sideswipe, Same Direction",no,no,no,no,yes,False
100999457,METROPOLITAN NASHVILLE POLICE DEPT,20151001979,Davidson,Madison,10/30/2015 8:56:00 AM,2,0,0,36.249390,-86.719400,US HWY 31E,,,,0.00,,,E PALESTINE AVE,,,,0.00,Y,Four-Way, ,Intersection,None,,,         ,William,Coy,Clear,Angle,no,no,no,no,yes,False
100999463,METROPOLITAN NASHVILLE POLICE DEPT,20151001961,Davidson,Nashville,10/30/2015 8:48:00 AM,2,0,0,36.142460,-86.743310,US HWY 41,,,,155.00,Feet,West,POLK AVE,,,,0.00,N,Not at Intersection,N,Non-Junction,None,,,         ,Tyler,McDaniel,Clear,Front to Rear,no,no,no,no,no,False
100999499,METROPOLITAN NASHVILLE POLICE DEPT,20150999227,Davidson,Nashville,10/29/2015 1:25:00 PM,2,0,0,0.000000,0.000000,2418 LEBANON PKE,,,,1.00,Feet,North,2518 LEBANON PKE,,,,0.00,N,Not at Intersection, ,Non-Junction,None,,,         ,Caleb,Jernigan,Clear,Angle,no,no,no,yes,no,False
100999514,METROPOLITAN NASHVILLE POLICE DEPT,20151001762,Davidson,Nashville,10/30/2015 7:08:00 AM,2,0,0,36.105480,-86.812580,RICHARD JONES RD,,,,0.00,,,,,,,0.00,,Not at Intersection,N,Non-Junction,None,,,         ,Jason,Picanzo,Clear,Rear to Side,no,no,no,yes,yes,False
100999523,METROPOLITAN NASHVILLE POLICE DEPT,20151002257,Davidson,Nashville,10/30/2015 9:30:00 AM,1,0,0,36.145210,-86.705670,DABBS AV,,,,204.00,Feet,South,AIR LANE DR,,,,0.00,N,Not at Intersection,N,Non-Junction,None,,,         ,Phillip,Black,Clear,Not Collision with Motor Vehicle in Transport,no,no,no,yes,yes,False
100999544,METROPOLITAN NASHVILLE POLICE DEPT,20151002343,Davidson,Nashville,10/30/2015 11:20:00 AM,2,1,0,36.180900,-86.606550,OLD HICKORY BLVD,,,,528.00,Feet,North,FRIST BLVD,,,,0.00,N,Not at Intersection,N,Non-Junction,None,,,         ,William,Mckay,Clear,Front to Rear,no,no,no,no,no,False
100999564,METROPOLITAN NASHVILLE POLICE DEPT,20151002120,Davidson,Nashville,10/30/2015 8:40:00 AM,2,1,0,36.083020,-86.727380,NOLENSVILLE PKE,,,,141.00,Feet,South,WELCH RD,,,,0.00,N,Not at Intersection,N,Non-Junction,None,,,         ,Armonty,Houston,Clear,Front to Rear,no,no,no,no,yes,False
100999565,METROPOLITAN NASHVILLE POLICE DEPT,20151002420,Davidson,Nashville,10/30/2015 12:00:00 PM,2,2,0,36.115250,-86.791990,GRANNY WHITE PKE,,,,0.00,,,BATTLEFIELD DR,,,,0.00,Y,Four-Way,N,Intersection,None,,,         ,Nathan,Kemp,Clear,Angle,no,no,no,no,no,False
100999569,METROPOLITAN NASHVILLE POLICE DEPT,20151002322,Davidson,Nashville,10/30/2015 11:54:00 AM,2,0,0,36.114870,-86.810740,HILLSBORO PKE,,,,335.00,Feet,North,WOODMONT BLVD,,,,0.00,N,Not at Intersection, ,Non-Junction,None,,,         ,Jeremy,King,Clear,Angle,no,no,no,no,no,False
100999578,METROPOLITAN NASHVILLE POLICE DEPT,2015-1002541,Davidson,Nashville,10/30/2015 1:00:00 PM,2,0,0,36.151990,-86.847970,CHARLOTTE AV,,,,176.00,Feet,East,51ST AVN,,,,0.00,N,Not at Intersection, ,Non-Junction,None,,,         ,Curtis,Rich,Clear,Angle,no,no,no,no,no,False
100999582,METROPOLITAN NASHVILLE POLICE DEPT,20151002259,Davidson,Nashville,10/30/2015 10:49:00 AM,2,1,0,36.151540,-86.815870,PARK PLZ,,,,619.00,Feet,West,CENTENNIAL PARK PVTDR,,,,0.00,N,Not at Intersection,N,"Driveway, Alley Access, etc",None,,,         ,Nathan,Kemp,Clear,Angle,no,no,no,no,no,False
100999590,METROPOLITAN NASHVILLE POLICE DEPT,2015-1002024,Davidson,Nashville,10/30/2015 9:15:00 AM,2,0,0,36.183720,-86.747540,EASTLAND AV,,,,247.00,Feet,East,GALLATIN AV,,,,0.00,N,Not at Intersection,N,Non-Junction,None,,,         ,Coleman,Womack,Clear,Angle,no,no,no,no,no,False
100999602,METROPOLITAN NASHVILLE POLICE DEPT,2015-1002309,Davidson,Nashville,10/30/2015 11:05:00 AM,2,0,0,36.216350,-86.775260,I 65,,,,0.00,,,,,,,88.00,N,Not at Intersection, ,Non-Junction,Construction Zone,,,         ,Coleman,Womack,Clear,Front to Rear,no,no,no,no,no,False
100999604,METROPOLITAN NASHVILLE POLICE DEPT,20151002557,Davidson,Nashville,10/30/2015 1:00:00 PM,2,0,0,36.097580,-86.875180,US HWY 70S,,,,227.00,Feet,East,OLD HARDING RD,,,,0.00,N,Not at Intersection,N,Non-Junction,None,,,         ,Wesley,Tilley,Clear,Front to Rear,no,no,no,no,no,False
100999608,METROPOLITAN NASHVILLE POLICE DEPT,2015-1002260,Davidson,Nashville,10/30/2015 10:33:00 AM,2,0,0,36.086060,-86.701390,I24 E EXT RAMP,,,,178.00,Feet,North,HARDING PL,,,,0.00,N,Not at Intersection, ,Entrance/Exit Ramp Related,None,,,         ,William,Whitworth,Clear,"Sideswipe, Same Direction",no,no,no,no,no,False
100999612,METROPOLITAN NASHVILLE POLICE DEPT,20151001731,Davidson,Not in City Limit,10/30/2015 7:45:00 AM,2,0,0,36.263180,-86.713090,OLD TIME VILLAGE PVTDR,,,,0.00,,,OLD HICKORY BLVDW,,,,0.00,Y,T-Intersection, ,,None,,,         ,Andrew,Ivey,,,no,no,no,no,no,False
100999613,BERRY HILL POLICE DEPT,15-4330,Davidson,Berry Hill,10/30/2015 12:09:00 PM,2,0,0,36.118400,-86.766070,BRANSFORD AV,,,,135.00,Feet,South,BERRYWOOD DR,,,,0.00,N,Not at Intersection, ,Non-Junction,None,,,         ,Ray,Ferguson,Clear,Angle,no,no,no,no,no,False
100999620,METROPOLITAN NASHVILLE POLICE DEPT,20151002617,Davidson,Nashville,10/30/2015 1:08:00 PM,2,1,0,36.146760,-86.643920,I 40,,,,0.00,,,,,,,218.00,N,Not at Intersection,N,Non-Junction,None,,,         ,Mitchell,McClay,Clear,Front to Rear,no,no,no,no,no,False
100999635,METROPOLITAN NASHVILLE POLICE DEPT,2015-1002523,Davidson,Nashville,10/30/2015 12:43:00 PM,4,0,0,36.149820,-86.859400,CHARLOTTE PKE,,,,0.00,,,MIDLAND AV,,,,0.00,Y,T-Intersection,N,Intersection-Related,None,,,         ,Walter,Gray II,Clear,Angle,no,no,no,no,no,False
100999647,METROPOLITAN NASHVILLE POLICE DEPT,20151002463,Davidson,Nashville,10/30/2015 12:15:00 PM,4,2,0,36.141140,-86.657270,I 40,,,,0.00,,,,,,,217.85,N,Not at Intersection,N,Non-Junction,None,,,         ,Sandra,Fly,Clear,Front to Rear,no,no,no,no,no,False
100999675,BERRY HILL POLICE DEPT,15-4313,Davidson,Berry Hill,10/29/2015 9:42:00 AM,2,0,0,36.125080,-86.765880,BRANSFORD AV,,,,0.00,,,ROSEDALE AV,,,,0.00,Y,T-Intersection, ,Intersection,None,,,         ,Larry,Carter,Clear,"Sideswipe, Opposite Direction",no,no,no,no,no,False
100999706,METROPOLITAN NASHVILLE POLICE DEPT,20151002925,Davidson,Nashville,10/30/2015 3:39:00 PM,2,0,0,36.192440,-86.829250,CLARKSVILLE PKE,,,,72.00,Feet,West,CLIFF DR,,,,0.00,N,Not at Intersection, ,,None,,,         ,Michael,Phelps,,,no,no,no,no,no,False
100999724,METROPOLITAN NASHVILLE POLICE DEPT,20151002920,Davidson,Nashville,10/30/2015 3:32:00 PM,2,0,0,36.129700,-86.839550,ENSWORTH AVE,,,,0.00,,,US HWY 70S,,,,0.00,Y,T-Intersection,N,Intersection,None,,,         ,Jose,Salazar,Clear,Angle,no,no,no,no,no,False
100999740,METROPOLITAN NASHVILLE POLICE DEPT,20151003001,Davidson,Nashville,10/30/2015 3:45:00 PM,2,0,0,36.152600,-86.796830,WEST END AV,,,,211.00,Feet,East,19TH AVN,,,,0.00,N,Not at Intersection, ,,None,,,         ,Christopher,Davis,,,no,no,no,no,no,False
100999751,METROPOLITAN NASHVILLE POLICE DEPT,20151002992,Davidson,Nashville,10/30/2015 4:00:00 PM,2,0,0,36.096360,-86.655930,MURFREESBORO PKE,,,,50.00,Feet,East,SMITH SPRINGS RD,,,,0.00,N,Not at Intersection, ,Non-Junction,None,,,         ,Christopher,Augustin,Clear,"Sideswipe, Same Direction",no,no,no,no,no,False
100999789,METROPOLITAN NASHVILLE POLICE DEPT,20151003026,Davidson,Nashville,10/30/2015 3:40:00 PM,2,0,0,36.210340,-86.775830,I 65,,,,0.00,,,,,,,87.60,N,Not at Intersection,N,Non-Junction,Construction Zone,Other,Activity Area,         ,Timothy,Morgan,Clear,"Sideswipe, Same Direction",no,no,no,no,yes,False
100999791,METROPOLITAN NASHVILLE POLICE DEPT,20151003173,Davidson,Nashville,10/30/2015 5:10:00 PM,2,0,0,36.148170,-86.867420,CHARLOTTE PKE,,,,0.00,,,EASTBORO DR,,,,0.00,Y,OTHER, ,,None,,,         ,Brandon,Rardin,,,no,no,no,no,no,False
100999807,METROPOLITAN NASHVILLE POLICE DEPT,20151003158,Davidson,Nashville,10/30/2015 5:06:00 PM,2,0,0,36.078890,-86.728400,HARDING PL,,,,678.00,Feet,West,NOLENSVILLE PKE,,,,0.00,N,Not at Intersection,N,Non-Junction,None,,,         ,Eric,Burford,Clear,Angle,no,no,no,no,no,False
100999809,METROPOLITAN NASHVILLE POLICE DEPT,20151003072,Davidson,Nashville,10/30/2015 4:24:00 PM,2,0,0,36.249190,-86.734460,DUE WEST AVW,,,,0.00,,,S GRAYCROFT AV,,,,0.00,Y,Four-Way,N,Intersection,None,,,         ,Daniel,Caruth,Clear,"Sideswipe, Same Direction",no,no,no,no,no,False
100999812,METROPOLITAN NASHVILLE POLICE DEPT,20151002931,Davidson,Nashville,10/30/2015 3:41:00 PM,3,0,0,36.231250,-86.724930,HAYSBORO AV,,,,0.00,,,GALLATIN PKE,,,,0.00,Y,Four-Way,N,Non-Junction,None,,,         ,Kimberly,Brown,Clear,Front to Rear,no,no,no,no,no,False
100999827,METROPOLITAN NASHVILLE POLICE DEPT,20151000068,Davidson,Nashville,10/29/2015 6:40:00 PM,2,0,0,36.025990,-86.712970,NOLENSVILLE PKE,,,,193.00,Feet,North,LENOX VILLAGE DR,,,,0.00,N,Not at Intersection, ,Non-Junction,None,,,         ,Ricki,Armstrong,Clear,Front to Rear,no,no,no,no,no,False
100999829,METROPOLITAN NASHVILLE POLICE DEPT,20151003239,Davidson,Nashville,10/30/2015 5:15:00 PM,3,0,0,36.128000,-86.851960,WHITE BRIDGE PKE,,,,0.00,,,POST PL,,,,0.00,Y,Four-Way,N,Intersection,None,,,         ,Mark,Hatt,Clear,Front to Rear,no,no,no,no,yes,False
100999833,METROPOLITAN NASHVILLE POLICE DEPT,20151003392,Davidson,Nashville,10/30/2015 6:23:00 PM,2,1,0,36.158330,-86.783400,9TH AVS,,,,0.00,,,BROADWAY,,,,0.00,Y,Four-Way,N,Intersection,None,,,         ,Benjamin,Smith,Clear,"Sideswipe, Opposite Direction",no,no,no,no,no,False
100999834,METROPOLITAN NASHVILLE POLICE DEPT,20151003367,Davidson,Not in City Limit,10/30/2015 6:16:00 PM,1,0,0,36.088240,-86.562270,HOBSON PKE,,,,0.69,Miles,South,WALKER RD,,,,0.00,N,Not at Intersection,N,Non-Junction,None,,,         ,Tamara,Zurawski,Clear,Not Collision with Motor Vehicle in Transport,no,no,no,no,no,False
100999840,METROPOLITAN NASHVILLE POLICE DEPT,20151003490,Davidson,Nashville,10/30/2015 6:52:00 PM,2,2,0,36.176580,-86.777860,SPRING ST,,,,71.00,Feet,East,JEFFERSON ST,,,,0.00,N,Not at Intersection,N,Non-Junction,None,,,         ,Mikala,Moore,Clear,Front to Rear,no,no,no,no,no,False
100999843,METROPOLITAN NASHVILLE POLICE DEPT,20151003484,Davidson,Nashville,10/30/2015 6:30:00 PM,2,0,0,36.143410,-86.666660,DONELSON PKE,,,,406.00,Feet,North,I40 W ENT RAMP,,,,0.00,N,Not at Intersection,N,Non-Junction,None,,,         ,Shawn,Taylor,Clear,"Sideswipe, Same Direction",no,no,no,no,yes,False
100999844,METROPOLITAN NASHVILLE POLICE DEPT,20151003522,Davidson,Nashville,10/30/2015 6:55:00 PM,2,0,0,36.215300,-86.763940,DICKERSON PKE,,,,0.00,,,LEMUEL RD,,,,0.00,Y,OTHER,N,Non-Junction,None,,,         ,Joshua,Green,Clear,Angle,no,no,no,no,no,False
100999845,METROPOLITAN NASHVILLE POLICE DEPT,20151003418,Davidson,Nashville,10/30/2015 5:54:00 PM,2,2,0,36.169530,-86.821260,ED TEMPLE BLVD,,,,54.00,Feet,South,W HEIMAN ST,,,,0.00,N,Not at Intersection,N,Non-Junction,None,,,         ,Zachary,Ronan,Clear,Angle,no,no,no,no,no,False
100999846,METROPOLITAN NASHVILLE POLICE DEPT,20151002889,Davidson,Nashville,10/30/2015 3:15:00 PM,3,1,0,36.148350,-86.745350,I 40,,,,0.00,,,,,,,211.90,N,Not at Intersection,N,Non-Junction,None,,,         ,Felipe,Pereira,Clear,Front to Rear,no,no,no,no,no,False
100999847,METROPOLITAN NASHVILLE POLICE DEPT,20151003368,Davidson,Nashville,10/30/2015 6:12:00 PM,2,0,0,36.151530,-86.751990,I 40,,,,0.00,,,,,,,211.50,N,Not at Intersection, ,Non-Junction,None,,,         ,Felipe,Pereira,Clear,Front to Rear,no,no,no,no,no,False
100999857,GOODLETTSVILLE POLICE DEPT,15-40300,Davidson,Goodlettsville,10/30/2015 5:37:00 PM,1,1,0,36.320287,-86.713272,SOUTH MAIN,ST,US31/41,,60.00,Feet,South,MEMORIAL,DR,,,0.00,N,Not at Intersection,N,Non-Junction,None,,,         ,Jason,Ayers,Clear,Not Collision with Motor Vehicle in Transport,no,yes,no,no,no,False
100999858,METROPOLITAN NASHVILLE POLICE DEPT,20151003317,Davidson,Nashville,10/30/2015 5:49:00 PM,2,0,0,36.084410,-86.738090,COVENTRY CT,,,,0.00,,,ELYSIAN FIELDS RD,,,,0.00,Y,T-Intersection, ,Intersection,None,,,         ,Eric,Burford,Clear,Angle,no,no,no,no,no,False
100999859,METROPOLITAN NASHVILLE POLICE DEPT,20151003304,Davidson,Nashville,10/30/2015 5:45:00 PM,2,0,0,36.095450,-86.654600,MURFREESBORO PKE,,,,48.00,Feet,East,SWEENEY AV,,,,0.00,N,Not at Intersection,N,Non-Junction,None,,,         ,Shawn,Taylor,Clear,Front to Rear,no,no,no,no,yes,False
100999860,METROPOLITAN NASHVILLE POLICE DEPT,20151003547,Davidson,Not in City Limit,10/30/2015 5:37:00 PM,2,0,0,36.266000,-86.741390,OLD HICKORY BLVDW,,,,0.00,,,NESBITT LN,,,,0.00,Y,Four-Way, ,,None,,,         ,Daniel,Caruth,,,no,no,no,no,no,False
100999876,METROPOLITAN NASHVILLE POLICE DEPT,20151003600,Davidson,Nashville,10/30/2015 12:00:00 AM,2,0,0,36.158840,-86.777360,5TH AVS,,,,0.00,,,,,,,0.00,,, ,Non-Junction,None,,,         ,Benjamin,Smith,Clear,"Sideswipe, Same Direction",no,no,no,no,no,False
100999879,METROPOLITAN NASHVILLE POLICE DEPT,20151003622,Davidson,Nashville,10/30/2015 6:30:00 PM,2,0,0,36.083870,-86.727660,NOLENSVILLE PKE,,,,180.00,Feet,North,PARAGON MILLS RD,,,,0.00,N,Not at Intersection, ,,None,,,         ,Jarret,Sonnenberg,,,no,no,no,no,no,False
100999883,METROPOLITAN NASHVILLE POLICE DEPT,20151002782,Davidson,Nashville,10/30/2015 2:41:00 PM,4,1,0,36.138030,-86.805050,BLAKEMORE AV,,,,0.00,,,24TH AVS,,,,0.00,Y,Four-Way,N,Intersection,None,,,         ,Clyde,Stambaugh,Clear,Front to Rear,no,no,no,no,yes,Campus
100999888,METROPOLITAN NASHVILLE POLICE DEPT,2015-1003375,Davidson,Nashville,10/30/2015 6:12:00 PM,2,0,0,36.135620,-86.801000,21ST AVS,,,,0.00,,,ACKLEN AV,,,,0.00,Y,T-Intersection, ,Intersection,None,,,         ,Ted,Woosley,Clear,Angle,no,no,no,no,no,Campus
100999897,METROPOLITAN NASHVILLE POLICE DEPT,20151003725,Davidson,Goodlettsville,10/30/2015 5:30:00 PM,2,0,0,36.296910,-86.699160,MYATT DR,,,,0.00,,,GALLATIN PKEN,,,,0.00,Y,Four-Way, ,Intersection-Related,None,,,         ,Nathan,Dungan,Clear,"Sideswipe, Same Direction",no,no,no,no,no,False
100999904,METROPOLITAN NASHVILLE POLICE DEPT,20151003629,Davidson,Nashville,10/30/2015 6:56:00 PM,2,0,0,36.045430,-86.660160,I24 E EXT RAMP,,,,0.00,,,I 24,,,,0.00,Y,T-Intersection,N,Entrance/Exit Ramp Related,None,,,         ,Tamara,Zurawski,Clear,Front to Rear,no,no,no,no,yes,False
100999914,METROPOLITAN NASHVILLE POLICE DEPT,20151003433,Davidson,Nashville,10/30/2015 6:00:00 PM,2,0,0,36.125780,-86.846500,RIDGEFIELD WAY,,,,0.00,,,US HWY 70S,,,,0.00,Y,T-Intersection, ,Intersection-Related,None,,,         ,Jose,Salazar,Clear,Angle,no,no,no,no,no,False
100999920,METROPOLITAN NASHVILLE POLICE DEPT,20151003756,Davidson,Nashville,10/30/2015 8:10:00 PM,2,0,0,36.144100,-86.873100,CHARLOTTE PKE,,,,0.00,,,WATTS LN,,,,0.00,Y,T-Intersection,N,Intersection,None,,,         ,Douglas,Sykes,Clear,Front to Rear,no,no,no,no,yes,False
100999933,METROPOLITAN NASHVILLE POLICE DEPT,20151003488,Davidson,Nashville,10/30/2015 6:54:00 PM,2,0,0,36.150150,-86.857950,WHITE BRIDGE PKE,,,,0.00,,,CHARLOTTE PKE,,,,0.00,Y,Four-Way,N,Intersection,None,,,         ,Christopher,Augustin,Clear,Angle,no,no,no,no,no,False
100999941,METROPOLITAN NASHVILLE POLICE DEPT,20151003766,Davidson,Nashville,10/30/2015 12:00:00 AM,1,0,0,36.143900,-86.697480,BRILEY PKWYN,,,,118.00,Feet,North,BRILEY PKWYS,,,,0.00,N,Not at Intersection,N,Unknown,Unknown,,,         ,Shawn,Taylor,Unknown,Unknown,no,no,no,no,yes,False
100999942,METROPOLITAN NASHVILLE POLICE DEPT,20151003883,Davidson,Nashville,10/30/2015 8:30:00 PM,2,1,0,36.171330,-86.752110,SHELBY AVE,,,,82.00,Feet,East,S 10TH ST,,,,0.00,N,Not at Intersection,N,Non-Junction,None,,,         ,Kevin,Reynolds,Clear,Angle,no,no,no,no,yes,False
100999951,METROPOLITAN NASHVILLE POLICE DEPT,20151003043,Davidson,Goodlettsville,10/30/2015 4:20:00 PM,2,1,0,36.285880,-86.727670,I 65,,,,0.00,,,,,,,93.85,N,Not at Intersection,N,Non-Junction,None,,,         ,Samuel,Miller,Cloudy,Front to Rear,no,no,no,no,no,False