master_record_number,agency,agency_tracking_number,county,city,collision_date,vehicles_involved,number_injured,number_dead,latitude,longitude,roadway_name,roadway_suffix,roadway_number,roadway_local_id,distance_from_reference,miles-feet_indicator,direction_from_reference,intersection_road_name,intersection_road_name_suffix,intersection_road_number,intersection_local_id,mile_marker,intersection_indicator,intersect_type,interchange_related_indicator,relation_to_junction,work_zone_type,construction_maintenance_zone,construction_maintenance_zone_location,fatal_case_number,officer_first_name,officer_last_name,weather_condition(s),manner_of_crash,pedestrian,bicycle,scooter,parking,hitrun,mou
100999952,METROPOLITAN NASHVILLE POLICE DEPT,20151002914,Davidson,Nashville,10/30/2015 3:32:00 PM,2,0,0,36.240670,-86.785470,I24 W ENT RAMP,,,,100.00,Feet,South,I 24,,,,0.00,N,Not at Intersection, ,,None,,,         ,Samuel,Miller,,,no,no,no,no,no,False
100999955,METROPOLITAN NASHVILLE POLICE DEPT,20151003923,Davidson,Nashville,10/30/2015 9:15:00 PM,1,1,0,36.135450,-86.759970,NOLENSVILLE PKE,,,,0.00,,,WINGROVE ST,,,,0.00,Y,T-Intersection,N,Intersection,None,,,         ,Jacob,Crouch,Clear,Not Collision with Motor Vehicle in Transport,no,yes,no,no,yes,False
100999962,METROPOLITAN NASHVILLE POLICE DEPT,20151003684,Davidson,Nashville,10/30/2015 7:18:00 PM,2,0,0,36.045670,-86.659880,I 24,,,,0.00,,,,,,,59.35,N,Not at Intersection,N,Non-Junction,None,,,         ,Joseph,Progar,Cloudy,"Sideswipe, Same Direction",no,no,no,no,no,False
100999965,METROPOLITAN NASHVILLE POLICE DEPT,20151004133,Davidson,Nashville,10/30/2015 10:18:00 PM,2,0,0,36.171720,-86.651190,LEBANON PKE,,,,500.00,Feet,West,DISSPAYNE DR,,,,0.00,N,Not at Intersection, ,Non-Junction,None,,,         ,Tyler,Conrads,Clear,Not Collision with Motor Vehicle in Transport,no,no,no,no,no,False
100999976,METROPOLITAN NASHVILLE POLICE DEPT,20151002855,Davidson,Nashville,10/30/2015 3:13:00 PM,2,0,0,36.160510,-86.801870,JO JOHNSTON AV,,,,0.00,,,DR D B TODD JR BLVD,,,,0.00,Y,Four-Way, ,Intersection-Related,None,,,         ,Michael,Brooks,Cloudy,Angle,no,no,no,no,no,False
100999977,METROPOLITAN NASHVILLE POLICE DEPT,20151003211,Davidson,Nashville,10/30/2015 4:49:00 PM,2,0,0,36.166900,-86.802470,JACKSON ST,,,,0.00,,,BLANK ST,,,,0.00,Y,T-Intersection, ,Intersection-Related,None,,,         ,Michael,Brooks,Clear,Angle,no,no,no,no,no,False
100999978,METROPOLITAN NASHVILLE POLICE DEPT,20151003449,Davidson,Nashville,10/30/2015 6:38:00 PM,2,0,0,36.168480,-86.813970,I40 E EXT RAMP,,,,0.00,,,JEFFERSON ST,,,,0.00,Y,T-Intersection,Y,Entrance/Exit Ramp Related,None,,,         ,Michael,Brooks,Clear,"Sideswipe, Same Direction",no,no,no,no,yes,False
100999979,METROPOLITAN NASHVILLE POLICE DEPT,20151003543,Davidson,Nashville,10/30/2015 6:29:00 PM,2,0,0,36.208330,-86.839640,CLARKSVILLE PKE,,,,0.00,,,W HAMILTON RD,,,,0.00,Y,T-Intersection, ,Intersection,None,,,         ,Michael,Brooks,Clear,Angle,no,no,no,no,no,False
100999984,METROPOLITAN NASHVILLE POLICE DEPT,20151003913,Davidson,Nashville,10/30/2015 9:12:00 PM,2,1,0,36.076530,-86.726890,EDMONDSON PKE,,,,40.00,Feet,West,WALLACE RD,,,,0.00,N,Not at Intersection,N,Non-Junction,None,,,         ,Eric,Burford,Clear,Angle,no,no,no,no,no,False
101000006,GOODLETTSVILLE POLICE DEPT,15-40338,Davidson,Goodlettsville,10/30/2015 10:55:00 PM,2,0,0,36.297560,-86.701950,GLEAVES ST,,,,216.00,Feet,West,GLEAVES ST,,,,0.00,,Not at Intersection,N,Non-Junction,None,,,         ,Ashley,Akers,Clear,"Sideswipe, Opposite Direction",no,no,no,yes,yes,False
101000012,METROPOLITAN NASHVILLE POLICE DEPT,20151004258,Davidson,Nashville,10/30/2015 10:54:00 PM,2,0,0,36.069120,-86.683840,ANTIOCH PKE,,,,0.00,,,RICHARDS RD,,,,0.00,Y,T-Intersection, ,Intersection,None,,,         ,Kevin,Breeding,Clear,Front to Rear,no,no,no,no,no,False
101000023,METROPOLITAN NASHVILLE POLICE DEPT,20151004261,Davidson,Nashville,10/30/2015 10:40:00 PM,1,0,0,36.192510,-86.599830,OAKCREST LN,,,,170.00,Feet,North,OAK HOLLOW,,,,0.00,N,Not at Intersection,N,Non-Junction,None,,,         ,Christina,Buckner,Clear,Not Collision with Motor Vehicle in Transport,no,no,no,no,no,False
101000033,METROPOLITAN NASHVILLE POLICE DEPT,20151004103,Davidson,Nashville,10/30/2015 10:10:00 PM,3,0,0,36.044970,-86.686210,BELL RD,,,,643.00,Feet,South,BRENTRIDGE DR,,,,0.00,N,Not at Intersection,N,Non-Junction,None,,,         ,Victoria,Cunningham,Clear,Front to Rear,no,no,no,no,no,False
101000048,METROPOLITAN NASHVILLE POLICE DEPT,20151001662,Davidson,Nashville,10/30/2015 6:00:00 AM,2,0,0,36.134520,-86.782390,WEDGEWOOD AV,,,,0.00,,,ELLIOTT AV,,,,0.00,Y,T-Intersection, ,Intersection-Related,None,,,         ,Michael,Baron,Clear,Angle,no,no,no,no,no,False
101000053,METROPOLITAN NASHVILLE POLICE DEPT,20151004325,Davidson,Nashville,10/30/2015 11:40:00 PM,1,0,0,36.167330,-86.826400,JOHN A MERRITT BLVD,,,,0.00,,,,,,,0.00,,Not at Intersection, ,Non-Junction,None,,,         ,Christopher,Valdez,Clear,Not Collision with Motor Vehicle in Transport,no,no,no,yes,no,False
101000058,METROPOLITAN NASHVILLE POLICE DEPT,20151004266,Davidson,Nashville,10/30/2015 11:00:00 PM,1,0,0,36.051610,-86.697620,TOWNES DR,,,,0.00,,,TUSCULUM CT,,,,0.00,Y,Four-Way, ,,None,,,         ,Nicholas,Berens,,,no,no,no,no,no,False
101000059,METROPOLITAN NASHVILLE POLICE DEPT,2015-1004519,Davidson,Nashville,10/31/2015 1:00:00 AM,2,0,0,36.097840,-86.822910,US HWY 431,,,,182.00,Feet,East,BURTON HILLS BLVD,,,,0.00,N,Not at Intersection,N,Non-Junction,None,,,         ,Alan,Digruttolo,Clear,"Sideswipe, Same Direction",no,no,no,no,yes,False
101000069,METROPOLITAN NASHVILLE POLICE DEPT,20151004530,Davidson,Nashville,10/31/2015 1:10:00 AM,2,0,0,36.152200,-86.791370,DIVISION ST,,,,0.00,,,DEMONBREUN ST,,,,0.00,Y,Roundabout,N,Non-Junction,Construction Zone,Laneclosure,Transition Area,         ,Benjamin,Fisher,Clear,Front to Rear,no,no,no,no,yes,False
101000076,METROPOLITAN NASHVILLE POLICE DEPT,20151004690,Davidson,Nashville,10/31/2015 2:35:00 AM,2,1,0,36.075900,-86.966300,COLEY DAVIS RD,,,,466.00,Feet,East,HOOTEN HOWS RD,,,,0.00,N,Not at Intersection,N,Non-Junction,None,,,         ,Autumn,Manning,Clear,Not Collision with Motor Vehicle in Transport,no,no,no,no,yes,False
101000095,METROPOLITAN NASHVILLE POLICE DEPT,20151004806,Davidson,Nashville,10/31/2015 3:54:00 AM,1,0,0,36.149250,-86.873390,I 40,,,,0.00,,,,,,,203.00,N,Not at Intersection,Y,Entrance/Exit Ramp Related,None,,,         ,Steven,Popp,Clear,Not Collision with Motor Vehicle in Transport,no,no,no,no,no,False
101000097,METROPOLITAN NASHVILLE POLICE DEPT,20151004451,Davidson,Nashville,10/31/2015 12:32:00 AM,1,0,0,36.100930,-86.730970,ANTIOCH PKE,,,,105.00,Feet,West,SOUTHLAKE DR,,,,0.00,N,Not at Intersection,N,Non-Junction,None,,,         ,Dale,Dameron,Cloudy,Not Collision with Motor Vehicle in Transport,no,no,no,no,no,False
101000102,METROPOLITAN NASHVILLE POLICE DEPT,20151004728,Davidson,Nashville,10/31/2015 12:00:00 AM,2,0,0,36.155040,-86.797520,18TH AVN,,,,0.00,,,CHURCH ST,,,,0.00,Y,Four-Way, ,Intersection,None,,,         ,Michael,Dance,Clear,Angle,no,no,no,no,no,False
101000103,METROPOLITAN NASHVILLE POLICE DEPT,20151004488,Davidson,Nashville,10/30/2015 10:20:00 PM,2,0,0,36.113990,-86.724340,I24 E EXT RAMP,,,,0.00,Feet,East,I 24,,,,0.00,N,Not at Intersection, ,Non-Junction,None,,,         ,Bradley,Campbell,Clear,Front to Rear,no,no,no,no,no,False
101000104,METROPOLITAN NASHVILLE POLICE DEPT,20151004221,Davidson,Nashville,10/30/2015 11:08:00 PM,2,2,0,36.170270,-86.772860,N 1ST ST,,,,0.00,,,MAIN ST,,,,0.00,Y,OTHER,N,Non-Junction,None,,,         ,Adam,Crutcher,Clear,"Sideswipe, Opposite Direction",no,no,no,no,yes,False
101000124,METROPOLITAN NASHVILLE POLICE DEPT,20151002449,Davidson,Nashville,10/30/2015 12:05:00 PM,2,0,0,36.199920,-86.776310,I 65,,,,0.00,,,,,,,86.85,N,Not at Intersection,N,Non-Junction,None,,,         ,Robert,Young,Clear,"Sideswipe, Same Direction",no,no,no,no,no,False
101000128,METROPOLITAN NASHVILLE POLICE DEPT,20151002502,Davidson,Nashville,10/30/2015 12:25:00 PM,2,0,0,36.072130,-86.732890,EDMONDSON PKE,,,,0.00,,,WHISPERING HILLS DR,,,,0.00,Y,Four-Way,N,Intersection-Related,None,,,         ,Marc,Haugen,Clear,Front to Rear,no,no,no,no,yes,False
101000139,METROPOLITAN NASHVILLE POLICE DEPT,20151002503,Davidson,Nashville,10/30/2015 12:24:00 PM,2,0,0,36.167600,-86.762220,S 5TH ST,,,,0.00,,,SHELBY AV,,,,0.00,Y,Four-Way,Y,Intersection,None,,,         ,Martin,Gonzalez,Clear,Front to Rear,no,no,no,no,no,False
101000140,METROPOLITAN NASHVILLE POLICE DEPT,20151004980,Davidson,Not in City Limit,10/31/2015 6:43:00 AM,1,1,0,36.286980,-86.842350,WHITES CREEK PKE,,,,334.00,Feet,East,LAWS RD,,,,0.00,N,Not at Intersection,N,Non-Junction,None,,,         ,Noah,Melton,Cloudy,Not Collision with Motor Vehicle in Transport,no,no,no,no,no,False
101000141,METROPOLITAN NASHVILLE POLICE DEPT,20151005014,Davidson,Nashville,10/31/2015 7:11:00 AM,2,0,0,36.192780,-86.591900,TULIP GROVE LN,,,,0.00,,,,,,,0.00,,, ,Non-Junction,None,,,         ,Cassandra,Del Bosco,Clear,Rear to Side,no,no,no,no,no,False
101000147,METROPOLITAN NASHVILLE POLICE DEPT,20151005001,Davidson,Nashville,10/31/2015 7:00:00 AM,2,1,0,36.208280,-86.777760,BRICK CHURCH PKE,,,,122.00,Feet,North,BRICK CHURCH PKE,,,,0.00,N,Not at Intersection,N,Non-Junction,None,,,         ,Justin,Fox,Cloudy,"Sideswipe, Same Direction",no,no,no,no,no,False
101000149,METROPOLITAN NASHVILLE POLICE DEPT,20151004983,Davidson,Nashville,10/31/2015 6:39:00 AM,1,2,0,36.136560,-86.727200,I24 E EXT RAMP,,,,0.00,,,I 24,,,,0.00,Y,OTHER,N,Entrance/Exit Ramp Related,None,,,         ,Brian,Penny,Clear,Not Collision with Motor Vehicle in Transport,no,no,no,no,no,False
101000153,VANDERBILT UNIVERSITY POLICE,MNPD#15-1002083,Davidson,Nashville,10/30/2015 9:15:00 AM,2,0,0,36.141120,-86.774990,FORT NEGLEY BLVD,,,,0.00,,,,,,,0.00,,, ,Non-Junction,None,,,         ,Allan,Sullivan,Clear,"Sideswipe, Same Direction",no,no,no,yes,no,False
101000155,METROPOLITAN NASHVILLE POLICE DEPT,20151002642,Davidson,Nashville,10/30/2015 1:00:00 PM,2,0,0,36.236230,-86.762220,I 65,,,,0.00,,,,,,,89.70,N,Not at Intersection, ,Non-Junction,Construction Zone,,,         ,Melvin,Brown III,Clear,"Sideswipe, Same Direction",no,no,no,no,no,False
101000166,METROPOLITAN NASHVILLE POLICE DEPT,20151005052,Davidson,Nashville,10/31/2015 7:59:00 AM,1,1,0,36.161380,-86.645880,STEWARTS FERRY PKE,,,,210.00,Feet,East,CREEKSTONE CIR,,,,0.00,N,Not at Intersection,N,Non-Junction,None,,,         ,Craig,Carlson,Cloudy,Not Collision with Motor Vehicle in Transport,no,no,no,no,no,False
101000168,METROPOLITAN NASHVILLE POLICE DEPT,20151005028,Davidson,Nashville,10/31/2015 7:30:00 AM,2,0,0,36.177140,-86.745860,WOODLAND ST,,,,25.00,Feet,East,N 14TH ST,,,,0.00,N,Not at Intersection, ,Non-Junction,None,,,         ,Steven,Carrick,Cloudy,"Sideswipe, Same Direction",no,no,no,no,no,False
101000221,METROPOLITAN NASHVILLE POLICE DEPT,20151005154,Davidson,Nashville,10/31/2015 9:18:00 AM,2,0,0,36.164360,-86.819930,28TH AVN,,,,0.00,,,I40 W EXT RAMP,,,,0.00,Y,Four-Way,Y,Entrance/Exit Ramp Related,None,,,         ,Nathan,Mayo,Cloudy,"Sideswipe, Opposite Direction",no,no,no,no,no,False
101000240,METROPOLITAN NASHVILLE POLICE DEPT,20151005142,Davidson,Nashville,10/31/2015 9:10:00 AM,2,0,0,36.207550,-86.777790,BRICK CHURCH PKE,,,,0.00,,,I65 S EXT RAMP,,,,0.00,Y,T-Intersection,N,Intersection-Related,None,,,         ,Clint,Gilleland,Cloudy,Front to Rear,no,no,no,no,yes,False
101000254,METROPOLITAN NASHVILLE POLICE DEPT,20151004462,Davidson,Nashville,10/31/2015 12:19:00 AM,2,0,0,36.231600,-86.781520,EWING DR,,,,0.00,,,BRICK CHURCH PKE,,,,0.00,Y,T-Intersection,N,Intersection,None,,,         ,Craig,Amabile,Clear,"Sideswipe, Opposite Direction",no,no,no,no,yes,False
101000259,METROPOLITAN NASHVILLE POLICE DEPT,20151005278,Davidson,Nashville,10/31/2015 10:30:00 AM,2,0,0,36.053660,-86.715020,NOLENSVILLE PKE,,,,0.00,,,BREWER DR,,,,0.00,Y,Four-Way,N,Intersection-Related,None,,,         ,Marc,Haugen,Cloudy,Angle,no,no,no,no,yes,False
101000264,METROPOLITAN NASHVILLE POLICE DEPT,20151005412,Davidson,Nashville,10/31/2015 12:01:00 PM,2,0,0,36.153270,-86.769560,2ND AVS,,,,0.00,,,ASH ST,,,,0.00,Y,OTHER,Y,Intersection-Related,None,,,         ,Joshua,Hollins,Cloudy,Angle,no,no,no,no,no,False
101000265,METROPOLITAN NASHVILLE POLICE DEPT,20151005260,Davidson,Nashville,10/31/2015 12:00:00 AM,1,1,0,36.028910,-86.622860,BARKHILL PL,,,,0.58,Miles,West,PRESERVE BLVD,,,,0.00,N,Not at Intersection,N,Non-Junction,None,,,         ,David,Simmonds,Unknown,Not Collision with Motor Vehicle in Transport,no,no,no,yes,no,False
101000273,METROPOLITAN NASHVILLE POLICE DEPT,20151005475,Davidson,Nashville,10/31/2015 12:46:00 PM,2,0,0,36.151900,-86.784230,12TH AVS,,,,0.00,,,11TH AVS,,,,0.00,Y,Y-Intersection, ,Intersection,None,,,         ,Michael,Wolterbeek,Cloudy,Front to Rear,no,no,no,no,no,False
101000281,METROPOLITAN NASHVILLE POLICE DEPT,20151003510,Davidson,Nashville,10/30/2015 6:14:00 PM,2,0,0,36.152980,-86.796050,WEST END AV,,,,0.00,,,18TH AVS,,,,0.00,Y,Four-Way, ,Intersection-Related,None,,,         ,Adam,Reese,Clear,Front to Rear,no,no,no,no,no,False
101000286,METROPOLITAN NASHVILLE POLICE DEPT,20151005534,Davidson,Nashville,10/31/2015 1:34:00 PM,2,0,0,36.183460,-86.610260,OLD HICKORY BLVD,,,,0.00,,,,,,,0.00,,, ,,None,,,         ,Patrick,McGinnis,,,no,no,no,no,no,False
101000287,METROPOLITAN NASHVILLE POLICE DEPT,20151005503,Davidson,Nashville,10/31/2015 1:10:00 PM,2,0,0,36.235100,-86.758320,DICKERSON PKE,,,,0.00,,,HOMESTEAD RD,,,,0.00,Y,OTHER,N,Non-Junction,None,,,         ,Robert,Young,Clear,Front to Rear,no,no,no,no,no,False
101000295,METROPOLITAN NASHVILLE POLICE DEPT,20151002441,Davidson,Nashville,10/30/2015 12:03:00 PM,1,1,0,36.036350,-86.644850,I 24,,,,0.00,,,,,,,60.40,N,Not at Intersection,N,Non-Junction,None,,,         ,David,Simmonds,Clear,Not Collision with Motor Vehicle in Transport,no,no,no,no,no,False
101000296,METROPOLITAN NASHVILLE POLICE DEPT,20151000051,Davidson,Nashville,10/29/2015 6:43:00 PM,3,3,0,36.061700,-86.740300,EDMONDSON PKE,,,,0.00,,,ELLINGTON AG CENTER PVTDR,,,,0.00,Y,T-Intersection,N,Intersection,None,,,         ,Clyde,Stambaugh,Clear,Front to Rear,no,no,no,no,no,False
101000303,METROPOLITAN NASHVILLE POLICE DEPT,20151005462,Davidson,Nashville,10/31/2015 12:15:00 PM,2,2,0,36.128780,-86.713790,MURFREESBORO PKE,,,,0.00,,,MILL CREEK RD,,,,0.00,Y,Four-Way,N,Intersection,None,,,         ,John,Nicholson,Cloudy,Angle,no,no,no,no,no,False
101000309,METROPOLITAN NASHVILLE POLICE DEPT,20151005531,Davidson,Nashville,10/31/2015 1:31:00 PM,2,0,0,36.071340,-86.635600,MURFREESBORO PKE,,,,255.00,Feet,South,BELL RD,,,,0.00,N,Not at Intersection, ,,None,,,         ,Brian,Penny,,,no,no,no,no,no,False
101000310,METROPOLITAN NASHVILLE POLICE DEPT,20151005579,Davidson,Goodlettsville,10/31/2015 2:05:00 PM,1,1,0,36.289200,-86.724150,I 65,,,,0.00,,,,,,,94.15,N,Not at Intersection,N,Non-Junction,None,,,         ,Caleb,Foster,Cloudy,Not Collision with Motor Vehicle in Transport,no,no,no,no,no,False
101000326,METROPOLITAN NASHVILLE POLICE DEPT,20151005606,Davidson,Nashville,10/31/2015 2:39:00 PM,2,0,0,36.183440,-86.744890,EASTLAND AV,,,,0.00,,,N 14TH ST,,,,0.00,Y,Four-Way, ,Intersection,None,,,         ,Cressie,Prill,Rain,Angle,no,no,no,no,yes,False
101000327,METROPOLITAN NASHVILLE POLICE DEPT,2015-1005114,Davidson,Nashville,10/31/2015 12:00:00 AM,2,0,0,36.168970,-86.767230,INTERSTATE DR,,,,0.00,,,,,,,0.00,,,N,Non-Junction,None,,,         ,Allen,Bates,Unknown,Unknown,no,no,no,yes,yes,False
101000329,METROPOLITAN NASHVILLE POLICE DEPT,20151003843,Davidson,Nashville,10/30/2015 8:38:00 PM,1,0,0,36.152170,-86.779280,8TH AVS,,,,139.00,Feet,North,GLEAVES ST,,,,0.00,N,Not at Intersection, ,Non-Junction,None,,,         ,MIchael,Mihajlov,Clear,Not Collision with Motor Vehicle in Transport,no,no,no,no,no,False
101000337,METROPOLITAN NASHVILLE POLICE DEPT,20151005651,Davidson,Nashville,10/31/2015 3:07:00 PM,2,1,0,36.219970,-86.762290,ALHAMBRA CIR,,,,0.00,,,DICKERSON PKE,,,,0.00,Y,OTHER,N,Non-Junction,None,,,         ,Paul,Stein,Rain,Front to Rear,no,no,no,no,no,False
101000344,METROPOLITAN NASHVILLE POLICE DEPT,20151005648,Davidson,Nashville,10/31/2015 3:10:00 PM,2,0,0,36.167450,-86.662620,LEBANON PKE,,,,210.00,Feet,East,DONELSON PKE,,,,0.00,N,Not at Intersection, ,,None,,,         ,Tyler,Conrads,,,no,no,no,no,no,False
101000355,METROPOLITAN NASHVILLE POLICE DEPT,2015-1005667,Davidson,Nashville,10/31/2015 2:20:00 PM,2,0,0,36.229590,-86.760430,EWING DR,,,,348.00,Feet,West,BROADMOOR DR,,,,0.00,N,Not at Intersection,N,OtherLocation,None,,,         ,Anthony,Cavis,Rain,Front to Rear,no,no,no,no,yes,False
101000358,METROPOLITAN NASHVILLE POLICE DEPT,20151005661,Davidson,Nashville,10/31/2015 3:15:00 PM,1,1,0,36.162070,-86.700940,US HWY 70,,,,255.00,Feet,East,MEADOW CLF,,,,0.00,N,Not at Intersection,N,Non-Junction,None,,,         ,John,Kelley,Rain,Not Collision with Motor Vehicle in Transport,no,yes,no,no,no,False
101000359,METROPOLITAN NASHVILLE POLICE DEPT,20151005608,Davidson,Goodlettsville,10/31/2015 2:38:00 PM,2,1,0,36.300450,-86.694640,SHEPHERD HILLS DR,,,,129.00,Feet,South,GALLATIN PKEN,,,,0.00,N,Not at Intersection,N,Non-Junction,None,,,         ,Rodney,Phipps,Rain,HeadOn,no,no,no,yes,no,False
101000363,METROPOLITAN NASHVILLE POLICE DEPT,20151005741,Davidson,Goodlettsville,10/31/2015 3:49:00 PM,2,0,0,36.293140,-86.702350,RIVERGATE STATION PVTDR,,,,0.00,,,GALLATIN PKEN,,,,0.00,Y,Four-Way,N,Intersection,None,,,         ,Ryan,Allen,Rain,Front to Rear,no,no,no,no,yes,False
101000364,METROPOLITAN NASHVILLE POLICE DEPT,20151003821,Davidson,Nashville,10/30/2015 8:20:00 PM,2,0,0,36.221600,-86.773760,I24 W ENT RAMP,,,,0.00,,,I 65,,,,0.00,Y,OTHER, ,Entrance/Exit Ramp Related,Construction Zone,,,         ,Jarred,Ruhlman,Clear,Front to Rear,no,no,no,no,no,False
101000367,METROPOLITAN NASHVILLE POLICE DEPT,20151005686,Davidson,Nashville,10/31/2015 4:17:00 PM,3,0,0,36.148670,-86.775250,I40 E ENT RAMP,,,,0.00,,,I 40,,,,0.00,Y,OTHER, ,Non-Junction,None,,,         ,Mekisha,Page,Rain,Front to Rear,no,no,no,no,no,False
101000373,METROPOLITAN NASHVILLE POLICE DEPT,2015-1005768,Davidson,Not in City Limit,10/31/2015 3:55:00 PM,2,0,0,36.072700,-86.926470,OLD HARDING PKE,,,,0.00,,,HICKS RD,,,,0.00,Y,Four-Way, ,Intersection,None,,,         ,Michael,Rogers,Rain,Angle,no,no,no,no,no,False
101000378,METROPOLITAN NASHVILLE POLICE DEPT,20151005847,Davidson,Nashville,10/31/2015 4:38:00 PM,2,1,0,36.226670,-86.759930,DICKERSON PKE,,,,304.00,Feet,North,HILLHURST DR,,,,0.00,N,Not at Intersection,N,Non-Junction,None,,,         ,Terence,Maahs,Rain,Angle,no,no,no,no,no,False
101000380,METROPOLITAN NASHVILLE POLICE DEPT,20151005728,Davidson,Nashville,10/31/2015 3:15:00 PM,2,1,0,36.105850,-86.813870,HILLSBORO PKE,,,,0.00,,,ABBOTT MARTIN RD,,,,0.00,Y,T-Intersection,N,Intersection,None,,,         ,Douglas,Sykes,Rain,Front to Rear,no,no,no,no,no,False
101000384,METROPOLITAN NASHVILLE POLICE DEPT,20151005849,Davidson,Nashville,10/31/2015 12:00:00 AM,2,2,0,36.173590,-86.602150,CENTRAL PKE,,,,0.00,,,OLD HICKORY BLVD,,,,0.00,Y,Five Point Or More,N,Intersection-Related,None,,,         ,Austin,Childress,Rain,Angle,no,no,no,no,no,False
101000396,METROPOLITAN NASHVILLE POLICE DEPT,20151005590,Davidson,Nashville,10/31/2015 2:52:00 PM,2,5,0,36.103580,-86.729810,SOUTHLAKE DR,,,,115.00,Feet,East,SOUTHLAKE CT,,,,0.00,N,Not at Intersection,N,Non-Junction,None,,,         ,Matthew,Johnson,Rain,Angle,no,no,no,no,no,False
101000402,METROPOLITAN NASHVILLE POLICE DEPT,20151005634,Davidson,Nashville,10/31/2015 2:20:00 PM,2,0,0,36.255680,-86.714650,US HWY 31E,,,,188.00,Feet,South,NEELYS BEND RD,,,,0.00,N,Not at Intersection, ,Non-Junction,None,,,         ,Landon,Bagwell,Rain,Angle,no,no,no,no,no,False
101000410,METROPOLITAN NASHVILLE POLICE DEPT,20151005880,Davidson,Nashville,10/31/2015 4:50:00 PM,2,0,0,36.071380,-86.684090,ANTIOCH PKE,,,,62.00,Feet,North,HAYSTACK LN,,,,0.00,N,Not at Intersection,N,Non-Junction,None,,,         ,Rickie,Corman,Rain,"Sideswipe, Same Direction",no,no,no,no,no,False
101000413,METROPOLITAN NASHVILLE POLICE DEPT,2015-1005929,Davidson,Nashville,10/31/2015 5:13:00 PM,2,1,0,36.139730,-86.818750,US HWY 70S,,,,169.00,Feet,North,ORLEANS DR,,,,0.00,N,Not at Intersection,N,Non-Junction,None,,,         ,Austin,Kendrick,Rain,Front to Rear,no,no,no,no,no,False
101000419,METROPOLITAN NASHVILLE POLICE DEPT,20151005807,Davidson,Nashville,10/31/2015 4:21:00 PM,2,0,0,36.231690,-86.758890,DICKERSON PKE,,,,150.00,Feet,North,OAK VALLEY DR,,,,0.00,N,Not at Intersection, ,Non-Junction,None,,,         ,Paul,Stein,Rain,"Sideswipe, Same Direction",no,no,no,no,no,False
101000420,METROPOLITAN NASHVILLE POLICE DEPT,20151005842,Davidson,Nashville,10/31/2015 4:27:00 PM,2,1,0,36.238250,-86.787550,I24 E ENT RAMP,,,,0.00,Feet,East,I 24,,,,0.00,N,Not at Intersection,N,Non-Junction,None,,,         ,Byron,Dewalt,Rain,Front to Rear,no,no,no,no,no,False
101000429,METROPOLITAN NASHVILLE POLICE DEPT,20151006062,Davidson,Nashville,10/31/2015 5:49:00 PM,2,0,0,36.137340,-86.821130,US HWY 70S,,,,0.00,,,I 440,,,,0.00,Y,T-Intersection, ,Intersection,None,,,         ,Clyde,Stambaugh,Clear,Front to Rear,no,no,no,no,no,False
101000432,VANDERBILT UNIVERSITY POLICE,15-1005945,Davidson,Nashville,10/31/2015 5:25:00 PM,2,0,0,36.143220,-86.810440,NATCHEZ TRC RAMP,,,,0.00,Feet,,28TH AVS,,,,0.00,Y,Four-Way, ,Intersection-Related,None,,,         ,Jonathan,McAllister,Rain,HeadOn,no,no,no,no,no,Campus
101000435,METROPOLITAN NASHVILLE POLICE DEPT,20151005967,Davidson,Nashville,10/31/2015 5:33:00 PM,1,1,0,36.169950,-86.591240,I 40,,,,0.00,,,,,,,221.40,N,Not at Intersection,N,Non-Junction,None,,,         ,Khalid,Abbady,Rain,Not Collision with Motor Vehicle in Transport,no,no,no,no,no,False
101000439,METROPOLITAN NASHVILLE POLICE DEPT,20151006125,Davidson,Nashville,10/31/2015 6:45:00 PM,2,0,0,36.139560,-86.700750,KAREN DR,,,,0.00,,,ENVIOUS LN,,,,0.00,Y,Four-Way, ,Intersection-Related,None,,,         ,Colby,Mathis,Rain,HeadOn,no,no,no,no,no,False
101000441,METROPOLITAN NASHVILLE POLICE DEPT,20151006162,Davidson,Nashville,10/31/2015 5:05:00 PM,2,0,0,36.181670,-86.774080,DICKERSON PKE,,,,0.00,,,N 1ST ST,,,,0.00,Y,Y-Intersection,N,Intersection,None,,,         ,Terence,Maahs,Rain,Angle,no,no,no,no,yes,False
101000442,METROPOLITAN NASHVILLE POLICE DEPT,2015-0999989,Davidson,Nashville,10/29/2015 6:16:00 PM,2,0,0,36.039680,-86.816430,GRANNY WHITE PKE,,,,213.00,Feet,South,OLD HICKORY BLVD,,,,0.00,N,Not at Intersection, ,Non-Junction,None,,,         ,William,King,Clear,Front to Rear,no,no,no,no,no,False
101000443,METROPOLITAN NASHVILLE POLICE DEPT,2015-1002810,Davidson,Nashville,10/30/2015 2:17:00 PM,2,0,0,36.037580,-86.785210,OLD HICKORY BLVD,,,,0.00,,,I65 S ENT RAMP,,,,0.00,Y,T-Intersection, ,Intersection-Related,None,,,         ,William,King,Clear,Front to Rear,no,no,no,no,no,False
101000451,METROPOLITAN NASHVILLE POLICE DEPT,20151006246,Davidson,Nashville,10/31/2015 7:29:00 PM,2,0,0,36.177130,-86.746510,WOODLAND ST,,,,210.00,Feet,West,N 14TH ST,,,,0.00,N,Not at Intersection, ,,None,,,         ,Cressie,Prill,,,no,no,no,no,no,False
101000452,METROPOLITAN NASHVILLE POLICE DEPT,20151006197,Davidson,Nashville,10/31/2015 7:15:00 PM,2,0,0,36.082210,-86.761620,SIDCO DR,,,,0.00,,,STATE HWY 255,,,,0.00,Y,Four-Way, ,Intersection,None,,,         ,Clyde,Stambaugh,Clear,Front to Rear,no,no,no,no,no,False