master_record_number,agency,agency_tracking_number,county,city,collision_date,vehicles_involved,number_injured,number_dead,latitude,longitude,roadway_name,roadway_suffix,roadway_number,roadway_local_id,distance_from_reference,miles-feet_indicator,direction_from_reference,intersection_road_name,intersection_road_name_suffix,intersection_road_number,intersection_local_id,mile_marker,intersection_indicator,intersect_type,interchange_related_indicator,relation_to_junction,work_zone_type,construction_maintenance_zone,construction_maintenance_zone_location,fatal_case_number,officer_first_name,officer_last_name,weather_condition(s),manner_of_crash,pedestrian,bicycle,scooter,parking,hitrun,mou
101002627,METROPOLITAN NASHVILLE POLICE DEPT,2015-1007180,Davidson,Nashville,11/1/2015 12:00:00 AM,1,0,0,36.125370,-86.729620,I24 E ENT RAMP,,,,0.00,Feet,East,I 440,,,,0.00,N,Not at Intersection,Y,Entrance/Exit Ramp Related,None,,,         ,Thomas,Burns,Cloudy,Unknown,no,no,no,no,yes,False
101002646,METROPOLITAN NASHVILLE POLICE DEPT,20151007254,Davidson,Nashville,11/1/2015 2:10:00 AM,2,0,0,36.027630,-86.703550,BARNES COVE DR,,,,726.00,Feet,South,BARNES RD,,,,0.00,N,Not at Intersection,N,Non-Junction,None,,,         ,Nicholas,Berens,Clear,Angle,no,no,no,no,no,False
101002648,METROPOLITAN NASHVILLE POLICE DEPT,20151015458,Davidson,Nashville,11/3/2015 11:17:00 PM,1,1,0,36.193200,-86.578910,OLD LEBANON DIRT RD,,,,0.00,,,FIREFLY RD,,,,0.00,Y,OTHER,N,Non-Junction,None,,,         ,Keith,Holley,Clear,Not Collision with Motor Vehicle in Transport,no,no,no,no,no,False
101002704,METROPOLITAN NASHVILLE POLICE DEPT,20151016404,Davidson,Nashville,11/4/2015 6:15:00 AM,1,0,0,36.230530,-86.833360,CLARKSVILLE PKE,,,,22.00,Feet,North,BRILEY PKWY W EXT RAMP,,,,0.00,N,Not at Intersection, ,Entrance/Exit Ramp Related,None,,,         ,Nathan,Mayo,Clear,Not Collision with Motor Vehicle in Transport,no,no,no,no,no,False
101002707,METROPOLITAN NASHVILLE POLICE DEPT,20151016318,Davidson,Nashville,11/4/2015 5:32:00 AM,1,0,0,36.171260,-86.606370,I40 W ENT RAMP,,,,0.00,,,I 40,,,,0.00,Y,Y-Intersection,N,Entrance/Exit Ramp Related,None,,,         ,Trevin,Tolbert,Clear,Not Collision with Motor Vehicle in Transport,no,no,no,no,no,False
101002708,METROPOLITAN NASHVILLE POLICE DEPT,20151016479,Davidson,Nashville,11/4/2015 7:04:00 AM,2,0,0,36.031580,-86.755710,CLOVERLAND DR,,,,0.00,,,SADDLEWOOD LN,,,,0.00,Y,T-Intersection, ,Intersection,None,,,         ,Nathan,Kemp,Clear,Angle,no,no,no,no,no,False
101002712,METROPOLITAN NASHVILLE POLICE DEPT,20151013784,Davidson,Not in City Limit,11/3/2015 1:45:00 PM,2,0,0,36.261330,-86.703400,FOREST PARK RD,,,,0.00,,,E MAPLE ST,,,,0.00,Y,T-Intersection, ,Intersection-Related,None,,,         ,Jeffery,Burnette,Cloudy,Rear to Side,no,no,no,no,no,False
101002721,METROPOLITAN NASHVILLE POLICE DEPT,20151016551,Davidson,Nashville,11/4/2015 7:30:00 AM,2,0,0,36.142650,-86.651100,I 40,,,,0.00,,,,,,,217.50,N,Not at Intersection, ,,None,,,         ,Larry,Benz,,,no,no,no,no,no,False
101002723,METROPOLITAN NASHVILLE POLICE DEPT,20151016568,Davidson,Nashville,11/4/2015 7:30:00 AM,2,0,0,36.158940,-86.624320,I 40,,,,0.00,,,,,,,219.30,N,Not at Intersection, ,Non-Junction,None,,,         ,Edward,Conrads,Cloudy,Front to Rear,no,no,no,no,no,False
101002725,METROPOLITAN NASHVILLE POLICE DEPT,20151016483,Davidson,Not in City Limit,11/4/2015 5:30:00 AM,1,0,0,36.208550,-86.953450,RIVER TRC,,,,0.00,Feet,North,ASHLAND CITY HWY,,,,0.00,N,Not at Intersection,N,Non-Junction,None,,,         ,Clint,Gilleland,Clear,Not Collision with Motor Vehicle in Transport,no,no,no,no,no,False
101002733,METROPOLITAN NASHVILLE POLICE DEPT,20151002745,Davidson,Nashville,10/30/2015 1:00:00 PM,2,0,0,36.078910,-86.893470,HARPETH TRACE DR,,,,91.00,Feet,North,HICKORY TRACE PL,,,,0.00,N,Not at Intersection, ,Non-Junction,None,,,         ,Charles,Boles,Clear,"Sideswipe, Same Direction",no,no,no,no,yes,False
101002747,METROPOLITAN NASHVILLE POLICE DEPT,20151016535,Davidson,Nashville,11/4/2015 7:32:00 AM,3,2,0,36.232960,-86.768700,I 65,,,,0.00,,,,,,,89.25,N,Not at Intersection,N,Non-Junction,None,,,         ,Matthew,Nelms,Clear,Front to Rear,no,no,no,no,no,False
101002750,METROPOLITAN NASHVILLE POLICE DEPT,20151016505,Davidson,Goodlettsville,11/4/2015 7:30:00 AM,1,1,0,36.287230,-86.701440,EDENWOLD RD,,,,0.00,,,BURNS AV,,,,0.00,Y,OTHER,N,Non-Junction,None,,,         ,Jeffery,Burnette,Cloudy,Not Collision with Motor Vehicle in Transport,no,no,no,no,no,False
101002754,METROPOLITAN NASHVILLE POLICE DEPT,20151016593,Davidson,Nashville,11/4/2015 7:50:00 AM,2,0,0,36.118690,-86.726100,I 24,,,,0.00,,,,,,,53.00,N,Not at Intersection, ,,None,,,         ,David,Simmonds,,,no,no,no,no,no,False
101002762,METROPOLITAN NASHVILLE POLICE DEPT,20151016581,Davidson,Nashville,11/4/2015 7:45:00 AM,2,0,0,36.084160,-86.705890,LINBAR DR,,,,0.00,,,HARDING PL,,,,0.00,Y,Four-Way, ,Intersection,None,,,         ,James,Grady,Cloudy,Angle,no,no,no,no,no,False
101002764,METROPOLITAN NASHVILLE POLICE DEPT,20151016740,Davidson,Nashville,11/4/2015 8:42:00 AM,2,0,0,36.136160,-86.793530,WEDGEWOOD AV,,,,11.00,Feet,West,VILLA PL,,,,0.00,N,Not at Intersection,N,Non-Junction,None,,,         ,Nathan,Kemp,Clear,Front to Rear,no,no,no,no,no,False
101002765,METROPOLITAN NASHVILLE POLICE DEPT,20151016836,Davidson,Nashville,11/4/2015 9:02:00 AM,2,0,0,36.123510,-86.789850,12TH AVS,,,,50.00,Feet,South,MONTROSE AV,,,,0.00,N,Not at Intersection, ,Non-Junction,None,,,         ,Nathan,Kemp,Clear,Front to Rear,no,no,no,no,no,False
101002774,METROPOLITAN NASHVILLE POLICE DEPT,20151016771,Davidson,Nashville,11/4/2015 8:50:00 AM,2,0,0,36.081440,-86.697090,I 24,,,,0.00,,,,,,,56.10,N,Not at Intersection, ,Non-Junction,None,,,         ,Roderic,Williams,Clear,"Sideswipe, Same Direction",no,no,no,no,yes,False
101002783,METROPOLITAN NASHVILLE POLICE DEPT,2015-1013835,Davidson,Nashville,11/3/2015 1:40:00 PM,2,2,0,36.176390,-86.767290,SPRING ST ENT RAMP,,,,0.00,,,SPRING ST,,,,0.00,Y,OTHER,Y,Entrance/Exit Ramp Related,None,,,         ,Coleman,Womack,Cloudy,Front to Rear,no,no,no,no,no,False
101002786,METROPOLITAN NASHVILLE POLICE DEPT,20151016598,Davidson,Nashville,11/4/2015 7:50:00 AM,2,0,0,36.079060,-86.695620,I 24,,,,0.00,,,,,,,56.30,N,Not at Intersection, ,Non-Junction,None,,,         ,Kenneth,Alexandrow,Clear,Front to Rear,no,no,no,no,no,False
101002789,METROPOLITAN NASHVILLE POLICE DEPT,2015-1016424,Davidson,Nashville,11/3/2015 9:45:00 PM,2,0,0,36.215580,-86.711590,CARDINAL AV,,,,379.00,Feet,South,MURRAY PL,,,,0.00,N,Not at Intersection,N,Non-Junction,None,,,         ,Coleman,Womack,Clear,"Sideswipe, Same Direction",no,no,no,no,yes,False
101002790,METROPOLITAN NASHVILLE POLICE DEPT,20151016916,Davidson,Nashville,11/4/2015 9:45:00 AM,2,0,0,36.154630,-86.779160,8TH AVS,,,,0.00,,,LAFAYETTE ST,,,,0.00,Y,Roundabout, ,Intersection,Construction Zone,,,         ,Catherine,Poole,Cloudy,Angle,no,no,no,no,no,False
101002792,METROPOLITAN NASHVILLE POLICE DEPT,2015-1016875,Davidson,Nashville,11/4/2015 9:30:00 AM,2,0,0,36.194730,-86.776180,I 65,,,,0.00,,,,,,,86.50,N,Not at Intersection, ,Entrance/Exit Ramp Related,None,,,         ,William,Caillouette,Cloudy,"Sideswipe, Same Direction",no,no,no,no,no,False
101002796,METROPOLITAN NASHVILLE POLICE DEPT,20151005502,Davidson,Nashville,10/31/2015 11:27:00 AM,2,0,0,36.198850,-86.619920,LEBANON PKE,,,,180.00,Feet,North,OLD HICKORY BLVD,,,,0.00,N,Not at Intersection, ,Non-Junction,None,,,         ,Terry,Denton,Clear,Front to Rear,no,no,no,no,no,False
101002808,METROPOLITAN NASHVILLE POLICE DEPT,20151016990,Davidson,Nashville,11/4/2015 10:14:00 AM,2,2,0,36.112390,-86.768020,THOMPSON LN,,,,0.00,,,OLD POWELL AV,,,,0.00,Y,Four-Way,N,Intersection,None,,,         ,Nathan,Kemp,Clear,HeadOn,no,no,no,no,no,False
101002812,METROPOLITAN NASHVILLE POLICE DEPT,20151016646,Davidson,Nashville,11/4/2015 8:05:00 AM,2,0,0,36.031640,-86.712660,NOLENSVILLE PKE,,,,226.00,Feet,North,KINHAWK DR,,,,0.00,N,Not at Intersection, ,Non-Junction,None,,,         ,James,Thomas,Cloudy,Front to Rear,no,no,no,no,no,False
101002813,METROPOLITAN NASHVILLE POLICE DEPT,2015-1016610,Davidson,Nashville,11/4/2015 7:40:00 AM,2,0,0,36.230220,-86.747670,ELLINGTON PKWY S EXT RAMP,,,,0.00,,,ELLINGTON PKWYS,,,,0.00,Y,OTHER,N,Non-Junction,None,,,         ,Coleman,Womack,Cloudy,Front to Rear,no,no,no,no,no,False
101002822,METROPOLITAN NASHVILLE POLICE DEPT,2015-1016788,Davidson,Nashville,11/4/2015 8:55:00 AM,2,0,0,36.195290,-86.752670,ELLINGTON PKWYS,,,,0.00,,,ELLINGTON PKWY S EXT RAMP,,,,0.00,Y,OTHER, ,Non-Junction,None,,,         ,Coleman,Womack,Cloudy,Front to Rear,no,no,no,no,no,False
101002826,METROPOLITAN NASHVILLE POLICE DEPT,20151010130,Davidson,Nashville,11/2/2015 11:09:00 AM,2,0,0,36.083740,-86.707200,HARDING PL,,,,416.00,Feet,West,LINBAR DR,,,,0.00,N,Not at Intersection,N,Non-Junction,None,,,         ,Ronald,Raynore,Rain,Front to Rear,no,no,no,no,no,False
101002833,METROPOLITAN NASHVILLE POLICE DEPT,2015-1014730,Davidson,Nashville,11/3/2015 6:24:00 PM,2,0,0,36.132670,-86.727120,I 24,,,,0.00,,,,,,,52.00,N,Not at Intersection, ,Non-Junction,None,,,         ,Shedie,Herbert III,Cloudy,"Sideswipe, Same Direction",no,no,no,no,yes,False
101002835,METROPOLITAN NASHVILLE POLICE DEPT,20151017025,Davidson,Nashville,11/4/2015 10:29:00 AM,2,0,0,36.233100,-86.768540,I 65,,,,0.00,,,,,,,89.25,N,Not at Intersection, ,,None,,,         ,Nathan,Kemp,,,no,no,no,no,no,False
101002836,METROPOLITAN NASHVILLE POLICE DEPT,2015-1013198,Davidson,Nashville,11/3/2015 9:25:00 AM,2,0,0,36.152340,-86.771580,4TH AVS,,,,0.00,,,ASH ST,,,,0.00,Y,Four-Way, ,Intersection,None,,,         ,Daniel,Massey,Clear,"Sideswipe, Same Direction",no,no,no,no,no,False
101002837,METROPOLITAN NASHVILLE POLICE DEPT,2015-1017200,Davidson,Nashville,11/4/2015 12:00:00 PM,2,0,0,36.124400,-86.848470,HARDING PKE,,,,199.00,Feet,East,ROYAL OAKS CONDOS PVTDR,,,,0.00,N,Not at Intersection, ,Non-Junction,None,,,         ,Curtis,Rich,Cloudy,Front to Rear,no,no,no,no,yes,False
101002845,METROPOLITAN NASHVILLE POLICE DEPT,2015-1016901,Davidson,Nashville,11/4/2015 9:35:00 AM,1,0,0,36.170010,-86.761270,S 6TH ST,,,,230.00,Feet,South,FATHERLAND ST,,,,0.00,N,Not at Intersection, ,Non-Junction,None,,,         ,Coleman,Womack,Cloudy,Not Collision with Motor Vehicle in Transport,no,no,no,no,no,False
101002846,METROPOLITAN NASHVILLE POLICE DEPT,2015-1017135,Davidson,Nashville,11/4/2015 10:51:00 AM,1,0,0,36.172610,-86.801850,-- UNKNOWN RAMP/ROAD --,,,,0.00,Feet,East,I 40,,,,0.00,N,Not at Intersection,N,Non-Junction,None,,,         ,William,Caillouette,Cloudy,Not Collision with Motor Vehicle in Transport,no,no,no,no,no,False
101002864,METROPOLITAN NASHVILLE POLICE DEPT,20151017293,Davidson,Nashville,11/4/2015 12:22:00 PM,2,0,0,36.136350,-86.770030,MARTIN ST,,,,53.00,Feet,North,SOUTHGATE AV,,,,0.00,N,Not at Intersection, ,Non-Junction,None,,,         ,Nathan,Kemp,Clear,Front to Rear,no,no,no,no,no,False
101002875,METROPOLITAN NASHVILLE POLICE DEPT,2015-1017007,Davidson,Nashville,11/4/2015 10:21:00 AM,1,1,0,36.076220,-86.889090,HIGHWAY 100,,,,1390.00,Feet,East,HARPETH GLEN CONDOS PVTDR,,,,0.00,N,Not at Intersection,N,Non-Junction,None,,,         ,Walter,Gray II,Cloudy,Not Collision with Motor Vehicle in Transport,no,yes,no,no,no,False
101002876,METROPOLITAN NASHVILLE POLICE DEPT,2015-1016845,Davidson,Nashville,11/4/2015 9:19:00 AM,2,1,0,36.171430,-86.769040,JAMES ROBERTSON PKWY,,,,0.00,,,INTERSTATE DR,,,,0.00,Y,OTHER,N,Intersection-Related,None,,,         ,Frank,Campbell,Cloudy,Front to Rear,no,no,no,no,no,False
101002880,METROPOLITAN NASHVILLE POLICE DEPT,20151017152,Davidson,Nashville,11/4/2015 12:00:00 AM,3,0,0,36.158890,-86.782110,8TH AVS,,,,0.00,,,BROADWAY,,,,0.00,Y,Four-Way,Y,Intersection-Related,None,,,         ,Adam,Gartner,Clear,Angle,no,no,no,no,no,False
101002885,METROPOLITAN NASHVILLE POLICE DEPT,20151017257,Davidson,Goodlettsville,11/4/2015 12:10:00 PM,2,2,0,36.296090,-86.698530,MYATT DR,,,,43.00,Feet,North,RIVERGATE STATION PVTDR,,,,0.00,N,Not at Intersection,N,Non-Junction,None,,,         ,Matthew,Nelms,Clear,Angle,no,no,no,no,no,False
101002887,METROPOLITAN NASHVILLE POLICE DEPT,2015-1017390,Davidson,Nashville,11/4/2015 1:00:00 PM,1,0,0,36.091460,-86.887730,HARDING PKE,,,,664.00,Feet,East,MELINDA DR,,,,0.00,N,Not at Intersection, ,Non-Junction,None,,,         ,Walter,Gray II,Cloudy,Not Collision with Motor Vehicle in Transport,no,no,no,no,no,False
101002888,METROPOLITAN NASHVILLE POLICE DEPT,2015-1017394,Davidson,Nashville,11/4/2015 1:00:00 PM,2,0,0,36.171960,-86.767820,I24 W EXT RAMP,,,,0.00,,,I 24,,,,0.00,Y,OTHER, ,Non-Junction,None,,,         ,Coleman,Womack,Cloudy,Front to Rear,no,no,no,no,no,False
101002898,METROPOLITAN NASHVILLE POLICE DEPT,2015-1017331,Davidson,Nashville,11/4/2015 12:35:00 PM,2,0,0,36.075010,-86.662540,UNA ANTIOCH PKE,,,,0.00,,,BILLINGSGATE RD,,,,0.00,Y,T-Intersection,N,Intersection,None,,,         ,William,Whitworth,Cloudy,"Sideswipe, Opposite Direction",no,no,no,no,no,False
101002906,METROPOLITAN NASHVILLE POLICE DEPT,20151017396,Davidson,Nashville,11/4/2015 12:56:00 PM,2,0,0,36.087290,-86.692540,HARDING PL,,,,108.00,Feet,West,ANTIOCH PKE,,,,0.00,N,Not at Intersection, ,Non-Junction,None,,,         ,David,Simmonds,Cloudy,Front to Rear,no,no,no,no,no,False
101002916,METROPOLITAN NASHVILLE POLICE DEPT,2015-1013525,Davidson,Nashville,11/3/2015 11:56:00 AM,2,1,0,36.154030,-86.787570,DEMONBREUN ST,,,,0.00,,,13TH AVS,,,,0.00,Y,Four-Way,N,Intersection,None,,,         ,Daniel,Massey,Clear,Angle,no,no,no,no,no,False
101002941,METROPOLITAN NASHVILLE POLICE DEPT,2015-1017599,Davidson,Nashville,11/4/2015 2:13:00 PM,2,0,0,36.144000,-86.873220,CHARLOTTE PKE,,,,50.00,Feet,South,WATTS LN,,,,0.00,N,Not at Intersection,N,Non-Junction,None,,,         ,Walter,Gray II,Cloudy,Front to Rear,no,no,no,no,no,False
101002944,METROPOLITAN NASHVILLE POLICE DEPT,2015-1012789,Davidson,Nashville,11/3/2015 5:47:00 AM,2,0,0,36.214610,-86.604660,SHUTE LN,,,,0.00,,,LEBANON PKE,,,,0.00,Y,T-Intersection, ,Intersection,None,,,         ,Jeb,Johnston,Fog,Front to Rear,no,no,no,no,no,False
101002949,METROPOLITAN NASHVILLE POLICE DEPT,20151017806,Davidson,Nashville,11/4/2015 2:15:00 PM,1,0,0,36.157020,-86.860340,BRILEY PKWY S EXT RAMP,,,,0.00,Feet,East,BRILEY PKWYS,,,,0.00,N,Not at Intersection, ,,None,,,         ,Brandon,Rardin,,,no,no,no,no,no,False
101002950,METROPOLITAN NASHVILLE POLICE DEPT,20151017771,Davidson,Nashville,11/4/2015 3:20:00 PM,2,0,0,36.150490,-86.695880,ELM HILL PIKE,,,,259.00,Feet,East,WANDA DR,,,,0.00,N,Not at Intersection, ,Non-Junction,None,,,         ,John,Kelley,Cloudy,Front to Rear,no,no,no,no,no,False
101002954,METROPOLITAN NASHVILLE POLICE DEPT,20151017545,Davidson,Nashville,11/4/2015 2:02:00 PM,2,0,0,36.125650,-86.814210,I 440,,,,0.00,,,,,,,2.35,N,Not at Intersection, ,Non-Junction,None,,,         ,Jessie,Meadows,Clear,Front to Rear,no,no,no,no,no,False
101002955,METROPOLITAN NASHVILLE POLICE DEPT,20151017719,Davidson,Nashville,11/4/2015 3:14:00 PM,2,0,0,36.069220,-86.690920,I24 E EXT RAMP,,,,0.00,Feet,East,I 24,,,,0.00,N,Not at Intersection, ,Entrance/Exit Ramp Related,None,,,         ,Jessie,Meadows,Clear,Front to Rear,no,no,no,no,no,False
101002963,METROPOLITAN NASHVILLE POLICE DEPT,20151017657,Davidson,Nashville,11/4/2015 2:23:00 PM,2,0,0,36.145710,-86.809790,NATCHEZ TRC,,,,201.00,Feet,South,WEST END AV,,,,0.00,N,Not at Intersection, ,Non-Junction,None,,,         ,Tien,Nguyen,Clear,Angle,no,no,no,no,no,Campus
101002964,METROPOLITAN NASHVILLE POLICE DEPT,20151017774,Davidson,Nashville,11/4/2015 3:16:00 PM,2,0,0,36.157930,-86.791610,I40 E ENT RAMP,,,,0.00,,,I 40,,,,0.00,Y,Four-Way, ,Entrance/Exit Ramp Related,None,,,         ,Tien,Nguyen,Clear,"Sideswipe, Same Direction",no,no,no,no,no,False
101002976,METROPOLITAN NASHVILLE POLICE DEPT,20151017802,Davidson,Nashville,11/4/2015 4:02:00 PM,2,0,0,36.100860,-86.728470,ANTIOCH PKE,,,,126.00,Feet,West,COLBY DR,,,,0.00,N,Not at Intersection, ,Non-Junction,None,,,         ,Jessie,Meadows,Clear,Angle,no,no,no,no,no,False
101002977,METROPOLITAN NASHVILLE POLICE DEPT,20151017874,Davidson,Nashville,11/4/2015 4:28:00 PM,2,0,0,36.109180,-86.726780,BRILEY PKWYN,,,,382.00,Feet,East,BRILEY PKWYS,,,,0.00,N,Not at Intersection, ,Non-Junction,None,,,         ,Jessie,Meadows,Clear,"Sideswipe, Same Direction",no,no,no,no,no,False
101002983,METROPOLITAN NASHVILLE POLICE DEPT,20151017937,Davidson,Nashville,11/4/2015 4:17:00 PM,1,1,0,36.161550,-86.599200,BELL RD,,,,615.00,Feet,West,OLD HICKORY BLVD,,,,0.00,N,Not at Intersection,N,Non-Junction,None,,,         ,Leslie,Hale,Clear,Not Collision with Motor Vehicle in Transport,no,no,no,no,no,False
101002984,METROPOLITAN NASHVILLE POLICE DEPT,2015-1013737,Davidson,Nashville,11/3/2015 1:10:00 PM,1,1,0,36.191590,-86.606560,ANDREW JACKSON PKWY,,,,422.00,Feet,South,STONERS GLEN DR,,,,0.00,N,Not at Intersection,N,Non-Junction,None,,,         ,Jeb,Johnston,Cloudy,Not Collision with Motor Vehicle in Transport,no,no,no,no,no,False
101002992,METROPOLITAN NASHVILLE POLICE DEPT,20151018025,Davidson,Nashville,11/4/2015 4:40:00 PM,2,0,0,36.145270,-86.811930,WEST END AV,,,,0.00,,,28TH AVS,,,,0.00,Y,Four-Way, ,Intersection-Related,None,,,         ,Tien,Nguyen,Clear,"Sideswipe, Same Direction",no,no,no,no,no,Campus
101002993,METROPOLITAN NASHVILLE POLICE DEPT,20151018097,Davidson,Nashville,11/4/2015 4:57:00 PM,2,0,0,36.154340,-86.798960,19TH AVN,,,,0.00,,,CHURCH ST,,,,0.00,Y,Four-Way, ,Intersection-Related,None,,,         ,Tien,Nguyen,Clear,Front to Rear,no,no,no,no,no,False
101002994,METROPOLITAN NASHVILLE POLICE DEPT,20151018082,Davidson,Nashville,11/4/2015 5:05:00 PM,2,1,0,36.154720,-86.676230,LAKELAND DR,,,,0.00,,,EMERY DR,,,,0.00,Y,Four-Way,N,Intersection,None,,,         ,Tyler,Conrads,Clear,Angle,no,no,no,no,no,False
101003002,METROPOLITAN NASHVILLE POLICE DEPT,20151017723,Davidson,Nashville,11/4/2015 1:12:00 PM,2,0,0,36.084790,-86.728170,NOLENSVILLE PKE,,,,16.00,Feet,South,PARAGON MILLS RD,,,,0.00,N,Not at Intersection,N,Non-Junction,None,,,         ,William,Durham,Clear,Angle,no,no,no,no,yes,False
101003003,METROPOLITAN NASHVILLE POLICE DEPT,20151018018,Davidson,Nashville,11/4/2015 4:16:00 PM,2,0,0,36.045000,-86.659590,BELL RD,,,,51.00,Feet,East,I24 E EXT RAMP,,,,0.00,N,Not at Intersection, ,Non-Junction,None,,,         ,William,Durham,Clear,"Sideswipe, Same Direction",no,no,no,no,no,False
101003004,METROPOLITAN NASHVILLE POLICE DEPT,20151018109,Davidson,Nashville,11/4/2015 5:10:00 PM,2,0,0,36.044870,-86.660030,BELL RD,,,,86.00,Feet,West,I24 E EXT RAMP,,,,0.00,N,Not at Intersection,N,Non-Junction,None,,,         ,Jessie,Meadows,Clear,Front to Rear,no,no,no,no,yes,False
101003005,METROPOLITAN NASHVILLE POLICE DEPT,2015-1017674,Davidson,Nashville,11/4/2015 2:38:00 PM,2,0,0,36.158630,-86.878360,ROBERTSON AV,,,,0.00,,,ANNEX AV,,,,0.00,Y,Four-Way, ,,None,,,         ,Christopher,Clark,,,no,no,no,no,no,False
101003009,METROPOLITAN NASHVILLE POLICE DEPT,20151017909,Davidson,Nashville,11/4/2015 3:48:00 PM,2,1,0,36.153420,-86.788740,DEMONBREUN ST,,,,110.00,Feet,West,14TH AVS,,,,0.00,N,Not at Intersection,N,Non-Junction,None,,,         ,Maria,Cortez,Clear,Angle,no,no,no,no,no,False
101003010,METROPOLITAN NASHVILLE POLICE DEPT,20151017984,Davidson,Nashville,11/4/2015 4:33:00 PM,2,2,0,36.189030,-86.594530,OLD LEBANON DIRT RD,,,,14.00,Feet,East,RACHELS RETREAT CIR,,,,0.00,N,Not at Intersection,N,Non-Junction,None,,,         ,Brent,Palte,Clear,Front to Rear,no,no,no,no,no,False
101003013,METROPOLITAN NASHVILLE POLICE DEPT,20151018410,Davidson,Nashville,11/4/2015 5:20:00 PM,1,0,0,36.167550,-86.869390,BRILEY PKWYN,,,,250.00,Feet,South,BRILEY PKWY N EXT RAMP,,,,0.00,N,Not at Intersection, ,,None,,,         ,Walter,Gray II,,,no,no,no,no,no,False
101003022,METROPOLITAN NASHVILLE POLICE DEPT,20151018261,Davidson,Nashville,11/4/2015 4:38:00 PM,2,0,0,36.116010,-86.788940,I 440,,,,0.00,,,,,,,4.00,N,Not at Intersection,N,Entrance/Exit Ramp Related,None,,,         ,Tien,Nguyen,Clear,Front to Rear,no,no,no,no,no,False
101003032,METROPOLITAN NASHVILLE POLICE DEPT,20151018076,Davidson,Nashville,11/4/2015 4:57:00 PM,2,0,0,36.144120,-86.626460,BELL RD,,,,508.00,Feet,South,LINCOYA BAY DR,,,,0.00,N,Not at Intersection, ,,None,,,         ,Brandon,Vance,,,no,no,no,no,no,False
101003035,METROPOLITAN NASHVILLE POLICE DEPT,20151018214,Davidson,Not in City Limit,11/4/2015 5:40:00 PM,2,0,0,36.261240,-86.712530,GALLATIN PKES,,,,0.00,,,MAPLE ST,,,,0.00,Y,OTHER, ,Non-Junction,None,,,         ,Benjamin,Spees,Clear,Front to Rear,no,no,no,no,no,False
101003036,METROPOLITAN NASHVILLE POLICE DEPT,2015-1017672,Davidson,Nashville,11/4/2015 2:45:00 PM,1,0,0,36.062540,-86.742460,ELLINGTON AG CENTER PVTDR,,,,25.00,Feet,North,MARCHANT DR,,,,0.00,N,Not at Intersection,N,Non-Junction,None,,,         ,William,King,Cloudy,Not Collision with Motor Vehicle in Transport,no,no,no,no,no,False
101003037,METROPOLITAN NASHVILLE POLICE DEPT,2015-1018232,Davidson,Nashville,11/4/2015 5:47:00 PM,2,1,0,36.050960,-86.775620,I 65,,,,0.00,,,,,,,74.60,N,Not at Intersection,N,Non-Junction,None,,,         ,William,King,Clear,Front to Rear,no,no,no,no,no,False
101003038,METROPOLITAN NASHVILLE POLICE DEPT,20151018231,Davidson,Nashville,11/4/2015 5:45:00 PM,2,0,0,36.148110,-86.807720,ELLISTON PL,,,,0.00,,,REIDHURST AV,,,,0.00,Y,T-Intersection, ,Intersection,None,,,         ,Peter,Knisley,Clear,Angle,no,no,no,no,no,Campus
101003039,METROPOLITAN NASHVILLE POLICE DEPT,20151018161,Davidson,Not in City Limit,11/4/2015 5:27:00 PM,2,0,0,36.071120,-86.947080,TODD PREIS DR,,,,0.00,,,SAWYER BROWN RD,,,,0.00,Y,Four-Way, ,Intersection,None,,,         ,Adam,Reese,Clear,Angle,no,no,no,no,no,False
101003044,METROPOLITAN NASHVILLE POLICE DEPT,20151018200,Davidson,Nashville,11/4/2015 5:31:00 PM,2,0,0,36.093880,-86.624860,BELL RD,,,,0.00,,,HARBOR LIGHTS DR,,,,0.00,Y,T-Intersection,N,Non-Junction,None,,,         ,Michael,Apsey,Clear,Front to Rear,no,no,no,no,yes,False
101003048,METROPOLITAN NASHVILLE POLICE DEPT,20151018338,Davidson,Nashville,11/4/2015 6:20:00 PM,2,1,0,36.169030,-86.682630,US HWY 70,,,,71.00,Feet,West,FAIRWAY DR,,,,0.00,N,Not at Intersection,N,Non-Junction,None,,,         ,John,Kelley,Clear,Front to Rear,no,no,no,no,no,False
101003061,METROPOLITAN NASHVILLE POLICE DEPT,20151018260,Davidson,Nashville,11/4/2015 6:22:00 PM,2,0,0,36.109910,-86.721260,BRILEY PKWYS,,,,96.00,Feet,North,BRILEY PKWYN,,,,0.00,N,Not at Intersection, ,Non-Junction,None,,,         ,Jessie,Meadows,Clear,Front to Rear,no,no,no,no,no,False
101003063,GOODLETTSVILLE POLICE DEPT,15-40953,Davidson,Goodlettsville,11/4/2015 5:25:00 PM,2,2,0,36.308220,-86.692280,VIETNAM VETERANS,BLVD,SR386,,500.00,Feet,East,CONFERENCE,DR,,,0.00,N,Not at Intersection,N,Non-Junction,None,,,         ,Brian,Hajdu,Cloudy,Front to Rear,no,no,no,no,no,False
101003066,METROPOLITAN NASHVILLE POLICE DEPT,20151018446,Davidson,Nashville,11/4/2015 6:53:00 PM,2,0,0,36.086870,-86.730230,NOLENSVILLE PKE,,,,0.00,,,ELYSIAN FIELDS CT,,,,0.00,Y,T-Intersection, ,Intersection-Related,None,,,         ,Tien,Nguyen,Clear,"Sideswipe, Same Direction",no,no,no,no,no,False