master_record_number,agency,agency_tracking_number,county,city,collision_date,vehicles_involved,number_injured,number_dead,latitude,longitude,roadway_name,roadway_suffix,roadway_number,roadway_local_id,distance_from_reference,miles-feet_indicator,direction_from_reference,intersection_road_name,intersection_road_name_suffix,intersection_road_number,intersection_local_id,mile_marker,intersection_indicator,intersect_type,interchange_related_indicator,relation_to_junction,work_zone_type,construction_maintenance_zone,construction_maintenance_zone_location,fatal_case_number,officer_first_name,officer_last_name,weather_condition(s),manner_of_crash,pedestrian,bicycle,scooter,parking,hitrun,mou
101003068,BELLE MEADE POLICE DEPT,15-0277,Davidson,Belle Meade,10/30/2015 7:12:00 PM,2,0,0,36.119600,-86.854940,BELLE MEADE BLVD,,,,0.00,,,HARDING PKE,,,,0.00,Y,T-Intersection, ,Intersection,None,,,         ,Chris,Roark,Clear,Front to Rear,no,no,no,no,no,False
101003069,METROPOLITAN NASHVILLE POLICE DEPT,20151018398,Davidson,Not in City Limit,11/4/2015 6:45:00 PM,2,0,0,36.264010,-86.689560,STATE RT 45,,,,213.00,Feet,East,MYATT DR,,,,0.00,N,Not at Intersection, ,Non-Junction,None,,,         ,Ryan,Allen,Clear,Front to Rear,no,no,no,no,no,False
101003070,METROPOLITAN NASHVILLE POLICE DEPT,20151018184,Davidson,Nashville,11/4/2015 5:32:00 PM,2,0,0,36.153590,-86.785550,LAUREL ST,,,,0.00,,,12TH AVS,,,,0.00,Y,Four-Way,N,Non-Junction,None,,,         ,Jeffrey,Livingston,Cloudy,Front to Rear,no,no,no,no,no,False
101003071,METROPOLITAN NASHVILLE POLICE DEPT,2015-1014392,Davidson,Nashville,11/3/2015 6:42:00 PM,1,1,0,36.108700,-86.744070,TANKSLEY AV,,,,0.00,,,NOLENSVILLE PKE,,,,0.00,Y,T-Intersection,N,Intersection,None,,,         ,Shedie,Herbert III,Cloudy,Not Collision with Motor Vehicle in Transport,no,no,no,no,no,False
101003074,METROPOLITAN NASHVILLE POLICE DEPT,20151011338,Davidson,Nashville,11/2/2015 7:03:00 PM,2,0,0,36.060070,-86.741050,ELLINGTON CIR,,,,0.00,,,EDMONDSON PKE,,,,0.00,Y,OTHER, ,Non-Junction,None,,,         ,Ricki,Armstrong,Clear,Front to Rear,no,no,no,no,no,False
101003077,METROPOLITAN NASHVILLE POLICE DEPT,20151017637,Davidson,Nashville,11/4/2015 2:33:00 PM,2,0,0,36.183500,-86.610760,OLD HICKORY BLVD,,,,0.00,,,ANDREW JACKSON PKWY,,,,0.00,Y,Four-Way, ,Intersection,None,,,         ,Brian,Theriac,Clear,Angle,no,no,no,no,no,False
101003080,BERRY HILL POLICE DEPT,15-4329,Davidson,Berry Hill,10/30/2015 12:00:00 AM,2,0,0,36.118860,-86.774590,FRANKLIN PKE,,,,0.00,,,BERRY RD,,,,0.00,Y,Four-Way, ,Intersection-Related,None,,,         ,John,Gleixner,Clear,Front to Rear,no,no,no,no,no,False
101003084,METROPOLITAN NASHVILLE POLICE DEPT,20151018593,Davidson,Nashville,11/4/2015 7:15:00 PM,2,1,0,36.081100,-86.758360,HARDING PL,,,,0.00,,,TROUSDALE DR,,,,0.00,Y,Four-Way,N,Intersection-Related,None,,,         ,Tien,Nguyen,Clear,Front to Rear,no,no,no,no,no,False
101003090,METROPOLITAN NASHVILLE POLICE DEPT,20151018382,Davidson,Nashville,11/4/2015 6:41:00 PM,2,0,0,36.103110,-86.801690,BELMONT BLVD,,,,100.00,Feet,South,BELVIDERE DR,,,,0.00,N,Not at Intersection, ,Non-Junction,None,,,         ,Jacob,Crouch,Clear,Angle,no,no,no,no,no,False
101003097,METROPOLITAN NASHVILLE POLICE DEPT,20151018435,Davidson,Nashville,11/4/2015 6:58:00 PM,3,3,0,36.239800,-86.770980,BRILEY PKWYW,,,,277.00,Feet,North,BRILEY PKWYE,,,,0.00,N,Not at Intersection,N,Non-Junction,None,,,         ,Samuel,Miller,Clear,Front to Rear,no,no,no,no,yes,False
101003105,METROPOLITAN NASHVILLE POLICE DEPT,20151018277,Davidson,Antioch,11/4/2015 5:35:00 PM,2,0,0,36.025470,-86.587420,MURFREESBORO RD,,,,437.00,Feet,North,WALDRON RD,,,,0.00,N,Not at Intersection, ,Non-Junction,None,,,         ,William,Durham,Clear,Front to Rear,no,no,no,no,no,False
101003106,METROPOLITAN NASHVILLE POLICE DEPT,20151018492,Davidson,Nashville,11/4/2015 6:08:00 PM,2,0,0,36.093570,-86.657590,FRANKLIN LIMESTONE RD,,,,203.00,Feet,West,FORGE RIDGE CIR,,,,0.00,N,Not at Intersection,N,Non-Junction,None,,,         ,William,Durham,Clear,Angle,no,no,no,no,no,False
101003108,METROPOLITAN NASHVILLE POLICE DEPT,20151011754,Davidson,Nashville,11/2/2015 9:45:00 PM,1,0,0,36.122700,-86.717530,EAST THOMPSON LN,,,,139.00,Feet,North,LAWNDALE DR,,,,0.00,N,Not at Intersection,N,Non-Junction,None,,,         ,William,Durham,Clear,Not Collision with Motor Vehicle in Transport,no,no,no,no,yes,False
101003110,METROPOLITAN NASHVILLE POLICE DEPT,2015-1016701,Davidson,Nashville,11/4/2015 8:33:00 AM,2,0,0,36.130750,-86.716320,MURFREESBORO PKE,,,,227.00,Feet,East,FOOTHILL DR,,,,0.00,N,Not at Intersection,N,Non-Junction,None,,,         ,Jeb,Johnston,Cloudy,"Sideswipe, Same Direction",no,no,no,no,no,False
101003125,METROPOLITAN NASHVILLE POLICE DEPT,20151018661,Davidson,Nashville,11/4/2015 8:06:00 PM,2,0,0,36.150700,-86.796250,19TH AVS,,,,130.00,Feet,South,BROADWAY,,,,0.00,N,Not at Intersection,N,Non-Junction,None,,,         ,Maria,Cortez,Clear,Unknown,no,no,no,yes,yes,False
101003130,METROPOLITAN NASHVILLE POLICE DEPT,20151018756,Davidson,Nashville,11/4/2015 8:39:00 PM,1,0,0,36.178000,-86.751570,CLEARVIEW AV,,,,0.00,,,S 10TH ST,,,,0.00,Y,T-Intersection, ,Intersection,None,,,         ,Cressie,Prill,Clear,Not Collision with Motor Vehicle in Transport,no,yes,no,no,no,False
101003133,METROPOLITAN NASHVILLE POLICE DEPT,20151017842,Davidson,Nashville,11/4/2015 3:45:00 PM,2,0,0,36.232290,-86.624730,OLD HICKORY BLVD,,,,0.00,,,SHUTE LN,,,,0.00,Y,T-Intersection, ,Non-Junction,None,,,         ,Darryl,Williams,Clear,"Sideswipe, Same Direction",no,no,no,no,no,False
101003150,METROPOLITAN NASHVILLE POLICE DEPT,20151010728,Davidson,Nashville,11/2/2015 3:25:00 PM,2,0,0,36.058910,-86.716210,NOLENSVILLE PKE,,,,57.00,Feet,South,TUSCULUM RD,,,,0.00,N,Not at Intersection, ,Non-Junction,None,,,         ,William,Durham,Clear,Angle,no,no,no,no,no,False
101003151,METROPOLITAN NASHVILLE POLICE DEPT,20151010855,Davidson,Nashville,11/2/2015 4:05:00 PM,2,3,0,36.063210,-86.699280,PACKARD DR,,,,20.00,Feet,West,EAST RIDGE DR,,,,0.00,N,Not at Intersection,N,Non-Junction,None,,,         ,William,Durham,Clear,HeadOn,no,no,no,no,no,False
101003152,METROPOLITAN NASHVILLE POLICE DEPT,20151018927,Davidson,Nashville,11/4/2015 8:15:00 PM,2,0,0,36.115820,-86.719390,EAST THOMPSON LN,,,,0.00,Feet,East,GLENROSE AV,,,,0.00,N,Not at Intersection, ,Non-Junction,None,,,         ,William,Durham,Clear,Angle,no,no,no,no,no,False
101003159,METROPOLITAN NASHVILLE POLICE DEPT,20151019045,Davidson,Nashville,11/4/2015 10:11:00 PM,1,0,0,36.155750,-86.809740,23RD AVN,,,,0.00,,,CHARLOTTE AV,,,,0.00,Y,T-Intersection,N,OtherLocation,None,,,         ,Tien,Nguyen,Clear,Not Collision with Motor Vehicle in Transport,no,no,no,no,no,False
101003173,METROPOLITAN NASHVILLE POLICE DEPT,20151017865,Davidson,Nashville,11/4/2015 3:57:00 PM,2,0,0,36.183280,-86.610900,DODSON CHAPEL RD,,,,90.00,Feet,South,OLD HICKORY BLVD,,,,0.00,N,Not at Intersection, ,,None,,,         ,Khalid,Abbady,,,no,no,no,no,no,False
101003185,METROPOLITAN NASHVILLE POLICE DEPT,2015-1016395,Davidson,Nashville,11/3/2015 12:00:00 AM,1,0,0,36.223810,-86.838160,US HWY 41 ALT,,,,827.00,Feet,North,FAIRMEADE DR,,,,0.00,N,Not at Intersection,N,Non-Junction,None,,,         ,Daniel,Russett,Clear,Not Collision with Motor Vehicle in Transport,no,no,no,no,yes,False
101003189,METROPOLITAN NASHVILLE POLICE DEPT,20151018984,Davidson,Nashville,11/4/2015 9:40:00 PM,1,1,0,36.040960,-86.677850,BLUE HOLE RD,,,,758.00,Feet,North,ERNA CT,,,,0.00,N,Not at Intersection,N,Non-Junction,None,,,         ,Jessie,Meadows,Clear,Not Collision with Motor Vehicle in Transport,no,no,no,no,no,False
101003191,METROPOLITAN NASHVILLE POLICE DEPT,20151019127,Davidson,Nashville,11/4/2015 10:55:00 PM,2,0,0,36.046220,-86.660840,I 24,,,,0.00,,,I24 E EXT RAMP,,,,0.00,Y,OTHER, ,Entrance/Exit Ramp Related,None,,,         ,Barrett,Teague,Clear,"Sideswipe, Same Direction",no,no,no,no,no,False
101003192,METROPOLITAN NASHVILLE POLICE DEPT,2015-1016364,Davidson,Nashville,11/4/2015 5:44:00 AM,2,3,0,36.135800,-86.725040,MURFREESBORO PKE,,,,0.00,,,SPENCE LN,,,,0.00,Y,OTHER,N,Intersection-Related,None,,,         ,James,Jensen,Clear,Angle,no,no,no,no,no,False
101003193,METROPOLITAN NASHVILLE POLICE DEPT,20151018977,Davidson,Nashville,11/4/2015 9:39:00 PM,2,2,0,36.126500,-86.728330,I 24,,,,0.00,,,,,,,51.40,N,Not at Intersection,Y,Entrance/Exit Ramp Related,None,,,         ,Thomas,Burns,Clear,"Sideswipe, Same Direction",no,no,no,no,no,False
101003194,METROPOLITAN NASHVILLE POLICE DEPT,20151007059,Davidson,Nashville,11/1/2015 3:40:00 AM,3,1,0,36.155040,-86.797520,18TH AVN,,,,0.00,,,CHURCH ST,,,,0.00,Y,Four-Way,N,Intersection,None,,,         ,Harris,Smith,Clear,"Sideswipe, Opposite Direction",no,no,no,no,yes,False
101003233,METROPOLITAN NASHVILLE POLICE DEPT,20151019335,Davidson,Nashville,11/5/2015 12:01:00 AM,3,1,0,36.219230,-86.791850,OLD MATTHEWS RD,,,,507.00,Feet,East,DYNE CT,,,,0.00,N,Not at Intersection,N,Non-Junction,None,,,         ,Matthew,Lachance,Clear,Not Collision with Motor Vehicle in Transport,no,no,no,no,no,False
101003236,METROPOLITAN NASHVILLE POLICE DEPT,20151019295,Davidson,Nashville,11/4/2015 11:52:00 PM,3,2,0,36.150950,-86.750550,I 40,,,,0.00,,,,,,,211.60,N,Not at Intersection,N,Non-Junction,None,,,         ,Evan,Hibschman,Clear,Front to Rear,no,no,no,no,no,False
101003239,METROPOLITAN NASHVILLE POLICE DEPT,2015-1019385,Davidson,Nashville,11/5/2015 12:28:00 AM,1,0,0,36.147060,-86.857970,WHITE BRIDGE PKE,,,,429.00,Feet,West,LENOX AV,,,,0.00,N,Not at Intersection, ,Non-Junction,None,,,         ,Barry,Scarbrough,Clear,Not Collision with Motor Vehicle in Transport,no,no,no,no,no,False
101003254,METROPOLITAN NASHVILLE POLICE DEPT,20151019574,Davidson,Nashville,11/5/2015 1:52:00 AM,1,0,0,36.070370,-86.701620,HAYWOOD LN,,,,0.00,,,HAYWOOD CT,,,,0.00,Y,Y-Intersection,N,Non-Junction,None,,,         ,richard,haley,Clear,Not Collision with Motor Vehicle in Transport,no,no,no,no,yes,False
101003262,Nashville Airport Police,2015-02567,Davidson,Nashville,11/5/2015 2:57:00 AM,2,0,0,36.136340,-86.664270,TERMINAL DR,,,,0.00,,,SATELLITE WAY ENT RAMP,,,,0.00,Y,OTHER, ,Non-Junction,None,,,         ,William,Hodge,Clear,Front to Rear,no,no,no,no,no,False
101003263,METROPOLITAN NASHVILLE POLICE DEPT,2015-1016490,Davidson,Nashville,11/4/2015 7:10:00 AM,3,1,0,36.152830,-86.754800,I 40,,,,0.00,,,,,,,211.30,N,Not at Intersection,N,Non-Junction,None,,,         ,Jeb,Johnston,Cloudy,Front to Rear,no,no,no,no,no,False
101003286,METROPOLITAN NASHVILLE POLICE DEPT,20151017202,Davidson,Nashville,11/4/2015 12:06:00 PM,2,0,0,36.148100,-86.767470,CAMERON ST,,,,0.00,,,3RD AVS,,,,0.00,Y,Four-Way, ,Intersection,None,,,         ,Ronald,Raynore,Cloudy,Angle,no,no,no,no,no,False
101003299,METROPOLITAN NASHVILLE POLICE DEPT,20151017521,Davidson,Nashville,11/4/2015 1:39:00 PM,2,0,0,36.143850,-86.797710,EDGEHILL AV,,,,0.00,,,19TH AVS,,,,0.00,Y,Four-Way,N,Intersection,None,,,         ,Nathan,Kemp,Clear,Angle,no,no,no,no,yes,Campus
101003306,METROPOLITAN NASHVILLE POLICE DEPT,20151020186,Davidson,Nashville,11/5/2015 7:21:00 AM,2,0,0,36.118770,-86.726120,I 24,,,,0.00,,,,,,,53.00,N,Not at Intersection, ,Non-Junction,None,,,         ,Tyler,McDaniel,Cloudy,Front to Rear,no,no,no,no,no,False
101003308,METROPOLITAN NASHVILLE POLICE DEPT,20151020221,Davidson,Nashville,11/5/2015 7:33:00 AM,2,0,0,36.065860,-86.768060,HOGAN RD,,,,0.00,,,REGENT DR,,,,0.00,Y,T-Intersection,N,Intersection,None,,,         ,Nathan,Kemp,Clear,Angle,no,no,no,no,no,False
101003330,METROPOLITAN NASHVILLE POLICE DEPT,20151020217,Davidson,Nashville,11/5/2015 7:35:00 AM,2,0,0,36.072320,-86.691760,I 24,,,,0.00,,,,,,,56.75,N,Not at Intersection, ,Non-Junction,None,,,         ,Ronald,Raynore,Cloudy,Front to Rear,no,no,no,no,no,False
101003343,METROPOLITAN NASHVILLE POLICE DEPT,20151020190,Davidson,Nashville,11/5/2015 7:00:00 AM,2,0,0,36.040030,-86.743880,OLD HICKORY BLVD,,,,119.00,Feet,West,EDMONDSON PKE,,,,0.00,N,Not at Intersection, ,Non-Junction,None,,,         ,Marc,Haugen,Cloudy,Angle,no,no,no,no,no,False
101003344,METROPOLITAN NASHVILLE POLICE DEPT,2015-1020283,Davidson,Nashville,11/5/2015 8:00:00 AM,2,0,0,36.187160,-86.770360,CLEVELAND ST,,,,160.00,Feet,East,N 2ND ST,,,,0.00,N,Not at Intersection, ,"Driveway, Alley Access, etc",None,,,         ,Coleman,Womack,Cloudy,Angle,no,no,no,no,no,False
101003350,METROPOLITAN NASHVILLE POLICE DEPT,20151020324,Davidson,Nashville,11/5/2015 8:05:00 AM,2,1,0,36.082100,-86.761700,HARDING PL,,,,0.00,,,SIDCO DR,,,,0.00,Y,Four-Way,N,Entrance/Exit Ramp Related,None,,,         ,Justin,Pinkelton,Cloudy,Front to Rear,no,no,no,no,no,False
101003353,VANDERBILT UNIVERSITY POLICE,15-1017646,Davidson,Nashville,11/4/2015 2:15:00 PM,2,0,0,36.140280,-86.801840,MEDICAL CENTER DR,,,,0.00,,,,,,,0.00,,, ,,None,,,         ,Eugene,Kessler,,,no,no,no,yes,no,Campus
101003356,METROPOLITAN NASHVILLE POLICE DEPT,20151020418,Davidson,Nashville,11/5/2015 8:54:00 AM,3,0,0,36.031420,-86.755060,CLOVERLAND DR,,,,201.00,Feet,East,SADDLEWOOD LN,,,,0.00,N,Not at Intersection, ,Non-Junction,None,,,         ,Nathan,Kemp,Clear,Front to Rear,no,no,no,no,no,False
101003358,METROPOLITAN NASHVILLE POLICE DEPT,20151020144,Davidson,Antioch,11/5/2015 6:43:00 AM,2,0,0,0.000000,0.000000,OLD HICKORY,BLVD,SR171,,1500.00,Feet,South,LOGISTICS,WAY,,,0.00,N,Not at Intersection,N,Non-Junction,None,,,         ,Joseph,Smith,Cloudy,Angle,no,no,no,yes,no,False
101003389,Nashville Airport Police,15-2570,Davidson,Nashville,11/5/2015 8:50:00 AM,2,1,0,36.106210,-86.673060,MURFREESBORO PKE,,,,0.00,,,DONELSON PKE,,,,0.00,Y,Four-Way,N,Intersection-Related,None,,,         ,Phillip,Schmidt,Cloudy,Front to Rear,no,no,no,no,no,False
101003399,VANDERBILT UNIVERSITY POLICE,15-1017641,Davidson,Nashville,11/4/2015 2:15:00 PM,2,0,0,36.138030,-86.805050,BLAKEMORE AV,,,,0.00,,,24TH AVS,,,,0.00,Y,Four-Way, ,,None,,,         ,Yasemine,Lomax,,,no,no,no,no,no,Campus
101003404,METROPOLITAN NASHVILLE POLICE DEPT,20151017450,Davidson,Nashville,11/4/2015 12:40:00 PM,2,0,0,36.080130,-86.726490,NOLENSVILLE PKE,,,,199.00,Feet,North,HARDING PL,,,,0.00,N,Not at Intersection, ,Non-Junction,None,,,         ,Joshua,Lackey,Cloudy,Angle,no,no,no,no,no,False
101003406,METROPOLITAN NASHVILLE POLICE DEPT,20151020136,Davidson,Not in City Limit,11/5/2015 6:05:00 AM,2,0,0,36.286220,-86.745260,DICKERSON PKES,,,,0.00,,,HILLCREST RD,,,,0.00,Y,T-Intersection, ,Intersection,None,,,         ,Jeffery,Burnette,Cloudy,Front to Rear,no,no,no,no,no,False
101003411,METROPOLITAN NASHVILLE POLICE DEPT,20151020497,Davidson,Nashville,11/5/2015 9:49:00 AM,2,0,0,0.000000,0.000000,HOBSON,PIKE,,,0.00,,,PIN HOOK,RD,SR,,0.00,Y,Four-Way,N,Intersection,None,,,         ,Brian,Penny,Clear,Front to Rear,no,no,no,no,no,False
101003420,METROPOLITAN NASHVILLE POLICE DEPT,20151020677,Davidson,Not in City Limit,11/5/2015 11:15:00 AM,2,0,0,36.272560,-86.694630,ANDERSON LN,,,,0.00,,,MAY DR,,,,0.00,Y,Four-Way,N,Intersection,None,,,         ,Brian,Otto,Clear,Angle,no,no,no,no,yes,False
101003430,METROPOLITAN NASHVILLE POLICE DEPT,20151020718,Davidson,Goodlettsville,11/5/2015 11:45:00 AM,1,0,0,0.000000,0.000000,OLD  SPRINGFIELD HWY.,,,,10.00,Feet,North,7965 OLD SPRINGFIELD HWY,,,,0.00,N,Not at Intersection, ,Non-Junction,None,,,         ,Jeffery,Burnette,Cloudy,Not Collision with Motor Vehicle in Transport,no,no,no,no,no,False
101003440,METROPOLITAN NASHVILLE POLICE DEPT,20151020745,Davidson,Nashville,11/5/2015 11:48:00 AM,2,0,0,36.143080,-86.666650,DONELSON PKE,,,,288.00,Feet,North,I40 W ENT RAMP,,,,0.00,N,Not at Intersection,N,Non-Junction,None,,,         ,Joshua,Green,Cloudy,Angle,no,no,no,no,no,False
101003448,METROPOLITAN NASHVILLE POLICE DEPT,20151020561,Davidson,Nashville,11/5/2015 10:22:00 AM,1,0,0,36.153400,-86.800840,CHURCH ST,,,,0.00,,,20TH AVN,,,,0.00,Y,Four-Way, ,Intersection,None,,,         ,Nathan,Kemp,Clear,Not Collision with Motor Vehicle in Transport,yes,no,no,no,no,Campus
101003449,METROPOLITAN NASHVILLE POLICE DEPT,20151020359,Davidson,Nashville,11/5/2015 8:24:00 AM,3,2,0,36.040250,-86.768150,OLD HICKORY BLVD,,,,70.00,Feet,East,SEVEN SPRINGS WAY,,,,0.00,N,Not at Intersection,N,Non-Junction,None,,,         ,Nathan,Kemp,Clear,Front to Rear,no,no,no,no,yes,False
101003451,METROPOLITAN NASHVILLE POLICE DEPT,15-1020724,Davidson,Nashville,11/5/2015 10:55:00 AM,2,0,0,36.165590,-86.780190,4TH AVN,,,,87.00,Feet,South,DEADERICK ST,,,,0.00,N,Not at Intersection, ,Non-Junction,None,,,         ,Frank,Campbell,Cloudy,Angle,no,no,no,no,no,False
101003457,BERRY HILL POLICE DEPT,15-4416,Davidson,Berry Hill,11/5/2015 11:51:00 AM,2,0,0,36.119710,-86.770710,BERRY RD,,,,72.00,Feet,West,FESSEY PARK RD,,,,0.00,N,Not at Intersection, ,Non-Junction,None,,,         ,Ronnie,Hill,Cloudy,Angle,no,no,no,no,no,False
101003458,METROPOLITAN NASHVILLE POLICE DEPT,20151020565,Davidson,Nashville,11/5/2015 10:24:00 AM,2,1,0,36.041380,-86.712750,US HWY 31 ALT,,,,126.00,Feet,North,CONNECTING ROAD,,,,0.00,N,Not at Intersection,N,Non-Junction,None,,,         ,David,Simmonds,Clear,Front to Rear,no,no,no,no,no,False
101003469,METROPOLITAN NASHVILLE POLICE DEPT,20151020923,Davidson,Nashville,11/5/2015 1:12:00 PM,1,0,0,36.134370,-86.781250,WEDGEWOOD AV,,,,79.00,Feet,West,ACKLEN AV,,,,0.00,N,Not at Intersection,N,Non-Junction,None,,,         ,Nathan,Kemp,Clear,Not Collision with Motor Vehicle in Transport,no,no,no,no,yes,False
101003476,METROPOLITAN NASHVILLE POLICE DEPT,2015-1020126,Davidson,Antioch,11/5/2015 4:30:00 AM,1,0,0,36.059830,-86.549490,OLE NOTTINGHAM,DR,,,0.00,,,EAST WINCHESTER,DR,,,0.00,Y,T-Intersection,N,Intersection,None,,,         ,William,Whitworth,Cloudy,Not Collision with Motor Vehicle in Transport,no,no,no,no,yes,False
101003480,METROPOLITAN NASHVILLE POLICE DEPT,2015-1020892,Davidson,Forest Hills,11/5/2015 1:20:00 PM,2,0,0,36.047580,-86.863710,OLD HICKORY BLVD,,,,305.00,Feet,West,HILLSBORO PKE,,,,0.00,N,Not at Intersection, ,Non-Junction,None,,,         ,Curtis,Rich,Cloudy,Front to Rear,no,no,no,no,no,False
101003494,METROPOLITAN NASHVILLE POLICE DEPT,20151020871,Davidson,Nashville,11/5/2015 12:02:00 PM,2,0,0,36.143460,-86.814470,WEST END AV,,,,13.00,Feet,South,30TH AVS,,,,0.00,N,Not at Intersection, ,,None,,,         ,Joshua,Billotte,,,no,no,no,no,no,Campus
101003495,METROPOLITAN NASHVILLE POLICE DEPT,20151020822,Davidson,Nashville,11/5/2015 11:25:00 AM,2,0,0,36.037400,-86.786570,FRANKLIN PKE,,,,0.00,,,OLD HICKORY BLVD,,,,0.00,Y,Four-Way, ,Intersection-Related,None,,,         ,Joshua,Lackey,Cloudy,Front to Rear,no,no,no,no,no,False
101003509,METROPOLITAN NASHVILLE POLICE DEPT,20151018620,Davidson,Not in City Limit,11/4/2015 7:50:00 PM,1,0,0,36.268360,-86.707210,LOVELL ST,,,,0.00,,,,,,,0.00,,,N,Non-Junction,None,,,         ,Ryan,Allen,Clear,Not Collision with Motor Vehicle in Transport,no,no,no,yes,yes,False
101003510,METROPOLITAN NASHVILLE POLICE DEPT,20151011144,Davidson,Nashville,11/2/2015 5:31:00 PM,2,0,0,36.048160,-86.664110,I 24,,,,0.00,,,,,,,59.05,N,Not at Intersection, ,Non-Junction,None,,,         ,William,Durham,Clear,Front to Rear,no,no,no,no,no,False
101003518,METROPOLITAN NASHVILLE POLICE DEPT,20151021082,Davidson,Nashville,11/5/2015 3:12:00 PM,1,0,0,36.196510,-86.742330,GALLATIN AV,,,,60.00,Feet,South,CAHAL AV,,,,0.00,N,Not at Intersection, ,Non-Junction,None,,,         ,Jessie,Meadows,Clear,Not Collision with Motor Vehicle in Transport,no,no,no,no,no,False
101003521,METROPOLITAN NASHVILLE POLICE DEPT,20151018544,Davidson,Nashville,11/4/2015 12:00:00 AM,1,0,0,36.048000,-86.688500,MICHELE DR,,,,419.00,Feet,South,BENZING RD,,,,0.00,N,Not at Intersection, ,,None,,,         ,Joseph,Progar,,,no,no,no,no,no,False
101003529,METROPOLITAN NASHVILLE POLICE DEPT,20151021054,Davidson,Nashville,11/5/2015 2:44:00 PM,2,0,0,36.087430,-86.730790,NOLENSVILLE PKE,,,,262.00,Feet,North,ELYSIAN FIELDS CT,,,,0.00,N,Not at Intersection, ,,None,,,         ,Brian,Penny,,,no,no,no,no,no,False
101003538,METROPOLITAN NASHVILLE POLICE DEPT,20151021072,Davidson,Nashville,11/5/2015 1:55:00 PM,3,1,0,36.148700,-86.781840,I 40,,,,0.00,,,,,,,209.70,N,Not at Intersection,N,Entrance/Exit Ramp Related,None,,,         ,Tien,Nguyen,Clear,"Sideswipe, Same Direction",no,no,no,no,no,False
101003539,METROPOLITAN NASHVILLE POLICE DEPT,20151021143,Davidson,Nashville,11/5/2015 3:08:00 PM,2,0,0,36.140210,-86.778540,US HWY 31,,,,185.00,Feet,South,VERNON AVE,,,,0.00,N,Not at Intersection, ,Non-Junction,None,,,         ,Brenton,Adcox,Clear,Angle,no,no,no,yes,yes,False
101003541,METROPOLITAN NASHVILLE POLICE DEPT,20151021155,Davidson,Nashville,11/5/2015 3:10:00 PM,2,0,0,36.146700,-86.691520,MARRIOTT DR,,,,100.00,Feet,South,CONNECTING ROAD,,,,0.00,N,Not at Intersection, ,,None,,,         ,Tyler,Conrads,,,no,no,no,yes,no,False
101003545,METROPOLITAN NASHVILLE POLICE DEPT,20151021071,Davidson,Nashville,11/5/2015 3:32:00 PM,2,0,0,36.045650,-86.658540,I24 W EXT RAMP,,,,0.00,,,BELL RD,,,,0.00,Y,T-Intersection, ,,None,,,         ,David,Hughes,,,no,no,no,no,no,False
101003548,METROPOLITAN NASHVILLE POLICE DEPT,2015-1013914,Davidson,Nashville,11/3/2015 2:07:00 PM,4,0,0,36.150200,-86.784440,I 40,,,,0.00,,,,,,,209.55,N,Not at Intersection, ,Non-Junction,Construction Zone,,,         ,Allen,Bates,Cloudy,Not Collision with Motor Vehicle in Transport,no,no,no,no,no,False
101003562,METROPOLITAN NASHVILLE POLICE DEPT,20151021145,Davidson,Nashville,11/5/2015 3:21:00 PM,2,1,0,36.110180,-86.781410,STATE HWY 155,,,,200.00,Feet,East,MCNAIRY LN,,,,0.00,N,Not at Intersection,N,Non-Junction,None,,,         ,Clyde,Stambaugh,Clear,Front to Rear,no,no,no,no,no,False
101003563,METROPOLITAN NASHVILLE POLICE DEPT,20151021122,Davidson,Nashville,11/5/2015 2:59:00 PM,2,0,0,36.112420,-86.768030,STATE HWY 155,,,,0.00,,,POWELL AVE,,,,0.00,Y,Four-Way, ,Intersection,None,,,         ,Clyde,Stambaugh,Clear,Angle,no,no,no,no,no,False
101003567,METROPOLITAN NASHVILLE POLICE DEPT,20151021146,Davidson,Nashville,11/5/2015 3:20:00 PM,2,0,0,36.158550,-86.759950,I 24,,,,0.00,,,,,,,49.55,N,Not at Intersection, ,Non-Junction,None,,,         ,Kevin,Reynolds,Clear,Front to Rear,no,no,no,no,no,False
101003569,METROPOLITAN NASHVILLE POLICE DEPT,20151021237,Davidson,Nashville,11/5/2015 3:45:00 PM,2,0,0,36.139510,-86.700310,KAREN DR,,,,0.00,,,BRILEY PKWY,,,,0.00,Y,Four-Way, ,Intersection,None,,,         ,Michael,Apsey,Clear,Angle,no,no,no,no,no,False
101003592,METROPOLITAN NASHVILLE POLICE DEPT,20151021280,Davidson,Nashville,11/5/2015 3:20:00 PM,2,0,0,36.059070,-86.716220,TUSCULUM RD,,,,0.00,,,NOLENSVILLE PKE,,,,0.00,Y,Four-Way,N,Intersection-Related,None,,,         ,Tien,Nguyen,Clear,"Sideswipe, Same Direction",no,no,no,no,no,False
101003596,METROPOLITAN NASHVILLE POLICE DEPT,20151021335,Davidson,Nashville,11/5/2015 4:32:00 PM,2,2,0,36.136930,-86.891760,I 40,,,,0.00,,,,,,,201.70,N,Not at Intersection,N,Non-Junction,None,,,         ,Tyler,Reese,Clear,Front to Rear,no,no,no,no,no,False
101003597,METROPOLITAN NASHVILLE POLICE DEPT,20151021348,Davidson,Nashville,11/5/2015 4:34:00 PM,2,0,0,36.168260,-86.687940,BRILEY PKWY N EXT RAMP,,,,60.00,Feet,South,BRILEY PKWY N ENT RAMP,,,,0.00,N,Not at Intersection, ,Non-Junction,None,,,         ,Leslie,Hale,Clear,"Sideswipe, Same Direction",no,no,no,no,no,False
101003598,METROPOLITAN NASHVILLE POLICE DEPT,20151021354,Davidson,Nashville,11/5/2015 4:36:00 PM,1,0,0,36.158890,-86.782110,8TH AVS,,,,0.00,,,BROADWAY,,,,0.00,Y,Four-Way, ,Intersection,None,,,         ,Mikala,Moore,Clear,Not Collision with Motor Vehicle in Transport,no,no,no,no,no,False