master_record_number,agency,agency_tracking_number,county,city,collision_date,vehicles_involved,number_injured,number_dead,latitude,longitude,roadway_name,roadway_suffix,roadway_number,roadway_local_id,distance_from_reference,miles-feet_indicator,direction_from_reference,intersection_road_name,intersection_road_name_suffix,intersection_road_number,intersection_local_id,mile_marker,intersection_indicator,intersect_type,interchange_related_indicator,relation_to_junction,work_zone_type,construction_maintenance_zone,construction_maintenance_zone_location,fatal_case_number,officer_first_name,officer_last_name,weather_condition(s),manner_of_crash,pedestrian,bicycle,scooter,parking,hitrun,mou
101004449,METROPOLITAN NASHVILLE POLICE DEPT,20151025197,Davidson,Nashville,11/6/2015 8:27:00 PM,2,0,0,36.056500,-86.690510,OLIVIA DR,,,,402.00,Feet,South,BART DR,,,,0.00,N,Not at Intersection,N,Non-Junction,None,,,         ,William,Durham,Clear,Unknown,no,no,no,no,yes,False
101004450,METROPOLITAN NASHVILLE POLICE DEPT,20151025325,Davidson,Nashville,11/6/2015 7:50:00 PM,2,0,0,36.045140,-86.713230,NOLENSVILLE PKE,,,,84.00,Feet,South,OLD HICKORY BLVD,,,,0.00,N,Not at Intersection,N,Non-Junction,None,,,         ,William,Durham,Clear,"Sideswipe, Same Direction",no,no,no,no,yes,False
101004459,METROPOLITAN NASHVILLE POLICE DEPT,20151024762,Davidson,Nashville,11/6/2015 6:30:00 PM,3,1,0,36.089330,-86.619010,SMITH SPRINGS RD,,,,573.00,Feet,West,BUTLER RD,,,,0.00,N,Not at Intersection,N,Non-Junction,None,,,         ,Colby,Mathis,Cloudy,Front to Rear,no,no,no,no,no,False
101004462,METROPOLITAN NASHVILLE POLICE DEPT,20151024811,Davidson,Nashville,11/6/2015 6:20:00 PM,2,0,0,36.100060,-86.711440,I 24,,,,0.00,,,,,,,54.55,N,Not at Intersection, ,Non-Junction,None,,,         ,Rickie,Corman,Clear,Front to Rear,no,no,no,no,no,False
101004467,METROPOLITAN NASHVILLE POLICE DEPT,20151024781,Davidson,Nashville,11/6/2015 12:00:00 AM,2,3,0,36.045990,-86.675500,BELL RD,,,,351.00,Feet,West,BLUE HOLE RD,,,,0.00,N,Not at Intersection,N,Non-Junction,None,,,         ,Larry,Preuett,Clear,Angle,no,no,no,no,no,False
101004470,METROPOLITAN NASHVILLE POLICE DEPT,20151024771,Davidson,Antioch,11/6/2015 6:16:00 PM,3,3,0,36.025470,-86.587420,MURFREESBORO RD,,,,1620.00,Feet,North,WALDRON RD,,,,0.00,N,Not at Intersection,N,Non-Junction,None,,,         ,Kevin,Keating,Clear,Front to Rear,no,no,no,no,no,False
101004477,METROPOLITAN NASHVILLE POLICE DEPT,20151024290,Davidson,Nashville,11/6/2015 3:15:00 PM,3,0,0,36.182510,-86.798970,I65 N EXT RAMP,,,,0.00,,,I 65,,,,0.00,Y,OTHER,Y,Entrance/Exit Ramp Related,None,,,         ,Michael,Brooks,Cloudy,Front to Rear,no,no,no,no,yes,False
101004478,METROPOLITAN NASHVILLE POLICE DEPT,20151024548,Davidson,Nashville,11/6/2015 4:39:00 PM,2,0,0,36.162150,-86.819390,28TH AVN,,,,166.00,Feet,South,I40 E ENT RAMP,,,,0.00,N,Not at Intersection,N,Non-Junction,None,,,         ,Michael,Brooks,Cloudy,Front to Rear,no,no,no,no,yes,False
101004479,METROPOLITAN NASHVILLE POLICE DEPT,20151024628,Davidson,Nashville,11/6/2015 5:12:00 PM,2,0,0,36.236510,-86.814220,GREEN LN,,,,806.00,Feet,East,WHITES CREEK PKE,,,,0.00,N,Not at Intersection,N,Non-Junction,None,,,         ,Michael,Brooks,Cloudy,"Sideswipe, Opposite Direction",no,no,no,no,yes,False
101004480,METROPOLITAN NASHVILLE POLICE DEPT,20151025129,Davidson,Nashville,11/6/2015 8:37:00 PM,2,0,0,36.221940,-86.774810,I24 W ENT RAMP,,,,0.00,,,I 65,,,,0.00,Y,OTHER, ,Entrance/Exit Ramp Related,Construction Zone,,,         ,Michael,Brooks,Cloudy,"Sideswipe, Same Direction",no,no,no,no,no,False
101004484,METROPOLITAN NASHVILLE POLICE DEPT,20151025489,Davidson,Nashville,11/6/2015 10:25:00 PM,2,0,0,36.140270,-86.722120,I 40,,,,0.00,,,,,,,213.50,N,Not at Intersection, ,Non-Junction,None,,,         ,Bo,Branum,Clear,"Sideswipe, Same Direction",no,no,no,no,no,False
101004488,METROPOLITAN NASHVILLE POLICE DEPT,20151022956,Davidson,Antioch,11/6/2015 5:26:00 AM,2,0,0,36.032670,-86.569650,W NIR SHRIEBMAN RD,,,,0.00,,,W NIR SHREIBMAN BLVD,,,,0.00,Y,Four-Way, ,Non-Junction,None,,,         ,Kevin,Breeding,Rain,HeadOn,no,no,no,no,no,False
101004522,METROPOLITAN NASHVILLE POLICE DEPT,20151025661,Davidson,Nashville,11/7/2015 12:14:00 AM,1,0,0,36.156850,-86.632670,STEWARTS FERRY PKE,,,,0.00,,,LAUER DR,,,,0.00,Y,Four-Way, ,Non-Junction,None,,,         ,Andy,Esqueda,Clear,Not Collision with Motor Vehicle in Transport,no,no,no,no,no,False
101004526,METROPOLITAN NASHVILLE POLICE DEPT,20151025757,Davidson,Nashville,11/7/2015 12:50:00 AM,1,0,0,36.080410,-86.633970,EDGE O LAKE DR,,,,0.00,,,,,,,0.00,,,N,Intersection-Related,None,,,         ,Charles,Shaw,Clear,Not Collision with Motor Vehicle in Transport,no,no,no,no,no,False
101004530,METROPOLITAN NASHVILLE POLICE DEPT,20151025574,Davidson,Nashville,11/6/2015 11:30:00 PM,1,2,0,36.074950,-86.717860,FLORA MAXWELL RD,,,,237.00,Feet,South,HOPEDALE DR,,,,0.00,N,Not at Intersection,N,Non-Junction,None,,,         ,Geoffrey,Daugherty,Clear,Not Collision with Motor Vehicle in Transport,no,no,no,yes,no,False
101004534,METROPOLITAN NASHVILLE POLICE DEPT,2015-1020091,Davidson,Nashville,11/5/2015 6:38:00 AM,2,0,0,36.083650,-86.647220,MURFREESBORO PKE,,,,0.00,,,BROOKSBORO PL,,,,0.00,Y,Four-Way,N,Non-Junction,None,,,         ,Charles,Shaw,Cloudy,Front to Rear,no,no,no,no,no,False
101004541,METROPOLITAN NASHVILLE POLICE DEPT,2015-1022375,Davidson,Goodlettsville,11/5/2015 11:00:00 PM,2,2,0,36.287970,-86.707880,W MONTICELLO AV,,,,838.00,Feet,West,GALLATIN PKEN,,,,0.00,N,Not at Intersection,N,Non-Junction,None,,,         ,Jose,Salazar,Clear,Front to Rear,no,no,no,no,yes,False
101004555,METROPOLITAN NASHVILLE POLICE DEPT,20151025544,Davidson,Nashville,11/6/2015 11:27:00 PM,1,1,0,36.086220,-86.701270,I24 E EXT RAMP,,,,0.00,Feet,East,I 24,,,,0.00,N,Not at Intersection,N,Entrance/Exit Ramp Related,None,,,         ,Dale,Dameron,Clear,Not Collision with Motor Vehicle in Transport,no,no,no,no,no,False
101004566,METROPOLITAN NASHVILLE POLICE DEPT,20151020009,Davidson,Nashville,11/4/2015 5:20:00 AM,2,0,0,36.040080,-86.744310,OLD HICKORY BLVD,,,,247.00,Feet,West,EDMONDSON PKE,,,,0.00,N,Not at Intersection, ,Non-Junction,None,,,         ,Charles,Holmes,Cloudy,Front to Rear,no,no,no,no,no,False
101004567,METROPOLITAN NASHVILLE POLICE DEPT,20151025594,Davidson,Nashville,11/6/2015 11:15:00 PM,2,0,0,36.169770,-86.770260,WOODLAND ST,,,,228.00,Feet,East,S 2ND ST,,,,0.00,N,Not at Intersection,N,Non-Junction,None,,,         ,Thomas,Burns,Cloudy,Front to Rear,no,no,no,yes,yes,False
101004575,METROPOLITAN NASHVILLE POLICE DEPT,20151025841,Davidson,Nashville,11/7/2015 1:30:00 AM,2,0,0,36.129030,-86.905560,US HWY 70,,,,313.00,Feet,East,RIVER RD,,,,0.00,N,Not at Intersection, ,Non-Junction,None,,,         ,Melvin,Foster,Clear,"Sideswipe, Same Direction",no,no,no,no,no,False
101004591,METROPOLITAN NASHVILLE POLICE DEPT,20151025954,Davidson,Nashville,11/7/2015 12:00:00 AM,1,0,0,36.211500,-86.915030,ASHLAND CITY HWY,,,,1769.00,Feet,East,OLD HICKORY BLVD,,,,0.00,N,Not at Intersection,N,Non-Junction,None,,,         ,Charles,Duke,Clear,Not Collision with Motor Vehicle in Transport,no,no,no,no,no,False
101004592,METROPOLITAN NASHVILLE POLICE DEPT,20151026031,Davidson,Nashville,11/7/2015 3:27:00 AM,1,0,0,36.156630,-86.824670,I440 W EXT RAMP,,,,0.00,Feet,East,I 40,,,,0.00,N,Not at Intersection,Y,Entrance/Exit Ramp Related,None,,,         ,Jeremy,Kidd,Clear,Not Collision with Motor Vehicle in Transport,no,no,no,no,no,False
101004598,METROPOLITAN NASHVILLE POLICE DEPT,20151026163,Davidson,Nashville,11/7/2015 4:57:00 AM,1,1,0,36.152100,-86.844940,CHARLOTTE AV,,,,61.00,Feet,West,48TH AVN,,,,0.00,N,Not at Intersection,N,Non-Junction,None,,,         ,Steven,Popp,Clear,Not Collision with Motor Vehicle in Transport,no,no,no,no,no,False
101004650,METROPOLITAN NASHVILLE POLICE DEPT,20151026370,Davidson,Nashville,11/7/2015 7:44:00 AM,2,0,0,36.067770,-86.730380,WHISPERING HILLS DR,,,,96.00,Feet,South,LEEANNE DR,,,,0.00,N,Not at Intersection,N,Non-Junction,None,,,         ,Brent,Bauer,Cloudy,Front to Rear,no,no,no,no,no,False
101004656,METROPOLITAN NASHVILLE POLICE DEPT,20151026407,Davidson,Nashville,11/7/2015 8:05:00 AM,2,0,0,36.193260,-86.751020,DOUGLAS AV,,,,168.00,Feet,East,CLINE AV,,,,0.00,N,Not at Intersection, ,Non-Junction,None,,,         ,Sheila,Nidiffer,Cloudy,Angle,no,no,no,no,no,False
101004665,METROPOLITAN NASHVILLE POLICE DEPT,20151026340,Davidson,Nashville,11/7/2015 7:20:00 AM,1,1,0,36.172120,-86.764030,WOODLAND ST,,,,239.00,Feet,East,S 5TH ST,,,,0.00,N,Not at Intersection,N,Non-Junction,None,,,         ,Nathaniel,Clemons,Cloudy,Not Collision with Motor Vehicle in Transport,no,no,no,no,no,False
101004666,METROPOLITAN NASHVILLE POLICE DEPT,20151026369,Davidson,Nashville,11/7/2015 6:40:00 AM,2,0,0,36.084830,-86.703700,STATE HWY 255,,,,96.00,Feet,West,TRAVELERS INN DR,,,,0.00,N,Not at Intersection, ,Non-Junction,None,,,         ,Ian,Hammond,Cloudy,Angle,no,no,no,no,yes,False
101004672,METROPOLITAN NASHVILLE POLICE DEPT,2015-1017345,Davidson,Nashville,11/4/2015 12:45:00 PM,2,0,0,36.169060,-86.682400,LEBANON PKE,,,,0.00,,,FAIRWAY DR,,,,0.00,Y,Four-Way, ,Intersection,None,,,         ,Jeb,Johnston,Cloudy,Angle,no,no,no,no,no,False
101004679,METROPOLITAN NASHVILLE POLICE DEPT,2015-1020106,Davidson,Nashville,11/5/2015 6:42:00 AM,2,0,0,36.171400,-86.601700,OLD HICKORY BLVD,,,,216.00,Feet,North,I40 W EXT RAMP,,,,0.00,N,Not at Intersection, ,,None,,,         ,Jeb,Johnston,,,no,no,no,no,no,False
101004687,METROPOLITAN NASHVILLE POLICE DEPT,20151026468,Davidson,Nashville,11/7/2015 12:00:00 AM,2,1,0,36.156010,-86.788850,BROADWAY,,,,0.00,,,13TH AVS,,,,0.00,Y,Four-Way,Y,Intersection,None,,,         ,Michael,Johnson,Cloudy,Angle,no,no,no,no,no,False
101004690,METROPOLITAN NASHVILLE POLICE DEPT,2015-1026556,Davidson,Goodlettsville,11/7/2015 7:30:00 AM,1,0,0,36.295860,-86.715860,I 65,,,,0.00,,,,,,,94.80,N,Not at Intersection, ,Non-Junction,None,,,         ,Alyson,Cook,Clear,Not Collision with Motor Vehicle in Transport,no,no,no,no,no,False
101004691,METROPOLITAN NASHVILLE POLICE DEPT,20151026535,Davidson,Nashville,11/7/2015 9:34:00 AM,2,0,0,36.155850,-86.777290,KOREAN VETERANS BLVD,,,,0.00,,,6TH AVS,,,,0.00,Y,Four-Way, ,,None,,,         ,Catherine,Poole,,,no,no,no,no,no,False
101004695,METROPOLITAN NASHVILLE POLICE DEPT,20151026504,Davidson,Nashville,11/6/2015 12:00:00 AM,2,0,0,36.086870,-86.693740,HARDING PL,,,,495.00,Feet,West,ANTIOCH PKE,,,,0.00,N,Not at Intersection, ,,None,,,         ,Julius,Gallon,,,no,no,no,yes,no,False
101004697,METROPOLITAN NASHVILLE POLICE DEPT,20151026506,Davidson,Nashville,11/7/2015 9:25:00 AM,2,0,0,36.144840,-86.859590,OCEOLA AV,,,,84.00,Feet,South,BURGESS AV,,,,0.00,N,Not at Intersection,N,Non-Junction,None,,,         ,Corteze,Armstrong,Cloudy,Rear to Side,no,no,no,no,no,False
101004716,METROPOLITAN NASHVILLE POLICE DEPT,20151026564,Davidson,Nashville,11/7/2015 9:35:00 AM,2,0,0,36.139620,-86.727480,I 24,,,,0.00,,,,,,,51.50,N,Not at Intersection, ,Non-Junction,None,,,         ,Jeffrey,Barfield,Cloudy,"Sideswipe, Same Direction",no,no,no,no,no,False
101004724,METROPOLITAN NASHVILLE POLICE DEPT,20151026514,Davidson,Nashville,11/7/2015 9:30:00 AM,2,0,0,36.178080,-86.748360,N 12TH ST,,,,99.00,Feet,South,FORREST AV,,,,0.00,N,Not at Intersection, ,Non-Junction,None,,,         ,Jared,Eaves,Clear,Front to Rear,no,no,no,no,no,False
101004729,METROPOLITAN NASHVILLE POLICE DEPT,20151026626,Davidson,Nashville,11/7/2015 10:45:00 AM,2,0,0,36.184330,-86.843040,COUNTY HOSPITAL RD,,,,0.00,,,PANORAMA DR,,,,0.00,Y,Four-Way, ,Intersection,None,,,         ,Michael,Parman,Cloudy,Angle,no,no,no,no,no,False
101004734,METROPOLITAN NASHVILLE POLICE DEPT,20151026660,Davidson,Nashville,11/7/2015 10:55:00 AM,2,0,0,36.120830,-86.703590,MURFREESBORO PKE,,,,0.00,,,GLENGARRY DR,,,,0.00,Y,Four-Way,N,Intersection,None,,,         ,Edward,Conrads,Cloudy,"Sideswipe, Same Direction",no,no,no,no,no,False
101004736,METROPOLITAN NASHVILLE POLICE DEPT,20151026581,Davidson,Nashville,11/7/2015 10:05:00 AM,2,0,0,36.139490,-86.776170,I 65,,,,0.00,,,,,,,81.75,N,Not at Intersection,N,Non-Junction,None,,,         ,Gregory,Lindstrom,Cloudy,Front to Rear,no,no,no,no,yes,False
101004747,METROPOLITAN NASHVILLE POLICE DEPT,20151026783,Davidson,Madison,11/7/2015 10:23:00 AM,2,0,0,36.261080,-86.712590,GALLATIN PKES,,,,61.00,Feet,South,MAPLE ST,,,,0.00,N,Not at Intersection, ,Non-Junction,None,,,         ,Eric,Richardson,Clear,Other,no,no,no,no,no,False
101004777,METROPOLITAN NASHVILLE POLICE DEPT,2015 1019061,Davidson,Nashville,11/4/2015 10:18:00 PM,2,0,0,36.150820,-86.782130,DIVISION ST,,,,98.00,Feet,East,OVERTON ST,,,,0.00,N,Not at Intersection, ,Non-Junction,None,,,         ,Jeffrey,Livingston,Cloudy,"Sideswipe, Same Direction",no,no,no,no,no,False
101004778,METROPOLITAN NASHVILLE POLICE DEPT,20151026642,Davidson,Nashville,11/7/2015 10:30:00 AM,3,0,0,36.124490,-86.806010,I440 W EXT RAMP,,,,0.00,,,ENCLAVE AT HILLSBORO VILLAGE P,,,,0.00,Y,Y-Intersection, ,Non-Junction,None,,,         ,David,Anderson,Cloudy,Front to Rear,no,no,no,no,no,False
101004783,METROPOLITAN NASHVILLE POLICE DEPT,20151026810,Davidson,Nashville,11/7/2015 12:58:00 PM,2,1,0,36.149790,-86.701960,ELM HILL PKE,,,,507.00,Feet,East,APPLETON DR,,,,0.00,N,Not at Intersection,N,Non-Junction,None,,,         ,Mitchell,McClay,Clear,Not Collision with Motor Vehicle in Transport,no,no,no,no,no,False
101004794,METROPOLITAN NASHVILLE POLICE DEPT,20151025399,Davidson,Nashville,11/6/2015 10:04:00 PM,2,0,0,36.134230,-86.779040,WEDGEWOOD AVE,,,,0.00,,,US HWY 31,,,,0.00,Y,Four-Way, ,Intersection,None,,,         ,Clyde,Stambaugh,Clear,Front to Rear,no,no,no,no,no,False
101004797,METROPOLITAN NASHVILLE POLICE DEPT,2015-1026789,Davidson,Nashville,11/7/2015 12:42:00 PM,2,2,0,36.069070,-86.681980,RICHARDS RD,,,,245.00,Feet,West,CUMMINGS PARK DR,,,,0.00,N,Not at Intersection,N,Non-Junction,None,,,         ,Stanley,Collins,Cloudy,Angle,no,no,no,no,no,False
101004802,METROPOLITAN NASHVILLE POLICE DEPT,20151026865,Davidson,Nashville,11/7/2015 1:19:00 PM,2,1,0,36.110920,-86.745200,STATE HWY 155,,,,0.00,,,US HWY 31 ALT,,,,0.00,Y,Four-Way,N,Non-Junction,None,,,         ,Tony,Folad,Clear,Front to Rear,no,no,no,no,no,False
101004818,METROPOLITAN NASHVILLE POLICE DEPT,20151026621,Davidson,Nashville,11/7/2015 10:36:00 AM,2,2,0,36.094420,-86.653390,MURFREESBORO PKE,,,,0.00,,,FRANKLIN LIMESTONE RD,,,,0.00,Y,Four-Way,N,Intersection,None,,,         ,Brian,Penny,Clear,HeadOn,no,no,no,no,no,False
101004830,METROPOLITAN NASHVILLE POLICE DEPT,20151026911,Davidson,Madison,11/7/2015 2:15:00 PM,2,0,0,36.256190,-86.714390,GALLATIN PKES,,,,0.00,,,NEELYS BEND RD,,,,0.00,Y,T-Intersection, ,Intersection-Related,None,,,         ,William,Coy,Cloudy,"Sideswipe, Same Direction",no,no,no,no,no,False
101004831,METROPOLITAN NASHVILLE POLICE DEPT,20151010812,Davidson,Madison,11/2/2015 3:52:00 PM,3,0,0,36.263460,-86.684270,STATE RT 45,,,,0.00,,,LARKIN SPRINGS RD,,,,0.00,Y,T-Intersection,N,Intersection,None,,,         ,Carlos,Urrutia,Cloudy,Front to Rear,no,no,no,no,no,False
101004845,METROPOLITAN NASHVILLE POLICE DEPT,20151026974,Davidson,Nashville,11/7/2015 3:00:00 PM,2,0,0,36.188170,-86.821870,CLARKSVILLE PKE,,,,110.00,Feet,West,ROSA L PARKS BLVD,,,,0.00,N,Not at Intersection,N,Non-Junction,None,,,         ,Joshua,Hausman,Clear,"Sideswipe, Same Direction",no,no,no,no,no,False
101004853,METROPOLITAN NASHVILLE POLICE DEPT,20151027001,Davidson,Nashville,11/7/2015 3:10:00 PM,2,0,0,36.105100,-86.814870,US HWY 431,,,,0.00,,,,,,,0.00,,,N,OtherLocation,None,,,         ,Clyde,Stambaugh,Clear,Unknown,no,no,no,yes,yes,False
101004854,METROPOLITAN NASHVILLE POLICE DEPT,20151027032,Davidson,Goodlettsville,11/7/2015 3:43:00 PM,2,0,0,36.303870,-86.692610,CONFERENCE DR,,,,0.00,,,THE SHOPPES AT RIVERGATE PVTDR,,,,0.00,Y,T-Intersection, ,Intersection,None,,,         ,Jessica,Ware,Cloudy,Front to Rear,no,no,no,no,no,False
101004861,METROPOLITAN NASHVILLE POLICE DEPT,20151027101,Davidson,Nashville,11/7/2015 4:18:00 PM,2,0,0,36.182770,-86.797770,ROSA L PARKS BLVD,,,,126.00,Feet,South,I65 N ENT RAMP,,,,0.00,N,Not at Intersection, ,Non-Junction,None,,,         ,Brian,Woodard,Cloudy,Front to Rear,no,no,no,no,no,False
101004872,METROPOLITAN NASHVILLE POLICE DEPT,20151027058,Davidson,Nashville,11/7/2015 3:59:00 PM,2,0,0,36.159270,-86.822060,I 40,,,,0.00,,,,,,,206.05,N,Not at Intersection, ,Non-Junction,None,,,         ,Christopher,Valdez,Clear,Angle,no,no,no,no,no,False
101004873,METROPOLITAN NASHVILLE POLICE DEPT,20151027056,Davidson,Nashville,11/7/2015 3:55:00 PM,2,0,0,36.177050,-86.754400,MAIN ST,,,,366.00,Feet,East,MCFERRIN AV,,,,0.00,N,Not at Intersection,N,Non-Junction,None,,,         ,Kyle,Arndt,Clear,Angle,no,no,no,no,no,False
101004878,METROPOLITAN NASHVILLE POLICE DEPT,20151027095,Davidson,Nashville,11/7/2015 4:08:00 PM,1,0,0,36.058620,-86.815280,GRANNY WHITE PIKE,,,,117.00,Feet,South,CAMELOT RD,,,,0.00,N,Not at Intersection,N,Non-Junction,None,,,         ,Royce,McLester,Cloudy,Not Collision with Motor Vehicle in Transport,no,no,no,no,no,False
101004890,METROPOLITAN NASHVILLE POLICE DEPT,20151027222,Davidson,Nashville,11/7/2015 5:20:00 PM,3,1,0,36.196710,-86.687580,EXIT 11,,,,200.00,Feet,South,STATE HWY 155,,,,0.00,N,Not at Intersection,N,Entrance/Exit Ramp Related,None,,,         ,Tyler,Conrads,Clear,Front to Rear,no,no,no,no,no,False
101004893,METROPOLITAN NASHVILLE POLICE DEPT,20151024089,Davidson,Nashville,11/5/2015 5:37:00 PM,1,0,0,36.168700,-86.812390,JEFFERSON ST,,,,292.00,Feet,East,JEFFERSON ST PVTDR,,,,0.00,N,Not at Intersection,N,Non-Junction,None,,,         ,Nathan,Mayo,Cloudy,Not Collision with Motor Vehicle in Transport,no,no,no,yes,yes,False
101004896,METROPOLITAN NASHVILLE POLICE DEPT,20151027290,Davidson,Madison,11/7/2015 5:30:00 PM,3,0,0,36.261940,-86.712300,GALLATIN PKES,,,,102.00,Feet,South,E OLD HICKORY BLVD,,,,0.00,N,Not at Intersection, ,Non-Junction,None,,,         ,Nathan,Dungan,Clear,Front to Rear,no,no,no,no,no,False
101004909,METROPOLITAN NASHVILLE POLICE DEPT,20151027211,Davidson,Nashville,11/7/2015 5:05:00 PM,2,0,0,36.137800,-86.727350,I24E,,,,219.00,Feet,North,I24 E ENT RAMP,,,,0.00,N,Not at Intersection,N,Non-Junction,None,,,         ,Bradley,McIntyre,Clear,Front to Rear,no,no,no,no,no,False
101004911,METROPOLITAN NASHVILLE POLICE DEPT,20151027338,Davidson,Nashville,11/7/2015 6:20:00 PM,1,0,0,36.055680,-86.815780,GRANNY WHITE PKE,,,,300.00,Feet,South,RADNOR GLEN DR,,,,0.00,N,Not at Intersection,N,Non-Junction,None,,,         ,Peter,Knisley,Clear,Not Collision with Motor Vehicle in Transport,no,no,no,no,no,False
101004914,METROPOLITAN NASHVILLE POLICE DEPT,20151027407,Davidson,Nashville,11/7/2015 6:00:00 PM,2,0,0,36.155590,-86.771070,2ND AVS,,,,0.00,,,LEA AV,,,,0.00,Y,Four-Way, ,Intersection,None,,,         ,Jeffrey,Livingston,Cloudy,Angle,no,no,no,no,no,False
101004916,METROPOLITAN NASHVILLE POLICE DEPT,20151027069,Davidson,Nashville,11/7/2015 3:57:00 PM,2,0,0,36.177230,-86.753930,MAIN ST,,,,384.00,Feet,West,FINN ST,,,,0.00,N,Not at Intersection,Y,"Driveway, Alley Access, etc",None,,,         ,Paul,Stein,Clear,Angle,no,no,no,no,no,False
101004917,METROPOLITAN NASHVILLE POLICE DEPT,20151027493,Davidson,Nashville,11/7/2015 7:35:00 PM,1,0,0,36.228110,-86.826320,TRUMPET CIR,,,,0.00,,,BUENAVIEW BLVD,,,,0.00,Y,OTHER,N,Non-Junction,None,,,         ,Jacob,Partin,Clear,Not Collision with Motor Vehicle in Transport,no,no,no,no,yes,False
101004933,METROPOLITAN NASHVILLE POLICE DEPT,20151027370,Davidson,Nashville,11/7/2015 5:30:00 PM,2,0,0,36.181590,-86.773680,N 1ST ST,,,,0.00,,,US HWY 31W,,,,0.00,Y,Y-Intersection, ,Intersection-Related,None,,,         ,Kevin,Reynolds,Clear,"Sideswipe, Same Direction",no,no,no,no,no,False
101004939,METROPOLITAN NASHVILLE POLICE DEPT,20151027177,Davidson,Nashville,11/7/2015 4:59:00 PM,1,1,0,36.175820,-86.757570,MAIN ST,,,,0.00,,,NEILL AV,,,,0.00,Y,OTHER,N,Non-Junction,None,,,         ,Paul,Stein,Clear,Not Collision with Motor Vehicle in Transport,yes,no,no,no,no,False
101004940,METROPOLITAN NASHVILLE POLICE DEPT,20151027537,Davidson,Nashville,11/7/2015 7:41:00 PM,2,0,0,36.172950,-86.795150,10TH AVN,,,,0.00,,,REV DR ENOCH JONES BLVD,,,,0.00,Y,Four-Way, ,Intersection,None,,,         ,Brian,Woodard,Cloudy,"Sideswipe, Opposite Direction",no,no,no,no,yes,False
101004942,METROPOLITAN NASHVILLE POLICE DEPT,20151027327,Davidson,Nashville,11/7/2015 12:00:00 AM,2,0,0,36.133000,-86.726870,I24E,,,,81.00,Feet,East,I24 W EXT RAMP,,,,0.00,N,Not at Intersection, ,Non-Junction,None,,,         ,Paul,Goebel,Clear,Front to Rear,no,no,no,no,no,False
101004950,METROPOLITAN NASHVILLE POLICE DEPT,20151027639,Davidson,Nashville,11/7/2015 5:30:00 PM,2,0,0,36.106520,-86.814810,ABBOTT MARTIN RD,,,,0.00,,,,,,,0.00,,,N,Non-Junction,None,,,         ,Douglas,Sykes,Clear,Angle,no,no,no,yes,yes,False
101004954,METROPOLITAN NASHVILLE POLICE DEPT,20151027581,Davidson,Nashville,11/7/2015 7:59:00 PM,2,0,0,36.155420,-86.778140,KOREAN VETERANS BLVD,,,,294.00,Feet,West,6TH AVS,,,,0.00,N,Not at Intersection,N,Non-Junction,None,,,         ,MIchael,Mihajlov,Clear,Front to Rear,no,no,no,no,yes,False
101004956,METROPOLITAN NASHVILLE POLICE DEPT,20151027574,Davidson,Nashville,11/7/2015 7:58:00 PM,1,1,0,36.109820,-86.727010,BRILEY PKWYS,,,,0.00,,,,,,,0.00,,,N,Non-Junction,None,,,         ,Randy,Heinze,Clear,Not Collision with Motor Vehicle in Transport,yes,no,no,no,no,False
101004960,METROPOLITAN NASHVILLE POLICE DEPT,20151027243,Davidson,Nashville,11/7/2015 5:30:00 PM,2,3,0,36.219720,-86.597600,WINDSOR CHASE WAY,,,,0.00,,,ANDREW JACKSON PKWY,,,,0.00,Y,T-Intersection,N,Non-Junction,None,,,         ,George,Krukowski,Clear,Angle,no,no,no,no,no,False
101004974,METROPOLITAN NASHVILLE POLICE DEPT,20151027722,Davidson,Not in City Limit,11/7/2015 9:37:00 PM,1,0,0,36.035160,-86.969630,HIGHWAY 100,,,,441.00,Feet,West,PASQUO RD,,,,0.00,N,Not at Intersection, ,Non-Junction,None,,,         ,Trent,Craig,Clear,Not Collision with Motor Vehicle in Transport,no,no,no,no,no,False
101004975,METROPOLITAN NASHVILLE POLICE DEPT,20151027554,Davidson,Nashville,11/7/2015 5:30:00 PM,2,3,0,36.214610,-86.604660,LEBANON PKE,,,,0.00,,,SHUTE LN,,,,0.00,Y,T-Intersection,N,Intersection-Related,None,,,         ,George,Krukowski,Clear,Front to Rear,no,no,no,no,yes,False
101004982,VANDERBILT UNIVERSITY POLICE,15-1027766,Davidson,Nashville,11/7/2015 8:46:00 PM,2,0,0,36.106540,-86.764560,POWELL AV,,,,0.00,,,POWELL PL,,,,0.00,Y,OTHER, ,Non-Junction,None,,,         ,Cheryl,Bradley,Clear,"Sideswipe, Same Direction",no,no,no,yes,no,False
101004994,METROPOLITAN NASHVILLE POLICE DEPT,20151027801,Davidson,Nashville,11/7/2015 9:20:00 PM,2,0,0,36.134940,-86.704760,MASSMAN DR,,,,0.00,,,PATRICIA DR,,,,0.00,Y,Four-Way,N,Intersection,None,,,         ,Bryan,Byrnes,Clear,Angle,no,no,no,no,yes,False
101004995,METROPOLITAN NASHVILLE POLICE DEPT,20151027733,Davidson,Nashville,11/7/2015 8:46:00 PM,2,1,0,36.131110,-86.781050,ELLIOTT AV,,,,0.00,,,SOUTH DOUGLAS AV,,,,0.00,Y,Four-Way,N,Intersection,None,,,         ,Nicholas,Smith,Clear,Angle,no,no,no,no,no,False
101005014,METROPOLITAN NASHVILLE POLICE DEPT,20151027837,Davidson,Nashville,11/7/2015 9:44:00 PM,2,1,0,36.203550,-86.738530,GALLATIN PKE,,,,0.00,,,E TRINITY LN,,,,0.00,Y,T-Intersection,N,Intersection,None,,,         ,Robert,Croteau,Clear,Angle,no,no,no,no,no,False