master_record_number,agency,agency_tracking_number,county,city,collision_date,vehicles_involved,number_injured,number_dead,latitude,longitude,roadway_name,roadway_suffix,roadway_number,roadway_local_id,distance_from_reference,miles-feet_indicator,direction_from_reference,intersection_road_name,intersection_road_name_suffix,intersection_road_number,intersection_local_id,mile_marker,intersection_indicator,intersect_type,interchange_related_indicator,relation_to_junction,work_zone_type,construction_maintenance_zone,construction_maintenance_zone_location,fatal_case_number,officer_first_name,officer_last_name,weather_condition(s),manner_of_crash,pedestrian,bicycle,scooter,parking,hitrun,mou
101005017,METROPOLITAN NASHVILLE POLICE DEPT,20151026921,Davidson,Not in City Limit,11/7/2015 2:26:00 PM,1,2,0,36.312660,-86.863140,WHITES CREEK PKE,,,,535.00,Feet,East,OLD CLARKSVILLE PKE,,,,0.00,N,Not at Intersection,N,Non-Junction,None,,,         ,Michael,Brooks,Cloudy,Not Collision with Motor Vehicle in Transport,no,no,no,no,no,False
101005018,METROPOLITAN NASHVILLE POLICE DEPT,20151027039,Davidson,Nashville,11/7/2015 3:36:00 PM,2,0,0,36.192900,-86.830450,CLARKSVILLE PKE,,,,0.00,,,,,,,0.00,,,N,Non-Junction,None,,,         ,Michael,Brooks,Cloudy,"Sideswipe, Opposite Direction",no,no,no,yes,yes,False
101005019,METROPOLITAN NASHVILLE POLICE DEPT,20151027230,Davidson,Nashville,11/7/2015 5:29:00 PM,2,0,0,36.186670,-86.819000,CLARKSVILLE PKE,,,,0.00,,,,,,,0.00,,,N,Non-Junction,None,,,         ,Michael,Brooks,Cloudy,"Sideswipe, Opposite Direction",no,no,no,yes,yes,False
101005020,METROPOLITAN NASHVILLE POLICE DEPT,20151027427,Davidson,Nashville,11/7/2015 7:11:00 PM,1,0,0,36.238530,-86.783900,I24 W ENT RAMP,,,,0.00,Feet,East,I 24,,,,0.00,N,Not at Intersection, ,Entrance/Exit Ramp Related,None,,,         ,Michael,Brooks,Cloudy,Not Collision with Motor Vehicle in Transport,no,no,no,no,no,False
101005021,METROPOLITAN NASHVILLE POLICE DEPT,20151027034,Davidson,Nashville,11/7/2015 3:45:00 PM,2,0,0,36.044580,-86.650810,CROSSINGS BLVD,,,,63.00,Feet,East,HICKORY HOLLOW PKWY,,,,0.00,N,Not at Intersection, ,Non-Junction,None,,,         ,Kevin,Keating,Clear,Front to Rear,no,no,no,no,no,False
101005040,GOODLETTSVILLE POLICE DEPT,15-41406,Davidson,Goodlettsville,11/7/2015 7:20:00 PM,1,0,0,36.340748,-86.728007,UTLEY,DR,,,0.00,,North,UTLEY,DR,,310,0.00,N,Not at Intersection,N,Non-Junction,None,,,         ,Hannah,Poole,Clear,Not Collision with Motor Vehicle in Transport,no,no,no,no,yes,False
101005042,METROPOLITAN NASHVILLE POLICE DEPT,20151027942,Davidson,Nashville,11/7/2015 10:50:00 PM,2,0,0,36.161890,-86.775170,2ND AVS,,,,0.00,,,BROADWAY,,,,0.00,Y,Four-Way, ,Intersection,None,,,         ,William,Thorowgood,Clear,"Sideswipe, Same Direction",no,no,no,no,no,False
101005059,METROPOLITAN NASHVILLE POLICE DEPT,20151027968,Davidson,Nashville,11/7/2015 11:10:00 PM,2,0,0,36.174070,-86.804150,16TH AVN,,,,97.00,Feet,South,UNDERWOOD ST,,,,0.00,N,Not at Intersection,N,Non-Junction,None,,,         ,Peter,Finnegan,Clear,"Sideswipe, Opposite Direction",no,no,no,no,yes,False
101005072,THP District 9 - Administrative,315055276,Davidson,Nashville,10/29/2015 1:00:00 PM,2,0,0,36.145740,-86.764720,2ND AVS,,,,0.00,,,CHESTNUT ST,,,,0.00,Y,OTHER, ,Non-Junction,None,,,         ,Bradley,Robbins,Clear,Rear to Side,no,no,no,yes,no,False
101005073,METROPOLITAN NASHVILLE POLICE DEPT,20151027951,Davidson,Nashville,11/7/2015 11:06:00 PM,2,0,0,36.249190,-86.734460,DUE WEST AVW,,,,0.00,,,S GRAYCROFT AV,,,,0.00,Y,Four-Way,Y,Intersection,None,,,         ,Christopher,Lo,Clear,Angle,no,no,no,no,yes,False
101005075,METROPOLITAN NASHVILLE POLICE DEPT,20151027957,Davidson,Nashville,11/7/2015 10:10:00 PM,3,0,0,36.080720,-86.698410,LINBAR DR,,,,0.00,,,,,,,0.00,,Not at Intersection,N,Non-Junction,None,,,         ,Joshua,Vaughn,Clear,Rear to Rear,no,no,no,yes,yes,False
101005077,METROPOLITAN NASHVILLE POLICE DEPT,2015-1028056,Davidson,Nashville,11/8/2015 12:01:00 AM,2,0,0,36.173790,-86.770160,I 24,,,,0.00,,,,,,,48.20,N,Not at Intersection, ,Non-Junction,None,,,         ,Kenneth,Bray,Clear,"Sideswipe, Same Direction",no,no,no,no,no,False
101005095,METROPOLITAN NASHVILLE POLICE DEPT,20151028308,Davidson,Nashville,11/8/2015 2:30:00 AM,2,0,0,36.134080,-86.726760,I 24,,,,0.00,,,,,,,52.10,N,Not at Intersection,Y,Entrance/Exit Ramp Related,None,,,         ,Geoffrey,Daugherty,Clear,Front to Rear,no,no,no,no,yes,False
101005121,METROPOLITAN NASHVILLE POLICE DEPT,20151028397,Davidson,Nashville,11/8/2015 1:26:00 AM,1,0,0,36.056390,-86.642080,STATE HWY 254,,,,499.00,Feet,North,ZELIDA AVE,,,,0.00,N,Not at Intersection, ,Non-Junction,None,,,         ,David,Moser,Clear,Not Collision with Motor Vehicle in Transport,no,no,no,no,no,False
101005125,METROPOLITAN NASHVILLE POLICE DEPT,20151028355,Davidson,Nashville,11/8/2015 3:12:00 AM,2,2,0,36.112020,-86.745800,NOLENSVILLE PKE,,,,274.00,Feet,South,MCCLAIN AV,,,,0.00,N,Not at Intersection,N,Non-Junction,None,,,         ,Devon,Morgan,Clear,Front to Rear,no,no,no,no,no,False
101005134,METROPOLITAN NASHVILLE POLICE DEPT,20151028387,Davidson,Nashville,11/8/2015 3:25:00 AM,1,1,0,36.232510,-86.747260,US HWY 31E,,,,568.00,Feet,South,CONNECTING ROAD,,,,0.00,N,Not at Intersection,N,Non-Junction,None,,,         ,Robert,Erickson,Clear,Not Collision with Motor Vehicle in Transport,no,no,no,no,no,False
101005137,METROPOLITAN NASHVILLE POLICE DEPT,20151027920,Davidson,Nashville,11/7/2015 8:30:00 PM,2,0,0,36.149920,-86.769250,MCCANN ST,,,,146.00,Feet,West,3RD AVS,,,,0.00,N,Not at Intersection,N,Non-Junction,None,,,         ,Thomas,Burns,Clear,Rear to Rear,no,no,no,yes,no,False
101005146,METROPOLITAN NASHVILLE POLICE DEPT,20151027984,Davidson,Not in City Limit,11/7/2015 9:25:00 PM,2,0,0,36.262720,-86.712020,GALLATIN PKES,,,,0.00,,,,,,,0.00,,Not at Intersection, ,Non-Junction,None,,,         ,George,Ward,Clear,"Sideswipe, Same Direction",no,no,no,no,no,False
101005155,METROPOLITAN NASHVILLE POLICE DEPT,20151027926,Davidson,Nashville,11/7/2015 10:30:00 PM,2,0,0,36.155460,-86.784180,DEMONBREUN ST,,,,291.00,Feet,East,11TH AVS,,,,0.00,N,Not at Intersection,N,Non-Junction,None,,,         ,Brian,Smith,Clear,"Sideswipe, Same Direction",no,no,no,no,no,False
101005156,METROPOLITAN NASHVILLE POLICE DEPT,20151028175,Davidson,Nashville,11/8/2015 12:50:00 AM,2,0,0,36.154900,-86.786400,12TH AVS,,,,124.00,Feet,North,DEMONBREUN ST,,,,0.00,N,Not at Intersection, ,,None,,,         ,Brian,Smith,,,no,no,no,no,no,False
101005157,METROPOLITAN NASHVILLE POLICE DEPT,20151028145,Davidson,Nashville,11/8/2015 12:48:00 AM,2,0,0,36.147350,-86.785730,SOUTH ST,,,,0.00,,,12TH AVS,,,,0.00,Y,Four-Way, ,Intersection,None,,,         ,Jessica,Johnson,Clear,Front to Rear,no,no,no,no,no,False
101005179,METROPOLITAN NASHVILLE POLICE DEPT,20151026696,Davidson,Nashville,11/7/2015 11:10:00 AM,2,1,0,36.136600,-86.821880,WEST END AV,,,,16.00,Feet,South,I440 E ENT RAMP,,,,0.00,N,Not at Intersection,N,Non-Junction,None,,,         ,Brian,Myatt,Clear,Front to Rear,no,no,no,no,no,False
101005190,METROPOLITAN NASHVILLE POLICE DEPT,20151028656,Davidson,Nashville,11/8/2015 7:30:00 AM,2,0,0,36.074640,-86.638300,RURAL HILL RD,,,,118.00,Feet,East,MURFREESBORO PKE,,,,0.00,N,Not at Intersection,Y,Non-Junction,None,,,         ,Edward,Conrads,Clear,Front to Rear,no,no,no,no,no,False
101005197,METROPOLITAN NASHVILLE POLICE DEPT,2015-1028603,Davidson,Nashville,11/8/2015 6:37:00 AM,2,0,0,36.155040,-86.797520,18TH AVN,,,,0.00,,,CHURCH ST,,,,0.00,Y,Four-Way, ,,None,,,         ,Emily,Davies,,,no,no,no,no,no,False
101005199,METROPOLITAN NASHVILLE POLICE DEPT,20151028718,Davidson,Nashville,11/8/2015 7:45:00 AM,2,0,0,36.044920,-86.659680,RAMP,,,,0.00,,,I 24,,,,0.00,Y,T-Intersection, ,Non-Junction,None,,,         ,Ian,Hammond,Clear,Angle,no,no,no,no,no,False
101005212,METROPOLITAN NASHVILLE POLICE DEPT,20151028639,Davidson,Nashville,11/8/2015 7:25:00 AM,2,0,0,36.074470,-86.638610,US HWY 41,,,,0.00,,,RURAL HILL RD,,,,0.00,Y,Four-Way,N,Intersection,None,,,         ,Roderic,Williams,Clear,Angle,no,no,no,no,no,False
101005213,METROPOLITAN NASHVILLE POLICE DEPT,2015-1028610,Davidson,Nashville,11/8/2015 6:31:00 AM,1,0,0,36.077060,-86.671770,FRANKLIN LIMESTONE RD,,,,384.00,Feet,North,BILLINGSGATE RD,,,,0.00,N,Not at Intersection,N,Non-Junction,None,,,         ,Stanley,Collins,Clear,Not Collision with Motor Vehicle in Transport,no,no,no,no,yes,False
101005215,METROPOLITAN NASHVILLE POLICE DEPT,20151026830,Davidson,Madison,11/7/2015 1:00:00 PM,2,1,0,36.267180,-86.736710,I65 N ENT RAMP,,,,0.00,Feet,East,I 65,,,,0.00,N,Not at Intersection,N,Entrance/Exit Ramp Related,None,,,         ,Joshua,Borum,Clear,Front to Rear,no,no,no,no,no,False
101005221,METROPOLITAN NASHVILLE POLICE DEPT,20151028620,Davidson,Nashville,11/8/2015 7:00:00 AM,3,3,0,36.071870,-86.636180,MURFREESBORO PKE,,,,0.00,,,BELL RD,,,,0.00,Y,Four-Way,N,Intersection,None,,,         ,Brent,Hedgcoth,Clear,Front to Rear,no,no,no,no,no,False
101005228,VANDERBILT UNIVERSITY POLICE,15-1017373,Davidson,Nashville,11/4/2015 12:05:00 PM,4,0,0,36.108030,-86.764000,POWELL AV,,,,0.00,,,,,,,0.00,,,N,Non-Junction,None,,,         ,Donald,Clark,Cloudy,"Sideswipe, Opposite Direction",no,no,no,yes,no,OHO
101005231,METROPOLITAN NASHVILLE POLICE DEPT,20151028642,Davidson,Nashville,11/8/2015 12:00:00 AM,2,1,0,36.161580,-86.783890,CHURCH ST,,,,0.00,,,ROSA L PARKS AV,,,,0.00,Y,Four-Way,N,Intersection,None,,,         ,Adam,Gartner,Clear,Front to Rear,no,no,no,no,no,False
101005232,METROPOLITAN NASHVILLE POLICE DEPT,20151028855,Davidson,Nashville,11/8/2015 9:50:00 AM,2,0,0,36.162640,-86.840100,44TH AVN,,,,533.00,Feet,North,ALBION ST,,,,0.00,N,Not at Intersection, ,Non-Junction,None,,,         ,Brian,Myatt,Clear,Angle,no,no,no,no,no,False
101005234,METROPOLITAN NASHVILLE POLICE DEPT,20151028748,Davidson,Nashville,11/8/2015 6:30:00 AM,2,0,0,36.125860,-86.728290,I 24,,,,0.00,,,,,,,51.45,N,Not at Intersection,N,Non-Junction,None,,,         ,James,Thomas,Clear,"Sideswipe, Same Direction",no,no,no,no,yes,False
101005241,METROPOLITAN NASHVILLE POLICE DEPT,20151028937,Davidson,Nashville,11/8/2015 10:39:00 AM,2,0,0,36.082100,-86.761700,HARDING PL,,,,0.00,,,SIDCO DR,,,,0.00,Y,Four-Way, ,Intersection,None,,,         ,James,Smith,Clear,Front to Rear,no,no,no,no,no,False
101005271,METROPOLITAN NASHVILLE POLICE DEPT,20151026877,Davidson,Nashville,11/7/2015 1:46:00 PM,2,2,0,36.045300,-86.701680,BELL RD,,,,0.00,,,OLD HICKORY BLVD,,,,0.00,Y,Four-Way,N,Intersection,None,,,         ,David,Simmonds,Clear,Angle,no,no,no,no,no,False
101005283,METROPOLITAN NASHVILLE POLICE DEPT,20151029101,Davidson,Nashville,11/8/2015 12:20:00 PM,1,0,0,36.239310,-86.776780,BRILEY PKWYW,,,,290.00,Feet,North,DOVERSIDE DR,,,,0.00,N,Not at Intersection, ,Non-Junction,None,,,         ,Joshua,Borum,Clear,Not Collision with Motor Vehicle in Transport,no,no,no,no,no,False
101005290,METROPOLITAN NASHVILLE POLICE DEPT,20151029050,Davidson,Nashville,11/8/2015 12:10:00 PM,1,1,0,36.169470,-86.806620,DR D B TODD JR BLVD,,,,0.00,Feet,,JEFFERSON ST,,,,0.00,Y,Four-Way,N,Intersection-Related,None,,,         ,Ky,Luu,Clear,Not Collision with Motor Vehicle in Transport,yes,no,no,no,no,False
101005291,METROPOLITAN NASHVILLE POLICE DEPT,20151028991,Davidson,Nashville,11/8/2015 11:34:00 AM,2,1,0,36.115130,-86.862090,DAVIDSON RD,,,,210.00,Feet,East,POST RD,,,,0.00,N,Not at Intersection,N,Non-Junction,None,,,         ,Jack,Crouch,Clear,Front to Rear,no,no,no,no,no,False
101005292,METROPOLITAN NASHVILLE POLICE DEPT,20151028999,Davidson,Nashville,11/8/2015 11:30:00 AM,2,0,0,36.161750,-86.760530,I 24,,,,0.00,,,,,,,49.35,N,Not at Intersection, ,Non-Junction,None,,,         ,Jared,Eaves,Clear,"Sideswipe, Same Direction",no,no,no,no,no,False
101005295,METROPOLITAN NASHVILLE POLICE DEPT,2015-1020381,Davidson,Nashville,11/5/2015 8:30:00 AM,2,1,0,36.154620,-86.801720,20TH AVN,,,,107.00,Feet,North,STATE ST,,,,0.00,N,Not at Intersection,N,Non-Junction,None,,,         ,David,Barras,Cloudy,Rear to Rear,no,no,no,yes,no,False
101005296,METROPOLITAN NASHVILLE POLICE DEPT,20151029101,Davidson,Nashville,11/8/2015 12:20:00 PM,1,0,0,36.239310,-86.776780,BRILEY PKWYW,,,,290.00,Feet,North,DOVERSIDE DR,,,,0.00,N,Not at Intersection, ,Non-Junction,None,,,         ,Joshua,Borum,Clear,Not Collision with Motor Vehicle in Transport,no,no,no,no,no,False
101005300,METROPOLITAN NASHVILLE POLICE DEPT,20151029106,Davidson,Nashville,11/8/2015 1:29:00 PM,2,0,0,36.033520,-86.712980,BARNES RD,,,,0.00,,,NOLENSVILLE PKE,,,,0.00,Y,Four-Way, ,Intersection,None,,,         ,Steven,Snitzer,Clear,Front to Rear,no,no,no,no,no,False
101005302,METROPOLITAN NASHVILLE POLICE DEPT,20151029019,Davidson,Nashville,11/8/2015 11:49:00 AM,2,0,0,36.117180,-86.702570,BRILEY PKWY S ENT RAMP,,,,0.00,,,BRILEY PKWYS,,,,0.00,Y,OTHER, ,,None,,,         ,David,Simmonds,,,no,no,no,no,no,False
101005306,METROPOLITAN NASHVILLE POLICE DEPT,20151029055,Davidson,Nashville,11/8/2015 12:16:00 PM,3,0,0,36.091770,-86.651600,MURFREESBORO PKE,,,,211.00,Feet,North,BRITISH WOODS DR,,,,0.00,N,Not at Intersection,N,Non-Junction,None,,,         ,Megan,Arnett,Clear,"Sideswipe, Same Direction",no,no,no,no,yes,False
101005312,METROPOLITAN NASHVILLE POLICE DEPT,2015-1020499,Davidson,Nashville,11/8/2015 9:50:00 AM,2,0,0,36.126270,-86.804700,21ST AVS,,,,61.00,Feet,South,WESTWOOD AV,,,,0.00,N,Not at Intersection, ,,None,,,         ,David,Barras,,,no,no,no,no,no,False
101005313,METROPOLITAN NASHVILLE POLICE DEPT,2015-1029079,Davidson,Nashville,11/8/2015 11:15:00 AM,2,0,0,36.045730,-86.674350,STATE HWY 254,,,,0.00,,,BLUE HOLE RD,,,,0.00,Y,Four-Way,N,Intersection,None,,,         ,Stanley,Collins,Clear,Other,no,no,no,no,yes,False
101005316,METROPOLITAN NASHVILLE POLICE DEPT,20151023137,Davidson,Nashville,11/6/2015 7:40:00 AM,2,0,0,36.111450,-86.671070,DONELSON PKE,,,,650.00,Feet,North,KNAPP BLVD,,,,0.00,N,Not at Intersection,N,Non-Junction,None,,,         ,Terry,Denton,Rain,Front to Rear,no,no,no,no,no,False
101005321,METROPOLITAN NASHVILLE POLICE DEPT,15-1028901,Davidson,Nashville,11/8/2015 10:25:00 AM,2,0,0,36.158330,-86.783400,BROADWAY,,,,0.00,,,9TH AVS,,,,0.00,Y,T-Intersection,N,Non-Junction,None,,,         ,Dale,Tomlin,Clear,Angle,no,no,no,no,no,False
101005331,METROPOLITAN NASHVILLE POLICE DEPT,20151027650,Davidson,Nashville,11/7/2015 8:31:00 PM,2,0,0,36.134300,-86.776360,RAMP,,,,0.00,,,WEDGEWOOD AVE,,,,0.00,Y,Four-Way, ,Entrance/Exit Ramp Related,None,,,         ,Brenton,Adcox,Clear,Front to Rear,no,no,no,no,no,False
101005355,METROPOLITAN NASHVILLE POLICE DEPT,20151011228,Davidson,Nashville,11/2/2015 5:30:00 PM,2,0,0,36.072130,-86.732890,WHISPERING HILLS DR,,,,0.00,,,EDMONDSON PKE,,,,0.00,Y,Four-Way, ,Intersection,None,,,         ,Miguel,Garcia,Clear,Angle,no,no,no,no,no,False
101005363,METROPOLITAN NASHVILLE POLICE DEPT,20151029230,Davidson,Nashville,11/8/2015 2:34:00 PM,2,0,0,36.096860,-86.738030,NOLENSVILLE PKE,,,,281.00,Feet,North,ALLIED DR,,,,0.00,N,Not at Intersection,N,Non-Junction,None,,,         ,Jacob,Masteller,Clear,HeadOn,no,no,no,no,no,False
101005369,METROPOLITAN NASHVILLE POLICE DEPT,20151029254,Davidson,Not in City Limit,11/8/2015 2:30:00 PM,1,0,0,36.138930,-86.939890,RIVER ROAD PKE,,,,823.00,Feet,West,OLD RIVER RD,,,,0.00,N,Not at Intersection,N,Non-Junction,None,,,         ,Douglas,Sykes,Clear,Not Collision with Motor Vehicle in Transport,no,no,no,no,no,False
101005377,METROPOLITAN NASHVILLE POLICE DEPT,20151029330,Davidson,Nashville,11/8/2015 2:50:00 PM,1,0,0,36.159500,-86.614410,BELL RD,,,,0.00,,,,,,,0.00,,,N,Non-Junction,None,,,         ,Codey,Mullins,Cloudy,Not Collision with Motor Vehicle in Transport,no,no,no,yes,no,False
101005380,METROPOLITAN NASHVILLE POLICE DEPT,20151029331,Davidson,Not in City Limit,11/8/2015 3:44:00 PM,2,0,0,36.263460,-86.711780,GALLATIN PKEN,,,,150.00,Feet,North,STATE RT 45,,,,0.00,N,Not at Intersection,N,Non-Junction,None,,,         ,Ryan,Allen,Cloudy,"Sideswipe, Same Direction",no,no,no,no,no,False
101005385,METROPOLITAN NASHVILLE POLICE DEPT,2015-1029369,Davidson,Bellevue,11/8/2015 4:05:00 PM,2,1,0,36.068160,-86.949350,SAWYER BROWN RD,,,,0.00,,,GENERAL GEORGE PATTON RD,,,,0.00,Y,Four-Way,N,Non-Junction,None,,,         ,Michael,Rogers,Cloudy,Front to Rear,no,no,no,no,no,False
101005386,METROPOLITAN NASHVILLE POLICE DEPT,20151021584,Davidson,Nashville,11/5/2015 6:15:00 PM,2,1,0,36.140310,-86.829200,MURPHY RD,,,,0.00,,,37TH AVN,,,,0.00,Y,T-Intersection,N,Non-Junction,None,,,         ,Alex,Lampley,Clear,Front to Rear,no,no,no,no,no,False
101005387,METROPOLITAN NASHVILLE POLICE DEPT,20151029250,Davidson,Nashville,11/8/2015 2:58:00 PM,2,1,0,36.168720,-86.766260,I 24,,,,0.00,,,,,,,48.80,N,Not at Intersection,N,Non-Junction,None,,,         ,Mikala,Moore,Clear,Front to Rear,no,no,no,no,no,False
101005391,METROPOLITAN NASHVILLE POLICE DEPT,20151029422,Davidson,Nashville,11/8/2015 4:38:00 PM,1,1,0,36.077440,-86.634650,BELL RD,,,,318.00,Feet,North,DAVENPORT DR,,,,0.00,N,Not at Intersection,N,Non-Junction,None,,,         ,Colby,Mathis,Clear,Not Collision with Motor Vehicle in Transport,no,no,no,no,no,False
101005400,METROPOLITAN NASHVILLE POLICE DEPT,20151029458,Davidson,Nashville,11/8/2015 5:00:00 PM,1,1,0,36.159560,-86.774640,3RD AVS,,,,0.00,,,DEMONBREUN ST,,,,0.00,Y,Four-Way,N,Intersection,None,,,         ,Benjamin,Smith,Clear,Not Collision with Motor Vehicle in Transport,no,yes,no,no,no,False
101005401,METROPOLITAN NASHVILLE POLICE DEPT,20151029452,Davidson,Nashville,11/8/2015 4:55:00 PM,2,1,0,36.186130,-86.798240,-- UNKNOWN RAMP/ROAD --,,,,103.00,Feet,South,I 65,,,,0.00,N,Not at Intersection,N,Entrance/Exit Ramp Related,None,,,         ,Christopher,Littles,Cloudy,Front to Rear,no,no,no,no,no,False
101005410,METROPOLITAN NASHVILLE POLICE DEPT,20151027694,Davidson,Nashville,11/7/2015 8:48:00 PM,2,1,0,36.059030,-86.716340,US HWY 31 ALT,,,,0.00,,,TUSCULUM RD,,,,0.00,Y,Four-Way,N,Intersection-Related,None,,,         ,Royce,McLester,Cloudy,HeadOn,no,no,no,no,yes,False
101005417,Bicentennial Capitol Mall State Park,72110115JR01,Davidson,Nashville,11/2/2015 6:14:00 PM,2,0,0,36.168570,-86.785260,6TH AVE N,,,,0.00,,,US HWY 31,,,,0.00,Y,T-Intersection, ,,None,,,         ,Justin,Rexrode,,,no,no,no,no,no,False
101005423,METROPOLITAN NASHVILLE POLICE DEPT,20151029502,Davidson,Nashville,11/8/2015 12:00:00 AM,2,0,0,36.181800,-86.641570,JACKSON DOWNS BLVD,,,,0.00,Feet,,LEBANON PKE,,,,0.00,Y,Four-Way,N,Intersection,None,,,         ,Austin,Childress,Clear,Angle,no,no,no,no,no,False
101005425,METROPOLITAN NASHVILLE POLICE DEPT,20151029520,Davidson,Nashville,11/8/2015 5:30:00 PM,2,1,0,36.051510,-86.714360,NOLENSVILLE PKE,,,,0.00,,,OCALA DR,,,,0.00,Y,Four-Way,N,Intersection,None,,,         ,Peter,Knisley,Clear,Front to Rear,no,no,no,no,no,False
101005427,BERRY HILL POLICE DEPT,15-4439,Davidson,Berry Hill,11/6/2015 3:09:00 PM,2,0,0,36.126660,-86.774320,CRAIGHEAD ST,,,,0.00,,,WHITE AV,,,,0.00,Y,T-Intersection, ,Intersection,None,,,         ,Roy,Morris,Cloudy,"Sideswipe, Same Direction",no,no,no,no,no,False
101005430,METROPOLITAN NASHVILLE POLICE DEPT,20151029719,Davidson,Nashville,11/8/2015 12:00:00 AM,2,2,0,36.147760,-86.666320,DONELSON PKE,,,,380.00,Feet,South,ELM HILL PKE,,,,0.00,N,Not at Intersection,N,Non-Junction,None,,,         ,Austin,Childress,Clear,Front to Rear,no,no,no,no,no,False
101005434,METROPOLITAN NASHVILLE POLICE DEPT,20151029390,Davidson,Nashville,11/8/2015 3:52:00 PM,3,0,0,36.209200,-86.775960,I65 N ENT RAMP,,,,0.00,,,I 65,,,,0.00,Y,OTHER, ,Entrance/Exit Ramp Related,Construction Zone,,,         ,Paul,Stein,Clear,Front to Rear,no,no,no,no,no,False
101005436,METROPOLITAN NASHVILLE POLICE DEPT,20151029655,Davidson,Nashville,11/8/2015 6:22:00 PM,1,0,0,36.209480,-86.776100,I 65,,,,0.00,,,,,,,87.55,N,Not at Intersection, ,Non-Junction,Work Zone,,,         ,Victor,Alexander,Clear,Not Collision with Motor Vehicle in Transport,no,no,no,no,no,False
101005443,METROPOLITAN NASHVILLE POLICE DEPT,20151029797,Davidson,Nashville,11/8/2015 7:51:00 PM,2,0,0,36.149690,-86.779180,8TH AVS,,,,0.00,,,DIVISION ST,,,,0.00,Y,Four-Way, ,Non-Junction,None,,,         ,Blaze,Williams,Clear,"Sideswipe, Same Direction",no,no,no,no,no,False
101005444,METROPOLITAN NASHVILLE POLICE DEPT,20151029651,Davidson,Not in City Limit,11/8/2015 6:10:00 PM,2,0,0,36.260950,-86.727670,E MARTHONA RD,,,,1178.00,Feet,South,OLD HICKORY BLVDW,,,,0.00,N,Not at Intersection,N,Non-Junction,None,,,         ,Landon,Bagwell,Cloudy,Unknown,no,no,no,no,yes,False
101005445,METROPOLITAN NASHVILLE POLICE DEPT,20151029579,Davidson,Nashville,11/8/2015 6:16:00 PM,3,0,0,36.184310,-86.754520,W EASTLAND AV,,,,0.00,,,MCFERRIN AV,,,,0.00,Y,Four-Way, ,Intersection,None,,,         ,Rachael,Sacco,Clear,Angle,no,no,no,no,no,False
101005449,METROPOLITAN NASHVILLE POLICE DEPT,20151029818,Davidson,Nashville,11/8/2015 7:40:00 PM,2,0,0,36.083970,-86.761800,SIDCO DR,,,,0.00,,,,,,,0.00,,,N,Non-Junction,None,,,         ,Nicholas,Smith,Clear,"Sideswipe, Opposite Direction",no,no,no,yes,yes,False
101005453,METROPOLITAN NASHVILLE POLICE DEPT,2015-1029760,Davidson,Nashville,11/8/2015 7:34:00 PM,1,0,0,36.099590,-86.957320,CHARLOTTE PKE,,,,163.00,Feet,East,CHARLOTTE PKE PVTDR,,,,0.00,N,Not at Intersection,N,Non-Junction,None,,,         ,Michael,Rogers,Clear,Not Collision with Motor Vehicle in Transport,no,no,no,no,no,False
101005455,METROPOLITAN NASHVILLE POLICE DEPT,20151029652,Davidson,Nashville,11/8/2015 6:40:00 PM,1,1,0,36.229380,-86.759280,BROADMOOR DR,,,,0.00,,,DICKERSON PKE,,,,0.00,Y,OTHER,N,Non-Junction,None,,,         ,Paul,Stein,Clear,Not Collision with Motor Vehicle in Transport,yes,no,no,yes,yes,False
101005462,GOODLETTSVILLE POLICE DEPT,15-41555,Davidson,Goodlettsville,11/8/2015 7:38:00 PM,1,0,0,36.307240,-86.695700,VIETNAM VETERANS BLVDS,,,,287.00,Feet,West,CONFERENCE DR,,,,0.00,N,Not at Intersection,N,Non-Junction,None,,,         ,Hannah,Poole,Clear,Not Collision with Motor Vehicle in Transport,no,no,no,no,no,False
101005474,METROPOLITAN NASHVILLE POLICE DEPT,20151029814,Davidson,Nashville,11/8/2015 7:00:00 PM,2,1,0,36.085370,-86.702230,I24 E EXT RAMP,,,,0.00,Feet,East,I 24,,,,0.00,N,Not at Intersection,Y,Entrance/Exit Ramp Related,None,,,         ,Jacob,Masteller,Clear,Front to Rear,no,no,no,no,no,False
101005475,METROPOLITAN NASHVILLE POLICE DEPT,20151029881,Davidson,Nashville,11/8/2015 8:35:00 PM,2,0,0,36.047300,-86.862740,OLD HICKORY BLVD,,,,0.00,,,HILLSBORO PKE,,,,0.00,Y,Four-Way,Y,Intersection,None,,,         ,Miguel,Garcia,Clear,Angle,no,no,no,no,no,False
101005495,METROPOLITAN NASHVILLE POLICE DEPT,20151029858,Davidson,Nashville,11/8/2015 8:20:00 PM,2,0,0,36.158290,-86.771890,HERMITAGE AV,,,,0.00,,,KOREAN VETERANS BLVD,,,,0.00,Y,Four-Way,N,Intersection-Related,None,,,         ,Benjamin,Smith,Clear,Front to Rear,no,no,no,no,yes,False
101005496,METROPOLITAN NASHVILLE POLICE DEPT,20151029504,Davidson,Nashville,11/8/2015 5:22:00 PM,2,5,0,36.129530,-86.727530,I24E,,,,211.00,Feet,North,I440 W ENT RAMP,,,,0.00,N,Not at Intersection,N,Non-Junction,None,,,         ,Michael,Moss,Clear,Front to Rear,no,no,no,no,no,False