master_record_number,agency,agency_tracking_number,county,city,collision_date,vehicles_involved,number_injured,number_dead,latitude,longitude,roadway_name,roadway_suffix,roadway_number,roadway_local_id,distance_from_reference,miles-feet_indicator,direction_from_reference,intersection_road_name,intersection_road_name_suffix,intersection_road_number,intersection_local_id,mile_marker,intersection_indicator,intersect_type,interchange_related_indicator,relation_to_junction,work_zone_type,construction_maintenance_zone,construction_maintenance_zone_location,fatal_case_number,officer_first_name,officer_last_name,weather_condition(s),manner_of_crash,pedestrian,bicycle,scooter,parking,hitrun,mou
101006859,METROPOLITAN NASHVILLE POLICE DEPT,20151035918,Davidson,Nashville,11/10/2015 6:09:00 PM,2,0,0,36.165860,-86.781910,5TH AVN,,,,0.00,,,CHARLOTTE AV,,,,0.00,Y,Four-Way,N,Intersection,None,,,         ,Jeffrey,Livingston,Clear,Angle,no,no,no,no,no,False
101006864,VANDERBILT UNIVERSITY POLICE,15-1036152,Davidson,Nashville,11/10/2015 6:40:00 PM,1,0,0,36.147370,-86.799390,21ST AVS,,,,0.00,,,GRAND AV,,,,0.00,Y,T-Intersection, ,,None,,,         ,Donald,Dennis,,,no,no,no,no,no,Campus
101006866,BERRY HILL POLICE DEPT,15-4496,Davidson,Nashville,11/10/2015 4:56:00 PM,2,0,0,36.109240,-86.773210,FRANKLIN PKE NB ENT RAMP,,,,0.00,,,FRANKLIN PKE,,,,0.00,Y,OTHER, ,Non-Junction,None,,,         ,Greg,Colson,Clear,Other,no,no,no,no,no,False
101006870,METROPOLITAN NASHVILLE POLICE DEPT,20151035898,Davidson,Nashville,11/10/2015 5:57:00 PM,2,0,0,36.073910,-86.926270,HIGHWAY 70S,,,,0.00,,,HICKS RD,,,,0.00,Y,Four-Way,N,Intersection-Related,None,,,         ,Trent,Craig,Clear,Angle,no,no,no,no,no,False
101006874,METROPOLITAN NASHVILLE POLICE DEPT,20151035986,Davidson,Nashville,11/10/2015 12:00:00 AM,1,1,0,36.100090,-86.661660,MURFREESBORO PKE,,,,818.00,Feet,East,OLD MURFREESBORO PKE,,,,0.00,N,Not at Intersection,N,Non-Junction,None,,,         ,Paul,Goebel,Clear,Not Collision with Motor Vehicle in Transport,yes,no,no,no,yes,False
101006882,METROPOLITAN NASHVILLE POLICE DEPT,20151036139,Davidson,Nashville,11/10/2015 7:37:00 PM,2,0,0,36.044890,-86.659940,BELL RD,,,,58.00,Feet,West,I24 E EXT RAMP,,,,0.00,N,Not at Intersection, ,Entrance/Exit Ramp Related,None,,,         ,Jessie,Meadows,Clear,"Sideswipe, Same Direction",no,no,no,no,no,False
101006888,METROPOLITAN NASHVILLE POLICE DEPT,2015-1036124,Davidson,Nashville,11/10/2015 3:53:00 PM,3,0,0,36.229590,-86.757470,BROADMOOR DR,,,,350.00,Feet,West,HILLSIDE RD,,,,0.00,N,Not at Intersection, ,Non-Junction,None,,,         ,Anthony,Cavis,Clear,Front to Rear,no,no,no,no,no,False
101006889,METROPOLITAN NASHVILLE POLICE DEPT,20151035639,Davidson,Nashville,11/10/2015 4:58:00 PM,2,0,0,36.087880,-86.691170,HARDING PL,,,,347.00,Feet,East,ANTIOCH PKE,,,,0.00,N,Not at Intersection, ,Non-Junction,None,,,         ,William,Durham,Clear,"Sideswipe, Same Direction",no,no,no,no,no,False
101006890,METROPOLITAN NASHVILLE POLICE DEPT,20151036008,Davidson,Nashville,11/10/2015 6:29:00 PM,2,0,0,36.044890,-86.667720,BELL RD,,,,181.00,Feet,West,CEDAR POINTE PKWY,,,,0.00,N,Not at Intersection, ,Non-Junction,None,,,         ,William,Durham,Clear,Front to Rear,no,no,no,no,no,False
101006897,METROPOLITAN NASHVILLE POLICE DEPT,2015-1036212,Davidson,Nashville,11/10/2015 7:52:00 PM,2,0,0,36.041240,-86.778420,OLD HICKORY BLVD,,,,300.00,Feet,East,FRANKLIN PIKE CIR,,,,0.00,N,Not at Intersection, ,Non-Junction,None,,,         ,William,King,Clear,Front to Rear,no,no,no,no,no,False
101006932,BELLE MEADE POLICE DEPT,15-0289,Davidson,Belle Meade,11/10/2015 6:49:00 PM,2,0,0,36.103760,-86.845080,HOBBS RD,,,,0.00,,,LYNNWOOD BLVD,,,,0.00,Y,Four-Way,N,Intersection-Related,None,,,         ,David,Wright,Clear,Front to Rear,no,no,no,no,no,False
101006935,METROPOLITAN NASHVILLE POLICE DEPT,20151035885,Davidson,Nashville,11/10/2015 5:35:00 PM,2,1,0,36.079520,-86.714490,WALLACE RD,,,,0.00,,,HUMBER DR,,,,0.00,Y,Four-Way,N,Non-Junction,None,,,         ,Matthew,Johnson,Clear,Angle,no,no,no,no,no,False
101006937,METROPOLITAN NASHVILLE POLICE DEPT,20151033061,Davidson,Nashville,11/9/2015 10:20:00 PM,2,0,0,36.150340,-86.795980,19TH AVE S,,,,6.00,Feet,North,DIVISION ST,,,,0.00,N,Not at Intersection,N,Non-Junction,None,,,         ,Eric,Harvey,Clear,Angle,no,no,no,no,yes,False
101006938,METROPOLITAN NASHVILLE POLICE DEPT,20151035721,Davidson,Nashville,11/10/2015 5:00:00 PM,2,0,0,36.134430,-86.800560,MAGNOLIA BLVD,,,,0.00,,,RAMP,,,,0.00,Y,T-Intersection, ,Non-Junction,None,,,         ,Eric,Harvey,Clear,Front to Rear,no,no,no,no,no,False
101006958,METROPOLITAN NASHVILLE POLICE DEPT,20151032881,Davidson,Nashville,11/9/2015 9:00:00 PM,2,3,0,36.086550,-86.730840,ELYSIAN FIELDS RD,,,,276.00,Feet,West,NOLENSVILLE PKE,,,,0.00,N,Not at Intersection,N,"Driveway, Alley Access, etc",None,,,         ,Royce,McLester,Rain,HeadOn,no,no,no,yes,no,False
101006963,METROPOLITAN NASHVILLE POLICE DEPT,20151035411,Davidson,Nashville,11/10/2015 3:47:00 PM,2,1,0,36.187990,-86.821560,CLARKSVILLE PKE,,,,0.00,,,ROSA L PARKS BLVD,,,,0.00,Y,Four-Way,Y,Intersection,None,,,         ,Michael,Brooks,Clear,Angle,no,no,no,no,yes,False
101006964,METROPOLITAN NASHVILLE POLICE DEPT,20151035803,Davidson,Nashville,11/10/2015 5:41:00 PM,3,1,0,36.171700,-86.803420,I 40,,,,0.00,,,,,,,207.70,N,Not at Intersection,N,Non-Junction,None,,,         ,Michael,Brooks,Clear,Front to Rear,no,no,no,no,no,False
101006965,METROPOLITAN NASHVILLE POLICE DEPT,20151035996,Davidson,Nashville,11/10/2015 6:40:00 PM,2,0,0,36.167090,-86.801350,16TH AVN,,,,97.00,Feet,South,JACKSON ST,,,,0.00,N,Not at Intersection,N,Non-Junction,None,,,         ,Michael,Brooks,Clear,Other,no,no,no,no,no,False
101006966,METROPOLITAN NASHVILLE POLICE DEPT,20151036488,Davidson,Nashville,11/10/2015 9:29:00 PM,1,0,0,36.186320,-86.796620,I65 S EXT RAMP,,,,0.00,,,I 65,,,,0.00,Y,OTHER,Y,Entrance/Exit Ramp Related,None,,,         ,Michael,Brooks,Clear,Not Collision with Motor Vehicle in Transport,no,no,no,no,yes,False
101006968,METROPOLITAN NASHVILLE POLICE DEPT,20151035884,Davidson,Not in City Limit,11/10/2015 6:00:00 PM,2,0,0,36.282480,-86.877370,CLARKSVILLE PKE,,,,346.00,Feet,South,CANTARUTTI RD,,,,0.00,N,Not at Intersection,N,Non-Junction,None,,,         ,Christopher,Kelly,Clear,Front to Rear,no,no,no,no,no,False
101006971,METROPOLITAN NASHVILLE POLICE DEPT,20151032256,Davidson,Nashville,11/9/2015 6:23:00 PM,2,0,0,36.082730,-86.710290,HARDING PL,,,,65.00,Feet,East,TAMPA DR,,,,0.00,N,Not at Intersection, ,Non-Junction,None,,,         ,Jared,Jenkins,Rain,"Sideswipe, Same Direction",no,no,no,no,no,False
101006979,METROPOLITAN NASHVILLE POLICE DEPT,20151019794,Davidson,Nashville,11/5/2015 3:55:00 AM,1,0,0,36.111300,-86.922900,I 40,,,,0.00,,,,,,,199.30,N,Not at Intersection,N,Non-Junction,None,,,         ,Ryan,McManman,Clear,Not Collision with Motor Vehicle in Transport,no,no,no,no,no,False
101006986,METROPOLITAN NASHVILLE POLICE DEPT,20151033942,Davidson,Nashville,11/10/2015 6:00:00 AM,2,0,0,36.119880,-86.726560,I 24,,,,0.00,,,,,,,52.90,N,Not at Intersection,N,Non-Junction,None,,,         ,James,Jensen,Clear,Front to Rear,no,no,no,no,no,False
101006996,METROPOLITAN NASHVILLE POLICE DEPT,20151033883,Davidson,Nashville,11/10/2015 5:33:00 AM,2,2,0,36.143770,-86.730200,ELM HILL PIKE,,,,66.00,Feet,East,ARLINGTON AVE,,,,0.00,N,Not at Intersection,Y,Entrance/Exit Ramp Related,None,,,         ,Nakia,Reid,Clear,Front to Rear,no,no,no,no,no,False
101007002,METROPOLITAN NASHVILLE POLICE DEPT,20151036744,Davidson,Nashville,11/10/2015 11:30:00 PM,3,0,0,36.129590,-86.780210,ELLIOTT AV,,,,376.00,Feet,North,GLEN AV,,,,0.00,N,Not at Intersection,N,Non-Junction,None,,,         ,Devon,Morgan,Clear,HeadOn,no,no,no,no,no,False
101007012,METROPOLITAN NASHVILLE POLICE DEPT,20151036661,Davidson,Nashville,11/10/2015 10:45:00 PM,4,1,0,36.180140,-86.812830,BUCHANAN ST,,,,89.00,Feet,East,22ND AVN,,,,0.00,N,Not at Intersection,N,Non-Junction,None,,,         ,James,Jarvis,Clear,Front to Rear,no,no,no,no,no,False
101007029,METROPOLITAN NASHVILLE POLICE DEPT,20151036656,Davidson,Nashville,11/10/2015 10:44:00 PM,2,1,0,0.000000,0.000000,ROBINSON RD,,,,5.00,Feet,West,,,I,,5.00,N,Not at Intersection,N,Non-Junction,None,,,         ,Roy,McElwee,Clear,Front to Rear,no,no,no,no,yes,False
101007061,METROPOLITAN NASHVILLE POLICE DEPT,20151037214,Davidson,Nashville,11/11/2015 3:00:00 AM,1,0,0,36.041350,-86.782490,I 65,,,,0.00,,,,,,,74.75,N,Not at Intersection, ,Non-Junction,None,,,         ,Gilbert,Mana,Clear,Not Collision with Motor Vehicle in Transport,no,no,no,no,no,False
101007065,METROPOLITAN NASHVILLE POLICE DEPT,2015-1037229,Davidson,Nashville,11/11/2015 3:10:00 AM,1,0,0,36.044940,-86.779570,I 65,,,,0.00,,,,,,,75.05,N,Not at Intersection,N,Non-Junction,None,,,         ,Alan,Digruttolo,Clear,Not Collision with Motor Vehicle in Transport,no,no,no,no,no,False
101007069,METROPOLITAN NASHVILLE POLICE DEPT,20151037378,Davidson,Antioch,11/11/2015 4:55:00 AM,2,0,0,36.064020,-86.591600,HOBSON PIKE,PIKE,,,0.40,Miles,South,HOBSON PIKE,PIKE,US171,,0.00,N,Not at Intersection,N,Non-Junction,None,,,         ,Benjamin,Froehlich,Clear,Not Collision with Motor Vehicle in Transport,no,no,no,no,no,False
101007071,METROPOLITAN NASHVILLE POLICE DEPT,20151036751,Davidson,Nashville,11/10/2015 11:37:00 PM,2,0,0,0.000000,0.000000,BROADWAY,,,,20.00,Feet,West,14TH,AVE,,,0.00,N,Not at Intersection, ,,None,,,         ,Eric,Petlewski,,,no,no,no,no,no,False
101007077,METROPOLITAN NASHVILLE POLICE DEPT,20151037318,Davidson,Nashville,11/11/2015 12:00:00 AM,1,0,0,36.234940,-86.710550,PENNINGTON BEND RD,,,,0.00,,,MUSIC VALLEY DR,,,,0.00,Y,T-Intersection,N,Non-Junction,None,,,         ,Gregory,Dixon,Clear,Not Collision with Motor Vehicle in Transport,no,no,no,no,yes,False
101007109,METROPOLITAN NASHVILLE POLICE DEPT,20151037579,Davidson,Nashville,11/11/2015 7:30:00 AM,2,0,0,36.187950,-86.607770,OLD LEBANON DIRT RD,,,,0.00,,,ANDREW JACKSON PKWY,,,,0.00,Y,Four-Way, ,,None,,,         ,Edward,Conrads,,,no,no,no,no,no,False
101007110,METROPOLITAN NASHVILLE POLICE DEPT,2015-1037598,Davidson,Nashville,11/11/2015 7:22:00 AM,2,0,0,36.162810,-86.854420,55TH AVN,,,,68.00,Feet,South,PENNSYLVANIA AV,,,,0.00,N,Not at Intersection, ,Non-Junction,None,,,         ,Curtis,Rich,Clear,Angle,no,no,no,no,no,False
101007122,METROPOLITAN NASHVILLE POLICE DEPT,2015-1037660,Davidson,Nashville,11/11/2015 8:10:00 AM,2,0,0,36.153870,-86.881610,ANNEX AV,,,,95.00,Feet,South,HENRY FORD DR,,,,0.00,N,Not at Intersection, ,Non-Junction,None,,,         ,Curtis,Rich,Clear,Front to Rear,no,no,no,yes,yes,False
101007128,METROPOLITAN NASHVILLE POLICE DEPT,20151037629,Davidson,Nashville,11/11/2015 7:50:00 AM,2,0,0,36.089120,-86.702320,I 24,,,,0.00,,,,,,,55.45,N,Not at Intersection, ,Non-Junction,None,,,         ,Roderic,Williams,Clear,Front to Rear,no,no,no,no,no,False
101007130,METROPOLITAN NASHVILLE POLICE DEPT,20151035141,Davidson,Nashville,11/10/2015 2:27:00 PM,2,0,0,36.195380,-86.723370,PORTER RD,,,,0.00,,,RIVERSIDE DR,,,,0.00,Y,Four-Way,N,Intersection,None,,,         ,Michael,Phelps,Clear,Front to Rear,no,no,no,no,no,False
101007134,METROPOLITAN NASHVILLE POLICE DEPT,20151034499,Davidson,Nashville,11/10/2015 10:30:00 AM,2,0,0,36.142960,-86.736360,I 40,,,,0.00,,,,,,,212.70,N,Not at Intersection, ,,None,,,         ,Jason,Smith,,,no,no,no,no,no,False
101007142,METROPOLITAN NASHVILLE POLICE DEPT,2015-1037689,Davidson,Nashville,11/11/2015 8:15:00 AM,2,0,0,36.115020,-86.810720,HILLSBORO PKE,,,,283.00,Feet,South,HAMPTON PL,,,,0.00,N,Not at Intersection, ,,None,,,         ,Paul,Junkmann,,,no,no,no,no,no,False
101007143,METROPOLITAN NASHVILLE POLICE DEPT,20151037766,Davidson,Nashville,11/11/2015 8:49:00 AM,2,0,0,36.058010,-86.773460,I 65,,,,0.00,,,,,,,75.10,N,Not at Intersection,N,Non-Junction,None,,,         ,Nathan,Kemp,Clear,"Sideswipe, Same Direction",no,no,no,no,no,False
101007157,METROPOLITAN NASHVILLE POLICE DEPT,20151037783,Davidson,Nashville,11/11/2015 9:08:00 AM,1,0,0,36.173570,-86.760330,WOODLAND ST,,,,0.00,,,S 7TH ST,,,,0.00,Y,T-Intersection, ,Intersection,None,,,         ,Jared,Eaves,Clear,Not Collision with Motor Vehicle in Transport,no,no,no,no,no,False
101007161,METROPOLITAN NASHVILLE POLICE DEPT,20151034410,Davidson,Not in City Limit,11/10/2015 7:45:00 AM,2,0,0,35.996870,-86.689890,CONCORD RD,,,,0.00,,,NOLENSVILLE PKE,,,,0.00,Y,Four-Way,N,Intersection-Related,None,,,         ,Scott,Carter,Clear,Other,no,no,no,no,yes,False
101007168,METROPOLITAN NASHVILLE POLICE DEPT,20151037604,Davidson,Not in City Limit,11/11/2015 7:50:00 AM,2,0,0,36.269260,-86.755740,OLD HICKORY BLVDW,,,,0.00,,,DICKERSON PKE,,,,0.00,Y,Four-Way, ,Intersection-Related,None,,,         ,Jeffery,Burnette,Cloudy,Front to Rear,no,no,no,no,no,False
101007169,METROPOLITAN NASHVILLE POLICE DEPT,20151037837,Davidson,Nashville,11/11/2015 12:00:00 AM,2,0,0,36.156720,-86.772110,PEABODY ST,,,,72.00,Feet,West,2ND AVS,,,,0.00,N,Not at Intersection, ,Non-Junction,None,,,         ,Frank,Campbell,Clear,"Sideswipe, Same Direction",no,no,no,no,no,False
101007172,METROPOLITAN NASHVILLE POLICE DEPT,20151037882,Davidson,Nashville,11/11/2015 9:29:00 AM,2,0,0,36.153260,-86.801140,CHURCH ST,,,,102.00,Feet,West,20TH AVN,,,,0.00,N,Not at Intersection,N,Non-Junction,None,,,         ,Nathan,Kemp,Clear,"Sideswipe, Same Direction",no,no,no,no,yes,Campus
101007177,METROPOLITAN NASHVILLE POLICE DEPT,20151037581,Davidson,Nashville,11/11/2015 7:06:00 AM,2,0,0,36.173510,-86.602010,CENTRAL PKE,,,,49.00,Feet,East,OLD HICKORY BLVD,,,,0.00,N,Not at Intersection,N,Non-Junction,None,,,         ,Craig,Carlson,Clear,"Sideswipe, Same Direction",no,no,no,no,yes,False
101007181,METROPOLITAN NASHVILLE POLICE DEPT,20151037784,Davidson,Not in City Limit,11/11/2015 8:35:00 AM,1,0,0,36.279800,-86.802330,I 24,,,,0.00,,,,,,,40.35,N,Not at Intersection,N,Non-Junction,None,,,         ,Matthew,Nelms,Clear,Not Collision with Motor Vehicle in Transport,no,no,no,no,no,False
101007183,METROPOLITAN NASHVILLE POLICE DEPT,2015-1037799,Davidson,Nashville,11/11/2015 8:50:00 AM,2,0,0,36.151430,-86.768630,I 40,,,,0.00,,,,,,,210.50,N,Not at Intersection, ,Non-Junction,None,,,         ,Daniel,Massey,Clear,Front to Rear,no,no,no,no,no,False
101007187,BERRY HILL POLICE DEPT,15-4500,Davidson,Berry Hill,11/11/2015 8:20:00 AM,2,0,0,36.120430,-86.775130,FRANKLIN PKE,,,,0.00,Feet,East,GALE LN,,,,0.00,N,Not at Intersection, ,Non-Junction,None,,,         ,Timothy,Coleman,Clear,Angle,no,no,no,no,no,False
101007188,METROPOLITAN NASHVILLE POLICE DEPT,20151037912,Davidson,Nashville,11/11/2015 9:20:00 AM,2,0,0,36.106210,-86.673060,MURFREESBORO PKE,,,,0.00,,,DONELSON PKE,,,,0.00,Y,Four-Way, ,Intersection,Construction Zone,,,         ,James,Curtis,Clear,Front to Rear,no,no,no,no,no,False
101007195,METROPOLITAN NASHVILLE POLICE DEPT,20151037590,Davidson,Nashville,11/11/2015 7:25:00 AM,2,2,0,36.169330,-86.600840,OLD HICKORY BLVD,,,,326.00,Feet,North,MILLS RD,,,,0.00,N,Not at Intersection,N,Non-Junction,None,,,         ,Jeffrey,Barfield,Clear,Front to Rear,no,no,no,no,no,False
101007198,METROPOLITAN NASHVILLE POLICE DEPT,20151038059,Davidson,Nashville,11/11/2015 10:23:00 AM,2,0,0,36.096260,-86.745320,ALLIED DR,,,,289.00,Feet,East,VULCAN DR,,,,0.00,N,Not at Intersection, ,,None,,,         ,Nathan,Kemp,,,no,no,no,no,no,False
101007201,VANDERBILT UNIVERSITY POLICE,MNPD#15-1034834,Davidson,Nashville,11/10/2015 12:00:00 AM,2,0,0,36.139530,-86.804890,24TH AVS,,,,212.00,Feet,South,PIERCE AV,,,,0.00,N,Not at Intersection, ,,None,,,         ,Anthony,Jones,,,no,no,no,yes,no,Campus
101007202,METROPOLITAN NASHVILLE POLICE DEPT,15-1037715,Davidson,Nashville,11/11/2015 8:25:00 AM,2,1,0,36.171430,-86.769040,JAMES ROBERTSON PKWY,,,,0.00,,,INTERSTATE DR,,,,0.00,Y,Four-Way,N,Intersection,None,,,         ,Dale,Tomlin,Clear,Angle,no,no,no,no,no,False
101007210,METROPOLITAN NASHVILLE POLICE DEPT,2015-1037897,Davidson,Nashville,11/11/2015 9:30:00 AM,2,0,0,36.199410,-86.776200,I 65,,,,0.00,,,,,,,86.80,N,Not at Intersection, ,Non-Junction,Construction Zone,,,         ,Coleman,Womack,Clear,"Sideswipe, Same Direction",no,no,no,no,no,False
101007231,METROPOLITAN NASHVILLE POLICE DEPT,20151038178,Davidson,Nashville,11/11/2015 11:00:00 AM,2,0,0,36.175870,-86.789990,6TH AVN,,,,164.00,Feet,South,6TH AVN,,,,0.00,N,Not at Intersection, ,Non-Junction,None,,,         ,Justin,Fox,Clear,"Sideswipe, Same Direction",no,no,no,no,no,False
101007246,METROPOLITAN NASHVILLE POLICE DEPT,20151038340,Davidson,Nashville,11/11/2015 12:20:00 PM,2,0,0,36.099250,-86.660380,MURFREESBORO PKE,,,,375.00,Feet,West,HARDING PL,,,,0.00,N,Not at Intersection, ,Non-Junction,None,,,         ,Scott,Carter,Clear,Front to Rear,no,no,no,no,no,False
101007247,METROPOLITAN NASHVILLE POLICE DEPT,20151038264,Davidson,Nashville,11/11/2015 11:46:00 AM,2,0,0,36.235000,-86.655600,OCOEE TRL,,,,329.00,Feet,North,CRETE TRL,,,,0.00,N,Not at Intersection, ,Non-Junction,None,,,         ,Eric,Richardson,Clear,Angle,no,no,no,no,yes,False
101007248,METROPOLITAN NASHVILLE POLICE DEPT,20151038324,Davidson,Nashville,11/11/2015 12:04:00 PM,2,0,0,36.146390,-86.799170,21ST AVS,,,,162.00,Feet,East,SCARRITT PL,,,,0.00,N,Not at Intersection, ,"Driveway, Alley Access, etc",None,,,         ,Nathan,Kemp,Clear,Rear to Side,no,no,no,no,no,Campus
101007252,METROPOLITAN NASHVILLE POLICE DEPT,2015-1037516,Davidson,Antioch,11/11/2015 6:10:00 AM,2,0,0,36.009930,-86.612310,OLD HICKORY,BLVD,SR171,,40.00,Feet,North,FIRESTONE,PKWY,,,0.00,N,Not at Intersection,N,Non-Junction,None,,,         ,William,Whitworth,Clear,Front to Rear,no,no,no,no,no,False
101007253,METROPOLITAN NASHVILLE POLICE DEPT,2015-1037751,Davidson,Nashville,11/11/2015 8:29:00 AM,2,1,0,36.059580,-86.641060,BELL RD,,,,0.00,,,THE OVERLOOK PVTDR,,,,0.00,Y,OTHER,N,"Driveway, Alley Access, etc",None,,,         ,William,Whitworth,Clear,Angle,no,no,no,no,no,False
101007254,METROPOLITAN NASHVILLE POLICE DEPT,2015-1038107,Davidson,Nashville,11/11/2015 10:42:00 AM,1,0,0,36.078360,-86.658960,PICCADILLY ROW,,,,0.00,,,BISHOPSGATE RD,,,,0.00,Y,T-Intersection,N,Intersection,None,,,         ,William,Whitworth,Clear,Not Collision with Motor Vehicle in Transport,no,no,no,no,no,False
101007256,METROPOLITAN NASHVILLE POLICE DEPT,2015-1038367,Davidson,Nashville,11/11/2015 12:22:00 PM,2,0,0,36.151840,-86.851200,US HWY 70,,,,0.00,,,53RD AVE N,,,,0.00,Y,OTHER, ,Intersection,None,,,         ,Walter,Gray II,Clear,Angle,no,no,no,no,no,False
101007258,METROPOLITAN NASHVILLE POLICE DEPT,2015-1038313,Davidson,Nashville,11/11/2015 12:05:00 PM,1,0,0,36.237830,-86.757010,I 65,,,,0.00,,,,,,,90.00,N,Not at Intersection, ,Non-Junction,Construction Zone,,,         ,Coleman,Womack,Clear,Not Collision with Motor Vehicle in Transport,no,no,no,no,no,False
101007284,METROPOLITAN NASHVILLE POLICE DEPT,20151038489,Davidson,Not in City Limit,11/11/2015 1:00:00 PM,2,0,0,36.319520,-86.846020,I 24,,,,0.00,,,,,,,36.20,N,Not at Intersection, ,Non-Junction,None,,,         ,Clint,Gilleland,Clear,"Sideswipe, Same Direction",no,no,no,no,no,False
101007287,METROPOLITAN NASHVILLE POLICE DEPT,2015-1038474,Davidson,Nashville,11/11/2015 1:10:00 PM,1,1,0,36.089950,-86.890630,HARDING PKE,,,,161.00,Feet,West,ST LUKE DR,,,,0.00,N,Not at Intersection,N,Non-Junction,None,,,         ,Curtis,Rich,Clear,Not Collision with Motor Vehicle in Transport,no,yes,no,no,no,False
101007289,METROPOLITAN NASHVILLE POLICE DEPT,20151038519,Davidson,Nashville,11/11/2015 12:20:00 PM,2,0,0,36.173590,-86.602150,CENTRAL PKE,,,,0.00,,,OLD HICKORY BLVD,,,,0.00,Y,Four-Way, ,,None,,,         ,Mitchell,McClay,,,no,no,no,no,no,False
101007305,METROPOLITAN NASHVILLE POLICE DEPT,20151038540,Davidson,Nashville,11/11/2015 10:30:00 AM,2,0,0,36.192880,-86.623830,LEBANON PKE,,,,0.00,,,JACKSONIAN DR,,,,0.00,Y,Four-Way, ,,None,,,         ,Craig,Carlson,,,no,no,no,no,no,False
101007340,METROPOLITAN NASHVILLE POLICE DEPT,20151038722,Davidson,Antioch,11/11/2015 3:08:00 PM,2,0,0,36.009930,-86.612310,HEIL QUAKER BLVD,,,,0.00,Feet,East,BRIDGESTONE PKWY,,,,0.00,N,Not at Intersection, ,Non-Junction,None,,,         ,Jessie,Meadows,Clear,Not Collision with Motor Vehicle in Transport,no,no,no,no,no,False
101007348,METROPOLITAN NASHVILLE POLICE DEPT,20151038756,Davidson,Nashville,11/11/2015 2:42:00 PM,2,0,0,36.141390,-86.801430,MEDICAL CENTER DR,,,,200.00,Feet,North,DIXIE PL,,,,0.00,N,Not at Intersection,N,OtherLocation,None,,,         ,Clyde,Stambaugh,Clear,"Sideswipe, Same Direction",no,no,no,no,no,Campus
101007358,METROPOLITAN NASHVILLE POLICE DEPT,20151038922,Davidson,Nashville,11/11/2015 4:10:00 PM,2,0,0,36.196860,-86.690310,-- UNKNOWN RAMP/ROAD --,,,,0.00,,,OPRY MILLS DR,,,,0.00,Y,T-Intersection, ,,None,,,         ,Tyler,Conrads,,,no,no,no,no,no,False
101007359,METROPOLITAN NASHVILLE POLICE DEPT,20151036474,Davidson,Not in City Limit,11/10/2015 9:05:00 PM,2,0,0,36.270320,-86.701620,SEALEY DR,,,,0.00,,,ROOSEVELT AV,,,,0.00,Y,T-Intersection,Y,Intersection,None,,,         ,Samuel,Miller,Clear,Angle,no,no,no,no,yes,False
101007364,METROPOLITAN NASHVILLE POLICE DEPT,2015-1038523,Davidson,Nashville,11/11/2015 1:32:00 PM,2,0,0,36.114010,-86.811260,STATE HWY 155,,,,112.00,Feet,West,US HWY 431,,,,0.00,N,Not at Intersection, ,Non-Junction,None,,,         ,Walter,Gray II,Clear,Front to Rear,no,no,no,no,no,False
101007365,METROPOLITAN NASHVILLE POLICE DEPT,2015-1038716,Davidson,Nashville,11/11/2015 3:00:00 PM,1,1,0,36.152690,-86.881780,AMERICAN RD,,,,231.00,Feet,West,AMERICAN CT,,,,0.00,N,Not at Intersection,N,Non-Junction,None,,,         ,Walter,Gray II,Clear,Not Collision with Motor Vehicle in Transport,yes,no,no,no,no,False
101007374,METROPOLITAN NASHVILLE POLICE DEPT,20151038890,Davidson,Nashville,11/11/2015 4:00:00 PM,2,0,0,36.159070,-86.760000,I 24,,,,0.00,,,,,,,49.55,N,Not at Intersection, ,Non-Junction,None,,,         ,Clinton,Schroeder,Clear,"Sideswipe, Same Direction",no,no,no,no,no,False
101007378,METROPOLITAN NASHVILLE POLICE DEPT,20151038796,Davidson,Nashville,11/11/2015 3:25:00 PM,2,0,0,36.159940,-86.781250,7TH AVN,,,,215.00,Feet,North,BROADWAY,,,,0.00,N,Not at Intersection, ,,None,,,         ,Tyler,Hutton,,,no,no,no,no,no,False
101007379,METROPOLITAN NASHVILLE POLICE DEPT,20151035767,Davidson,Not in City Limit,11/10/2015 5:28:00 PM,2,0,0,36.262820,-86.680970,STATE RT 45,,,,0.00,,,RIO VISTA DR,,,,0.00,Y,Four-Way, ,Intersection-Related,None,,,         ,Samuel,Miller,Clear,Front to Rear,no,no,no,no,no,False
101007385,METROPOLITAN NASHVILLE POLICE DEPT,20151038875,Davidson,Nashville,11/11/2015 2:58:00 PM,2,0,0,36.154380,-86.801570,20TH AVE N,,,,18.00,Feet,North,STATE ST,,,,0.00,N,Not at Intersection, ,Non-Junction,None,,,         ,Clyde,Stambaugh,Clear,"Sideswipe, Same Direction",no,no,no,no,no,False
101007386,METROPOLITAN NASHVILLE POLICE DEPT,20151039066,Davidson,Nashville,11/11/2015 3:30:00 PM,2,0,0,36.151530,-86.786490,I 40,,,,0.00,,,,,,,209.50,N,Not at Intersection, ,Entrance/Exit Ramp Related,None,,,         ,Clyde,Stambaugh,Clear,Front to Rear,no,no,no,no,no,False
101007387,METROPOLITAN NASHVILLE POLICE DEPT,20151038861,Davidson,Nashville,11/11/2015 3:52:00 PM,3,1,0,36.058880,-86.920480,HIGHWAY 100,,,,0.00,,,WILLOUGHBY WAY,,,,0.00,Y,T-Intersection,N,Intersection-Related,None,,,         ,Brandon,Pedigo,Clear,Front to Rear,no,no,no,no,no,False