master_record_number,agency,agency_tracking_number,county,city,collision_date,vehicles_involved,number_injured,number_dead,latitude,longitude,roadway_name,roadway_suffix,roadway_number,roadway_local_id,distance_from_reference,miles-feet_indicator,direction_from_reference,intersection_road_name,intersection_road_name_suffix,intersection_road_number,intersection_local_id,mile_marker,intersection_indicator,intersect_type,interchange_related_indicator,relation_to_junction,work_zone_type,construction_maintenance_zone,construction_maintenance_zone_location,fatal_case_number,officer_first_name,officer_last_name,weather_condition(s),manner_of_crash,pedestrian,bicycle,scooter,parking,hitrun,mou
101009244,METROPOLITAN NASHVILLE POLICE DEPT,20151047979,Davidson,Nashville,11/14/2015 7:50:00 AM,2,0,0,36.041300,-86.782500,I 65,,,,0.00,,,,,,,74.75,N,Not at Intersection, ,Entrance/Exit Ramp Related,None,,,         ,Reuben,Hewit,Clear,"Sideswipe, Same Direction",no,no,no,no,no,False
101009245,METROPOLITAN NASHVILLE POLICE DEPT,20151048162,Davidson,Nashville,11/14/2015 10:12:00 AM,2,0,0,36.153710,-86.721560,LEBANON PKE,,,,0.00,,,SPENCE LN,,,,0.00,Y,Four-Way,Y,Intersection,None,,,         ,Johnathan,Carlisle,Clear,Angle,no,no,no,no,no,False
101009251,METROPOLITAN NASHVILLE POLICE DEPT,20151048203,Davidson,Nashville,11/14/2015 10:11:00 AM,2,0,0,36.066560,-86.636650,MORRIS GENTRY BLVD,,,,0.00,,,BELL RD,,,,0.00,Y,T-Intersection, ,Intersection-Related,None,,,         ,Brian,Lamb,Clear,Front to Rear,no,no,no,no,no,False
101009263,METROPOLITAN NASHVILLE POLICE DEPT,20151048250,Davidson,Nashville,11/14/2015 11:22:00 AM,1,1,0,36.075630,-86.717840,HOPEDALE DR,,,,168.00,Feet,West,FLORA MAXWELL RD,,,,0.00,N,Not at Intersection,N,Non-Junction,None,,,         ,Tyler,McDaniel,Clear,Not Collision with Motor Vehicle in Transport,no,no,no,no,no,False
101009267,METROPOLITAN NASHVILLE POLICE DEPT,20151048041,Davidson,Nashville,11/14/2015 12:00:00 AM,2,0,0,36.217700,-86.696250,MUSIC VALLEY DR,,,,324.00,Feet,North,OPRYLAND DR,,,,0.00,N,Not at Intersection,N,Non-Junction,None,,,         ,Craig,Carlson,Unknown,Unknown,no,no,no,yes,yes,False
101009269,METROPOLITAN NASHVILLE POLICE DEPT,20151048255,Davidson,Not in City Limit,11/14/2015 11:20:00 AM,1,1,0,36.312170,-86.828840,I 24,,,,0.00,,,,,,,37.50,N,Not at Intersection,N,Non-Junction,None,,,         ,Justin,Fox,Clear,Not Collision with Motor Vehicle in Transport,no,no,no,no,no,False
101009272,METROPOLITAN NASHVILLE POLICE DEPT,20151048196,Davidson,Nashville,11/14/2015 10:39:00 AM,2,0,0,36.198910,-86.770520,US HWY 31W,,,,500.00,Feet,South,GATEWOOD AVE,,,,0.00,N,Not at Intersection,N,Non-Junction,None,,,         ,Eric,Westbrook,Clear,Angle,no,no,no,no,no,False
101009273,METROPOLITAN NASHVILLE POLICE DEPT,20151048204,Davidson,Nashville,11/14/2015 10:20:00 AM,2,0,0,36.062900,-86.716910,NOLENSVILLE PKE,,,,0.00,,,FAIRLANE DR,,,,0.00,Y,T-Intersection, ,,None,,,         ,Brent,Hedgcoth,,,no,no,no,no,no,False
101009278,METROPOLITAN NASHVILLE POLICE DEPT,20151048317,Davidson,Nashville,11/14/2015 11:57:00 AM,2,0,0,36.046020,-86.657930,COLLINS PARK DR,,,,0.00,,,BELL RD,,,,0.00,Y,Four-Way,N,Intersection-Related,None,,,         ,Brian,Lamb,Clear,Front to Rear,no,no,no,no,yes,False
101009283,METROPOLITAN NASHVILLE POLICE DEPT,20151048202,Davidson,Nashville,11/14/2015 10:44:00 AM,2,0,0,36.143450,-86.778850,8TH AVS,,,,27.00,Feet,South,OLYMPIC ST,,,,0.00,N,Not at Intersection, ,Non-Junction,None,,,         ,Gregory,Lindstrom,Clear,"Sideswipe, Same Direction",no,no,no,no,no,False
101009289,METROPOLITAN NASHVILLE POLICE DEPT,20151048231,Davidson,Nashville,11/14/2015 11:18:00 AM,2,0,0,36.170480,-86.742870,SHELBY AV,,,,0.00,,,S 16TH ST,,,,0.00,Y,Four-Way, ,Intersection,None,,,         ,Jared,Eaves,Clear,"Sideswipe, Opposite Direction",no,no,no,no,yes,False
101009296,VANDERBILT UNIVERSITY POLICE,MNPD#15-1048281,Davidson,Nashville,11/14/2015 11:00:00 AM,2,0,0,36.137040,-86.803690,BELCOURT AV,,,,106.00,Feet,East,BLAKEMORE AV,,,,0.00,N,Not at Intersection, ,Non-Junction,None,,,         ,Samuel,McClain,Clear,Rear to Rear,no,no,no,yes,no,Campus
101009299,METROPOLITAN NASHVILLE POLICE DEPT,20151048265,Davidson,Nashville,11/14/2015 11:33:00 AM,2,1,0,36.035170,-86.768710,CLOVERLAND DR,,,,0.00,,,VALLEY VIEW RD,,,,0.00,Y,T-Intersection,N,Intersection,None,,,         ,Brent,Bauer,Clear,Front to Rear,no,no,no,no,no,False
101009301,METROPOLITAN NASHVILLE POLICE DEPT,20151048329,Davidson,Nashville,11/14/2015 12:15:00 PM,2,1,0,36.111120,-86.752360,THOMPSON LN,,,,340.00,Feet,East,FOSTER CREIGHTON DR,,,,0.00,N,Not at Intersection,N,Non-Junction,None,,,         ,Gregory,Lindstrom,Clear,"Sideswipe, Same Direction",no,no,no,no,no,False
101009303,METROPOLITAN NASHVILLE POLICE DEPT,20151048325,Davidson,Not in City Limit,11/14/2015 12:00:00 PM,2,0,0,36.068330,-86.949230,SAWYER BROWN RD,,,,73.00,Feet,North,GENERAL GEORGE PATTON RD,,,,0.00,N,Not at Intersection,N,Non-Junction,None,,,         ,Wesley,Tilley,Clear,"Sideswipe, Same Direction",no,no,no,no,no,False
101009319,METROPOLITAN NASHVILLE POLICE DEPT,20151048358,Davidson,Nashville,11/14/2015 12:41:00 PM,2,0,0,36.154630,-86.779160,8TH AVS,,,,0.00,,,LAFAYETTE ST,,,,0.00,Y,Roundabout, ,Intersection-Related,None,,,         ,Bryan,Birdwell,Clear,Angle,no,no,no,no,no,False
101009336,METROPOLITAN NASHVILLE POLICE DEPT,20151048424,Davidson,Nashville,11/14/2015 1:56:00 PM,2,0,0,36.079600,-86.726320,NOLENSVILLE PKE,,,,0.00,,,HARDING PL,,,,0.00,Y,Four-Way, ,Intersection,None,,,         ,Jeremy,King,Clear,Front to Rear,no,no,no,no,no,False
101009337,METROPOLITAN NASHVILLE POLICE DEPT,20151048441,Davidson,Nashville,11/14/2015 1:35:00 PM,3,0,0,36.167600,-86.762220,S 5TH ST,,,,0.00,,,SHELBY AV,,,,0.00,Y,Four-Way, ,Intersection,None,,,         ,Jared,Eaves,Clear,Front to Rear,no,no,no,no,no,False
101009341,METROPOLITAN NASHVILLE POLICE DEPT,20151048393,Davidson,Nashville,11/14/2015 1:03:00 PM,2,1,0,36.182090,-86.749090,GALLATIN AV,,,,0.00,,,MAXWELL AV,,,,0.00,Y,T-Intersection,N,Non-Junction,None,,,         ,Michael,Phelps,Clear,Front to Rear,no,no,no,no,no,False
101009343,METROPOLITAN NASHVILLE POLICE DEPT,20151048414,Davidson,Nashville,11/14/2015 1:23:00 PM,2,0,0,36.230970,-86.611100,SHUTE LN,,,,0.00,,,WILLOW BOUGH LN,,,,0.00,Y,T-Intersection,N,Intersection-Related,None,,,         ,Cassandra,Del Bosco,Clear,Front to Rear,no,no,no,no,yes,False
101009364,METROPOLITAN NASHVILLE POLICE DEPT,20151048442,Davidson,Nashville,11/14/2015 1:21:00 PM,2,0,0,36.038730,-86.783050,OLD HICKORY BLVD,,,,151.00,Feet,East,I65 S EXT RAMP,,,,0.00,N,Not at Intersection,N,Non-Junction,None,,,         ,Brent,Bauer,Clear,Front to Rear,no,no,no,no,no,False
101009368,METROPOLITAN NASHVILLE POLICE DEPT,20151048521,Davidson,Nashville,11/14/2015 2:50:00 PM,1,1,0,36.166610,-86.785930,6TH AVN,,,,404.00,Feet,East,JAMES ROBERTSON PKWY,,,,0.00,N,Not at Intersection,N,Non-Junction,None,,,         ,Jeffrey,Livingston,Clear,Not Collision with Motor Vehicle in Transport,no,no,no,no,no,False
101009374,METROPOLITAN NASHVILLE POLICE DEPT,20151048493,Davidson,Nashville,11/14/2015 2:20:00 PM,2,0,0,36.166350,-86.780690,4TH AVN,,,,0.00,Feet,,CHARLOTTE AV,,,,0.00,Y,Four-Way, ,Intersection-Related,None,,,         ,Mikala,Moore,Clear,"Sideswipe, Same Direction",no,no,no,no,no,False
101009375,METROPOLITAN NASHVILLE POLICE DEPT,20151048509,Davidson,Nashville,11/14/2015 12:00:00 AM,2,0,0,36.158170,-86.878670,ANNEX AVE,,,,177.00,Feet,North,ANNEX CT,,,,0.00,N,Not at Intersection,N,Non-Junction,None,,,         ,Douglas,Sykes,Clear,Rear to Side,no,no,no,no,no,False
101009384,GOODLETTSVILLE POLICE DEPT,15-42154,Davidson,Goodlettsville,11/13/2015 5:00:00 PM,3,2,0,36.300620,-86.710990,I 65,,,,0.00,,,,,,,95.20,N,Not at Intersection,Y,Non-Junction,None,,,         ,John,Spencer,Clear,Front to Rear,no,no,no,no,no,False
101009387,METROPOLITAN NASHVILLE POLICE DEPT,20151048510,Davidson,Nashville,11/14/2015 12:00:00 AM,2,0,0,36.060320,-86.633390,HAMILTON CHURCH RD,,,,802.00,Feet,East,BELL RIDGE TRC,,,,0.00,N,Not at Intersection, ,Non-Junction,None,,,         ,Larry,Preuett,Clear,Front to Rear,no,no,no,no,no,False
101009391,METROPOLITAN NASHVILLE POLICE DEPT,20151048572,Davidson,Nashville,11/14/2015 3:34:00 PM,2,0,0,36.154270,-86.792890,16TH AVS,,,,0.00,,,BROADWAY,,,,0.00,Y,Four-Way, ,Intersection,None,,,         ,Megan,Lamon,Clear,Front to Rear,no,no,no,no,no,False
101009396,GOODLETTSVILLE POLICE DEPT,15-42252,Davidson,Goodlettsville,11/14/2015 1:10:00 PM,2,0,0,0.000000,0.000000,EAST CEDAR ST.,,,,200.00,Feet,North,LONG HOLLOW PIKE,,SR174,,0.00,N,Not at Intersection, ,"Driveway, Alley Access, etc",None,,,         ,John,Spencer,Clear,"Sideswipe, Same Direction",no,no,no,no,no,False
101009406,METROPOLITAN NASHVILLE POLICE DEPT,20151048519,Davidson,Nashville,11/14/2015 2:50:00 PM,2,0,0,36.171700,-86.797700,JEFFERSON ST,,,,0.00,,,11TH AVE N,,,,0.00,Y,T-Intersection,N,Intersection,None,,,         ,Christopher,Littles,Clear,Angle,no,no,no,no,yes,False
101009414,METROPOLITAN NASHVILLE POLICE DEPT,2015-1048524,Davidson,Nashville,11/14/2015 2:12:00 PM,2,0,0,36.029720,-86.754530,HERBERT CT,,,,229.00,Feet,South,SETTLEMENT CT,,,,0.00,N,Not at Intersection, ,Non-Junction,None,,,         ,William,King,Clear,Rear to Rear,no,no,no,no,no,False
101009415,METROPOLITAN NASHVILLE POLICE DEPT,2015-1048599,Davidson,Not in City Limit,11/14/2015 2:24:00 PM,2,0,0,35.996470,-86.690290,CONCORD RD,,,,187.00,Feet,South,NOLENSVILLE PKE,,,,0.00,N,Not at Intersection, ,Non-Junction,None,,,         ,William,King,Clear,Front to Rear,no,no,no,no,no,False
101009416,METROPOLITAN NASHVILLE POLICE DEPT,20151048634,Davidson,Nashville,11/14/2015 3:45:00 PM,2,0,0,36.040900,-86.779380,OLD HICKORY BLVD,,,,0.00,,,FRANKLIN PIKE CIR,,,,0.00,Y,Four-Way, ,Intersection,None,,,         ,Peter,Knisley,Clear,Front to Rear,no,no,no,no,no,False
101009417,METROPOLITAN NASHVILLE POLICE DEPT,20151048645,Davidson,Nashville,11/14/2015 4:23:00 PM,1,0,0,36.070160,-86.897030,HIGHWAY 100,,,,157.00,Feet,North,HARPETH TRACE DR,,,,0.00,N,Not at Intersection,N,Non-Junction,None,,,         ,Trent,Craig,Clear,Not Collision with Motor Vehicle in Transport,no,no,no,no,no,False
101009425,METROPOLITAN NASHVILLE POLICE DEPT,20151048596,Davidson,Nashville,11/14/2015 3:45:00 PM,2,0,0,36.100570,-86.659640,OLD MURFREESBORO PKE,,,,2040.00,Feet,West,MURFREESBORO PKE,,,,0.00,N,Not at Intersection,N,Non-Junction,None,,,         ,Brandon,Vance,Clear,Front to Rear,no,no,no,no,no,False
101009426,METROPOLITAN NASHVILLE POLICE DEPT,20151048672,Davidson,Nashville,11/14/2015 3:24:00 PM,2,0,0,36.155860,-86.789190,BROADWAY,,,,30.00,Feet,West,I40 W EXT RAMP,,,,0.00,N,Not at Intersection, ,Non-Junction,None,,,         ,Blaze,Williams,Clear,Front to Rear,no,no,no,no,no,False
101009427,METROPOLITAN NASHVILLE POLICE DEPT,20151048533,Davidson,Nashville,11/14/2015 2:07:00 PM,2,0,0,36.139830,-86.818630,US HWY 70S,,,,200.00,Feet,North,ORLEANS DR,,,,0.00,N,Not at Intersection,N,Non-Junction,None,,,         ,Clyde,Stambaugh,Clear,Front to Rear,no,no,no,no,no,False
101009428,METROPOLITAN NASHVILLE POLICE DEPT,20151048623,Davidson,Nashville,11/14/2015 3:49:00 PM,2,0,0,36.154900,-86.791390,US HWY 70S,,,,254.00,Feet,West,15TH AVE N,,,,0.00,N,Not at Intersection,N,Non-Junction,None,,,         ,Clyde,Stambaugh,Clear,Angle,no,no,no,no,no,False
101009430,METROPOLITAN NASHVILLE POLICE DEPT,20151048595,Davidson,Nashville,11/14/2015 12:00:00 AM,4,2,0,36.147410,-86.869070,US HWY 70,,,,88.00,Feet,West,CROLEY DR,,,,0.00,N,Not at Intersection,N,Non-Junction,None,,,         ,Douglas,Sykes,Clear,Front to Rear,no,no,no,no,yes,False
101009432,METROPOLITAN NASHVILLE POLICE DEPT,20151048707,Davidson,Nashville,11/14/2015 4:50:00 PM,2,0,0,36.131950,-86.779080,US HWY 31,,,,100.00,Feet,North,DOUGLAS AVE,,,,0.00,N,Not at Intersection, ,Non-Junction,None,,,         ,Clyde,Stambaugh,Clear,Angle,no,no,no,no,no,False
101009441,METROPOLITAN NASHVILLE POLICE DEPT,20151048575,Davidson,Nashville,11/14/2015 2:39:00 PM,2,0,0,36.205630,-86.812820,W TRINITY LN,,,,558.00,Feet,West,OLD BUENA VISTA RD,,,,0.00,N,Not at Intersection, ,Non-Junction,None,,,         ,Brian,Woodard,Clear,"Sideswipe, Same Direction",no,no,no,no,no,False
101009466,METROPOLITAN NASHVILLE POLICE DEPT,20151045862,Davidson,Nashville,11/13/2015 3:42:00 PM,2,0,0,36.143420,-86.746230,MURFREESBORO PKE,,,,439.00,Feet,East,PARRIS AV,,,,0.00,N,Not at Intersection,N,Non-Junction,None,,,         ,Bryan,Byrnes,Clear,Angle,no,no,no,no,no,False
101009468,METROPOLITAN NASHVILLE POLICE DEPT,20151048866,Davidson,Nashville,11/14/2015 6:18:00 PM,2,0,0,36.131690,-86.768430,BENTON AVE,,,,0.00,,,BRANSFORD AVE,,,,0.00,Y,Four-Way, ,Non-Junction,None,,,         ,Brenton,Adcox,Clear,Front to Rear,no,no,no,no,yes,False
101009469,METROPOLITAN NASHVILLE POLICE DEPT,20151048730,Davidson,Nashville,11/14/2015 4:59:00 PM,2,2,0,36.214610,-86.604630,US HWY 70,,,,0.00,Feet,,SHUTE LN,,,,0.00,Y,T-Intersection,N,Intersection,None,,,         ,Khalid,Abbady,Clear,Angle,no,no,no,no,no,False
101009470,METROPOLITAN NASHVILLE POLICE DEPT,20151048812,Davidson,Nashville,11/14/2015 5:35:00 PM,2,0,0,36.196640,-86.687570,EXIT 11,,,,250.00,Feet,South,STATE HWY 155,,,,0.00,N,Not at Intersection, ,Entrance/Exit Ramp Related,None,,,         ,Tyler,Conrads,Clear,Front to Rear,no,no,no,no,no,False
101009471,METROPOLITAN NASHVILLE POLICE DEPT,20151048827,Davidson,Nashville,11/14/2015 5:51:00 PM,2,0,0,36.152350,-86.767180,I40 W EXT RAMP,,,,0.00,,,I 40,,,,0.00,Y,OTHER, ,Entrance/Exit Ramp Related,None,,,         ,Blaze,Williams,Clear,Front to Rear,no,no,no,no,yes,False
101009474,METROPOLITAN NASHVILLE POLICE DEPT,20151048755,Davidson,Nashville,11/14/2015 5:07:00 PM,1,0,0,36.110600,-86.716360,BRILEY PKWYS,,,,0.00,,,AVERITT EXPRESS DR,,,,0.00,Y,T-Intersection,N,Non-Junction,None,,,         ,Michael,Moss,Clear,Not Collision with Motor Vehicle in Transport,no,no,no,no,no,False
101009483,METROPOLITAN NASHVILLE POLICE DEPT,20151048822,Davidson,Nashville,11/14/2015 5:51:00 PM,2,0,0,36.155590,-86.771070,2ND AVS,,,,0.00,,,LEA AV,,,,0.00,Y,Four-Way,N,Intersection-Related,None,,,         ,Benjamin,Smith,Clear,"Sideswipe, Same Direction",no,no,no,no,yes,False
101009486,METROPOLITAN NASHVILLE POLICE DEPT,20151048728,Davidson,Nashville,11/14/2015 5:00:00 PM,2,0,0,36.031170,-86.639450,I 24,,,,0.00,,,,,,,60.90,N,Not at Intersection,N,Non-Junction,None,,,         ,Tamara,Zurawski,Clear,"Sideswipe, Same Direction",no,no,no,no,yes,False
101009487,METROPOLITAN NASHVILLE POLICE DEPT,20151047877,Davidson,Nashville,11/14/2015 6:08:00 AM,1,1,0,36.245470,-86.784570,I 24,,,,0.00,,,,,,,43.00,N,Not at Intersection,N,Non-Junction,None,,,         ,Ryan,Kozlowski,Clear,Not Collision with Motor Vehicle in Transport,no,no,no,no,no,False
101009491,METROPOLITAN NASHVILLE POLICE DEPT,20151048828,Davidson,Nashville,11/14/2015 5:34:00 PM,2,0,0,36.176870,-86.772060,I24 W EXT RAMP,,,,0.00,Feet,East,I 24,,,,0.00,N,Not at Intersection,Y,Entrance/Exit Ramp Related,None,,,         ,Terence,Maahs,Clear,Angle,no,no,no,no,no,False
101009495,METROPOLITAN NASHVILLE POLICE DEPT,20151048611,Davidson,Nashville,11/14/2015 3:55:00 PM,2,2,0,36.240740,-86.757370,DICKERSON PKE,,,,0.00,,,BRILEY PKWY E EXT RAMP,,,,0.00,Y,T-Intersection,Y,Entrance/Exit Ramp Related,None,,,         ,Landon,Bagwell,Clear,Front to Rear,no,no,no,no,no,False
101009498,METROPOLITAN NASHVILLE POLICE DEPT,20151048627,Davidson,Not in City Limit,11/14/2015 3:32:00 PM,2,0,0,36.276690,-86.689850,MYATT DR,,,,250.00,Feet,North,MYATT CENTER LN,,,,0.00,N,Not at Intersection, ,Non-Junction,None,,,         ,Ryan,Allen,Clear,"Sideswipe, Same Direction",no,no,no,no,no,False
101009499,METROPOLITAN NASHVILLE POLICE DEPT,20151048582,Davidson,Nashville,11/14/2015 3:21:00 PM,2,1,0,36.131540,-86.896410,CHARLOTTE PKE,,,,31.00,Feet,West,I40 E EXT RAMP,,,,0.00,N,Not at Intersection,N,Non-Junction,None,,,         ,Michael,Russell,Clear,Front to Rear,no,no,no,no,yes,False
101009507,METROPOLITAN NASHVILLE POLICE DEPT,20151049132,Davidson,Nashville,11/14/2015 7:29:00 PM,1,0,0,36.105490,-86.922160,OLD HICKORY BLVD,,,,149.00,Feet,South,BELLE VALLEY DR,,,,0.00,N,Not at Intersection, ,,None,,,         ,Trent,Craig,,,no,no,no,no,no,False
101009508,Nashville Airport Police,2015-02630,Davidson,Nashville,11/11/2015 5:52:00 PM,2,0,0,0.000000,0.000000,DONELSON PIKE,PIKE,SR255,,0.10,Miles,East,SATELLITE WAY,WAY,,,0.00,N,Not at Intersection, ,Non-Junction,None,,,         ,Delphia,Murphy,Clear,Front to Rear,no,no,no,no,no,False
101009510,METROPOLITAN NASHVILLE POLICE DEPT,20151048993,Davidson,Nashville,11/14/2015 6:54:00 PM,2,0,0,36.148480,-86.816260,31ST AVN,,,,0.00,,,PARTHENON AV,,,,0.00,Y,T-Intersection, ,Intersection,None,,,         ,Megan,Lamon,Clear,"Sideswipe, Same Direction",no,no,no,no,no,False
101009511,METROPOLITAN NASHVILLE POLICE DEPT,20151048893,Davidson,Nashville,11/14/2015 6:08:00 PM,2,0,0,36.095040,-86.874860,STATE HWY 100,,,,37.00,Feet,North,TAGGART AVE,,,,0.00,N,Not at Intersection,N,Non-Junction,None,,,         ,Christopher,Valdez,Clear,Front to Rear,no,no,no,no,no,False
101009512,METROPOLITAN NASHVILLE POLICE DEPT,20151048760,Davidson,Nashville,11/14/2015 5:10:00 PM,2,1,0,36.138390,-86.820130,US HWY 70S,,,,238.00,Feet,North,-- UNKNOWN RAMP/ROAD --,,,,0.00,N,Not at Intersection,N,Non-Junction,None,,,         ,Royce,McLester,Clear,Front to Rear,no,no,no,no,no,False
101009521,METROPOLITAN NASHVILLE POLICE DEPT,20151048894,Davidson,Nashville,11/14/2015 6:25:00 PM,2,1,0,36.045000,-86.667160,CEDAR POINTE PKWY,,,,28.00,Feet,North,STATE HWY 254,,,,0.00,N,Not at Intersection,N,Non-Junction,None,,,         ,Rickie,Corman,Clear,Angle,no,no,no,no,no,False
101009532,METROPOLITAN NASHVILLE POLICE DEPT,20151049205,Davidson,Nashville,11/14/2015 8:04:00 PM,1,1,0,36.153910,-86.756370,HERMITAGE AV,,,,89.00,Feet,West,FAIRFIELD AV,,,,0.00,N,Not at Intersection,N,Non-Junction,None,,,         ,Bryan,Byrnes,Clear,Not Collision with Motor Vehicle in Transport,yes,no,no,no,yes,False
101009533,GOODLETTSVILLE POLICE DEPT,15-42282,Davidson,Goodlettsville,11/14/2015 7:33:00 PM,2,0,0,36.295512,-86.709760,MONTICELLO,AVE,,,0.00,,,ALTA LOMA,RD,,,0.00,Y,T-Intersection,N,Non-Junction,None,,,         ,Matt,Shoesmith,Clear,Angle,no,no,no,no,no,False
101009534,METROPOLITAN NASHVILLE POLICE DEPT,20151048677,Davidson,Not in City Limit,11/14/2015 4:30:00 PM,3,1,0,36.280510,-86.708280,GALLATIN PKEN,,,,53.00,Feet,South,ODETTE ST,,,,0.00,N,Not at Intersection,N,Non-Junction,None,,,         ,Byron,Dewalt,Clear,Front to Rear,no,no,no,no,yes,False
101009539,METROPOLITAN NASHVILLE POLICE DEPT,20151048921,Davidson,Not in City Limit,11/14/2015 6:36:00 PM,2,0,0,36.347040,-86.874680,WHITES CREEK PKE,,,,0.00,,,GREENBRIER RD,,,,0.00,Y,T-Intersection,N,Intersection,None,,,         ,Ashton,Hill,Clear,Angle,no,no,no,no,no,False
101009549,METROPOLITAN NASHVILLE POLICE DEPT,20151049075,Davidson,Nashville,11/14/2015 7:16:00 PM,2,0,0,36.156540,-86.794380,CHURCH ST,,,,50.00,Feet,East,16TH AVE N,,,,0.00,N,Not at Intersection,N,Non-Junction,None,,,         ,Clyde,Stambaugh,Clear,"Sideswipe, Same Direction",no,no,no,no,no,False
101009554,METROPOLITAN NASHVILLE POLICE DEPT,20151049015,Davidson,Goodlettsville,11/14/2015 7:04:00 PM,4,2,0,36.291420,-86.703270,GALLATIN PKEN,,,,255.00,Feet,North,ALTUS AV,,,,0.00,N,Not at Intersection,N,Non-Junction,None,,,         ,Byron,Dewalt,Clear,Front to Rear,no,no,no,no,no,False
101009555,METROPOLITAN NASHVILLE POLICE DEPT,20151049293,Davidson,Nashville,11/14/2015 8:40:00 PM,2,0,0,36.050280,-86.648680,STATE HWY 254,,,,56.00,Feet,North,RAMP,,,,0.00,N,Not at Intersection,N,Unknown,None,,,         ,Rickie,Corman,Clear,Front to Rear,no,no,no,no,no,False
101009567,METROPOLITAN NASHVILLE POLICE DEPT,20151048959,Davidson,Nashville,11/14/2015 6:50:00 PM,3,1,0,36.137330,-86.811050,BELCOURT AVE,,,,0.00,Feet,North,NATCHEZ TRC,,,,0.00,N,Not at Intersection,N,Non-Junction,None,,,         ,Royce,McLester,Clear,Front to Rear,no,no,no,no,no,Campus
101009568,METROPOLITAN NASHVILLE POLICE DEPT,20151049315,Davidson,Nashville,11/14/2015 8:51:00 PM,2,1,0,36.045610,-86.719770,OLD HICKORY BLVD,,,,0.00,,,ZERMATT AV,,,,0.00,Y,T-Intersection,N,Intersection,None,,,         ,Peter,Knisley,Clear,Angle,no,no,no,no,no,False
101009576,METROPOLITAN NASHVILLE POLICE DEPT,20151048692,Davidson,Nashville,11/14/2015 4:00:00 PM,1,0,0,36.130140,-86.913450,RIVER RD,,,,903.00,Feet,West,RIVER RD PVTDR,,,,0.00,N,Not at Intersection, ,Non-Junction,None,,,         ,Michael,Russell,Clear,Not Collision with Motor Vehicle in Transport,no,no,no,no,no,False
101009579,METROPOLITAN NASHVILLE POLICE DEPT,20151049331,Davidson,Nashville,11/14/2015 8:50:00 PM,1,0,0,36.236110,-86.743920,ELLINGTON PKWYN,,,,0.00,,,BRILEY PKWY E ENT RAMP,,,,0.00,Y,OTHER,N,Entrance/Exit Ramp Related,None,,,         ,Paul,Stein,Clear,Not Collision with Motor Vehicle in Transport,no,no,no,no,no,False
101009589,METROPOLITAN NASHVILLE POLICE DEPT,20151049509,Davidson,Nashville,11/14/2015 12:00:00 AM,2,0,0,36.122900,-86.835480,ESTES RD,,,,244.00,Feet,North,WESTMONT AVE,,,,0.00,N,Not at Intersection,N,Non-Junction,None,,,         ,Douglas,Sykes,Clear,"Sideswipe, Same Direction",no,no,no,no,yes,False
101009591,METROPOLITAN NASHVILLE POLICE DEPT,20151048719,Davidson,Nashville,11/14/2015 4:20:00 PM,2,1,0,36.087980,-86.731390,NOLENSVILLE PKE,,,,528.00,Feet,North,ELYSIAN FIELDS CT,,,,0.00,N,Not at Intersection,N,Non-Junction,None,,,         ,Eric,Burford,Clear,Angle,no,no,no,no,yes,False
101009593,METROPOLITAN NASHVILLE POLICE DEPT,20151048681,Davidson,Nashville,11/14/2015 4:41:00 PM,2,1,0,36.180950,-86.824260,BUCHANAN ST,,,,0.00,,,ED TEMPLE BLVD,,,,0.00,Y,T-Intersection,Y,Intersection,None,,,         ,Michael,Brooks,Clear,Front to Rear,no,no,no,no,no,False
101009594,METROPOLITAN NASHVILLE POLICE DEPT,20151049391,Davidson,Nashville,11/14/2015 8:55:00 PM,2,0,0,36.161350,-86.799930,JO JOHNSTON AV,,,,0.00,,,17TH AVN,,,,0.00,Y,Four-Way, ,Intersection,None,,,         ,Michael,Brooks,Clear,"Sideswipe, Same Direction",no,no,no,no,no,False
101009598,METROPOLITAN NASHVILLE POLICE DEPT,20151049305,Davidson,Nashville,11/14/2015 7:32:00 PM,2,0,0,36.133360,-86.802860,PORTLAND AVE,,,,0.00,,,CALHOUN AVE,,,,0.00,Y,Four-Way, ,Intersection-Related,None,,,         ,Royce,McLester,Clear,Angle,no,no,no,no,no,False
101009600,METROPOLITAN NASHVILLE POLICE DEPT,20151049414,Davidson,Nashville,11/14/2015 9:18:00 PM,2,0,0,36.117140,-86.726920,GLENROSE AV,,,,5.00,Feet,West,MASHBURN RD,,,,0.00,N,Not at Intersection,N,Non-Junction,None,,,         ,Jarret,Sonnenberg,Clear,Front to Rear,no,no,no,no,yes,False
101009602,METROPOLITAN NASHVILLE POLICE DEPT,20151049564,Davidson,Nashville,11/14/2015 12:00:00 AM,2,1,0,36.064810,-86.622110,HAMILTON CHURCH RD,,,,0.00,,,OWENDALE DR,,,,0.00,Y,T-Intersection,Y,Intersection,None,,,         ,Larry,Preuett,Clear,Angle,no,no,no,no,no,False
101009628,METROPOLITAN NASHVILLE POLICE DEPT,20151049622,Davidson,Nashville,11/14/2015 11:04:00 PM,1,1,0,36.167190,-86.763270,SHELBY AV,,,,150.00,Feet,East,S 4TH ST,,,,0.00,N,Not at Intersection,N,Non-Junction,None,,,         ,Christopher,Dameron,Clear,Not Collision with Motor Vehicle in Transport,yes,no,no,no,no,False