master_record_number,agency,agency_tracking_number,county,city,collision_date,vehicles_involved,number_injured,number_dead,latitude,longitude,roadway_name,roadway_suffix,roadway_number,roadway_local_id,distance_from_reference,miles-feet_indicator,direction_from_reference,intersection_road_name,intersection_road_name_suffix,intersection_road_number,intersection_local_id,mile_marker,intersection_indicator,intersect_type,interchange_related_indicator,relation_to_junction,work_zone_type,construction_maintenance_zone,construction_maintenance_zone_location,fatal_case_number,officer_first_name,officer_last_name,weather_condition(s),manner_of_crash,pedestrian,bicycle,scooter,parking,hitrun,mou
101009646,METROPOLITAN NASHVILLE POLICE DEPT,2015-1048717,Davidson,Nashville,11/14/2015 4:15:00 PM,2,0,0,36.063490,-86.843800,ASHLAND DR,,,,285.00,Feet,West,EARLINGTON DR,,,,0.00,N,Not at Intersection,N,Non-Junction,None,,,         ,William,King,Clear,Front to Rear,no,no,no,no,no,False
101009686,METROPOLITAN NASHVILLE POLICE DEPT,20151049805,Davidson,Nashville,11/15/2015 12:30:00 AM,1,0,0,36.235780,-86.765420,CREEKWOOD DR,,,,0.00,,,PARKWAY DR,,,,0.00,Y,OTHER,N,Non-Junction,None,,,         ,Craig,Amabile,Clear,Not Collision with Motor Vehicle in Transport,no,no,no,yes,yes,False
101009694,METROPOLITAN NASHVILLE POLICE DEPT,20151049932,Davidson,Nashville,11/14/2015 11:44:00 PM,2,0,0,36.205210,-86.596930,DUTCHMANS DR,,,,460.00,Feet,West,ALBANY DR,,,,0.00,N,Not at Intersection,N,Non-Junction,None,,,         ,Christina,Buckner,Clear,"Sideswipe, Same Direction",no,no,no,no,yes,False
101009697,METROPOLITAN NASHVILLE POLICE DEPT,20151050111,Davidson,Nashville,11/15/2015 3:15:00 AM,2,0,0,36.024770,-86.632320,I 24,,,,0.00,,,,,,,61.60,N,Not at Intersection, ,Non-Junction,None,,,         ,Benjamin,Froehlich,Clear,Front to Rear,no,no,no,no,no,False
101009698,METROPOLITAN NASHVILLE POLICE DEPT,20151049591,Davidson,Nashville,11/14/2015 10:40:00 PM,2,0,0,36.196420,-86.621310,LEBANON PKE,,,,150.00,Feet,South,OLD HICKORY BLVD,,,,0.00,N,Not at Intersection, ,Entrance/Exit Ramp Related,None,,,         ,Blake,Giles,Clear,Angle,no,no,no,no,no,False
101009700,VANDERBILT UNIVERSITY POLICE,15-1049572,Davidson,Nashville,11/14/2015 10:00:00 PM,2,0,0,36.146970,-86.808360,WEST END AV,,,,0.00,,,25TH AVS,,,,0.00,Y,T-Intersection, ,Intersection,None,,,         ,Martin,Hill,Clear,Front to Rear,no,no,no,no,no,Campus
101009710,METROPOLITAN NASHVILLE POLICE DEPT,20151050088,Davidson,Nashville,11/15/2015 3:27:00 AM,1,0,0,36.155790,-86.809560,CHARLOTTE AV,,,,10.00,Feet,East,23RD AVN,,,,0.00,N,Not at Intersection,N,Non-Junction,None,,,         ,Kevin,Frei,Clear,Not Collision with Motor Vehicle in Transport,no,no,no,no,yes,False
101009711,METROPOLITAN NASHVILLE POLICE DEPT,20151050054,Davidson,Nashville,11/15/2015 3:10:00 AM,2,0,0,36.162120,-86.782650,7TH AVN,,,,0.00,,,CHURCH ST,,,,0.00,Y,Four-Way, ,Intersection,None,,,         ,Carlos,angulo,Clear,Angle,no,no,no,no,no,False
101009713,METROPOLITAN NASHVILLE POLICE DEPT,20151050132,Davidson,Nashville,11/15/2015 3:03:00 AM,1,0,0,36.253180,-86.716810,GALLATIN PKES,,,,0.00,,,,,,,0.00,,,N,Non-Junction,None,,,         ,George,Ward,Clear,Not Collision with Motor Vehicle in Transport,no,no,no,no,no,False
101009715,METROPOLITAN NASHVILLE POLICE DEPT,20151050010,Davidson,Nashville,11/15/2015 1:56:00 AM,2,0,0,36.155090,-86.790980,BROADWAY,,,,112.00,Feet,West,15TH AVN,,,,0.00,N,Not at Intersection,N,Non-Junction,None,,,         ,Eugene,Martino,Clear,Not Collision with Motor Vehicle in Transport,no,no,no,no,yes,False
101009723,METROPOLITAN NASHVILLE POLICE DEPT,20151049850,Davidson,Nashville,11/15/2015 12:49:00 AM,1,2,0,36.135920,-86.727390,I24 E EXT RAMP,,,,0.00,Feet,East,I 24,,,,0.00,N,Not at Intersection,N,Entrance/Exit Ramp Related,None,,,         ,Dale,Dameron,Clear,Not Collision with Motor Vehicle in Transport,no,no,no,no,no,False
101009725,METROPOLITAN NASHVILLE POLICE DEPT,20151050084,Davidson,Nashville,11/15/2015 3:25:00 AM,2,0,0,36.130070,-86.714200,MILLWOOD DR,,,,0.00,,,,,,,0.00,,,N,Non-Junction,None,,,         ,Trevin,Tolbert,Clear,Unknown,no,no,no,yes,yes,False
101009727,METROPOLITAN NASHVILLE POLICE DEPT,20151047411,Davidson,Nashville,11/14/2015 12:00:00 AM,2,0,0,36.151440,-86.801990,HAYES ST,,,,0.00,,,21ST AVN,,,,0.00,Y,OTHER,N,Non-Junction,None,,,         ,Benjamin,Fisher,Clear,Unknown,no,no,no,yes,yes,Campus
101009730,METROPOLITAN NASHVILLE POLICE DEPT,20151049563,Davidson,Nashville,11/14/2015 12:00:00 AM,2,1,0,36.210140,-86.809660,W NOCTURNE DR,,,,435.00,Feet,South,NOCTURNE FOREST DR,,,,0.00,N,Not at Intersection,N,Non-Junction,None,,,         ,Charles,Duke,Clear,Front to Rear,no,no,no,no,no,False
101009749,VANDERBILT UNIVERSITY POLICE,15-1050109,Davidson,Nashville,11/15/2015 2:48:00 AM,1,0,0,36.106930,-86.763960,POWELL AV,,,,225.00,Feet,East,POWELL PL,,,,0.00,N,Not at Intersection,N,OtherLocation,None,,,         ,Walker,Veal III,Clear,Not Collision with Motor Vehicle in Transport,no,no,no,yes,no,OHO
101009760,METROPOLITAN NASHVILLE POLICE DEPT,20151038547,Davidson,Nashville,11/11/2015 1:30:00 PM,2,0,0,36.194790,-86.776160,I 65,,,,0.00,,,,,,,86.50,N,Not at Intersection, ,Non-Junction,None,,,         ,Steven,Spillers,Clear,"Sideswipe, Same Direction",no,no,no,no,no,False
101009761,METROPOLITAN NASHVILLE POLICE DEPT,20151050251,Davidson,Lakewood,11/15/2015 6:10:00 AM,1,0,0,36.239060,-86.629090,LAKESHORE DR,,,,288.00,Feet,East,STATE HWY 45,,,,0.00,N,Not at Intersection, ,Non-Junction,None,,,         ,Gregory,Dixon,Clear,Not Collision with Motor Vehicle in Transport,no,no,no,no,no,False
101009775,METROPOLITAN NASHVILLE POLICE DEPT,20151048229,Davidson,Nashville,11/14/2015 10:30:00 AM,2,0,0,36.111230,-86.749920,SEABOARD DR,,,,0.00,,,STATE HWY 155,,,,0.00,Y,Four-Way,N,Intersection,None,,,         ,Reuben,Hewit,Clear,HeadOn,no,no,no,no,yes,False
101009781,METROPOLITAN NASHVILLE POLICE DEPT,20151048462,Davidson,Nashville,11/14/2015 1:56:00 PM,2,0,0,36.213480,-86.775590,I 65,,,,0.00,,,,,,,87.85,N,Not at Intersection,N,Non-Junction,Construction Zone,Work On Shoulder Or Median,Unknown,         ,Noah,Melton,Clear,"Sideswipe, Same Direction",no,no,no,no,no,False
101009782,METROPOLITAN NASHVILLE POLICE DEPT,20151050301,Davidson,Nashville,11/15/2015 7:10:00 AM,2,0,0,36.062860,-86.697140,KEELEY DR,,,,0.00,,,PACKARD DR,,,,0.00,Y,Four-Way,N,Intersection,None,,,         ,Brian,Penny,Clear,Angle,no,no,no,no,yes,False
101009786,METROPOLITAN NASHVILLE POLICE DEPT,2015-1041893,Davidson,Nashville,11/12/2015 12:20:00 PM,2,0,0,36.156310,-86.807250,22ND AVN,,,,0.00,,,CHARLOTTE AV,,,,0.00,Y,Four-Way, ,Intersection,None,,,         ,Emily,Davies,Clear,Angle,no,no,no,no,no,False
101009790,METROPOLITAN NASHVILLE POLICE DEPT,2015-1050291,Davidson,Nashville,11/15/2015 2:35:00 AM,1,0,0,36.154750,-86.878020,WESTBORO DR,,,,32.00,Feet,North,BAGLEYSHOP DR,,,,0.00,N,Not at Intersection,N,Non-Junction,None,,,         ,Cesar,Castillo,Clear,Not Collision with Motor Vehicle in Transport,no,no,no,no,yes,False
101009791,METROPOLITAN NASHVILLE POLICE DEPT,20151048417,Davidson,Nashville,11/14/2015 1:25:00 PM,2,1,0,36.069120,-86.683840,ANTIOCH PKE,,,,0.00,,,RICHARDS RD,,,,0.00,Y,Four-Way,N,Intersection,None,,,         ,Brian,Lamb,Clear,Front to Rear,no,no,no,no,no,False
101009794,METROPOLITAN NASHVILLE POLICE DEPT,20151041918,Davidson,Nashville,11/12/2015 1:05:00 PM,2,0,0,36.042390,-86.830900,OLD HICKORY BLVD,,,,240.00,Feet,East,BRIDLEWOOD LN,,,,0.00,N,Not at Intersection,N,Non-Junction,None,,,         ,Jeremy,Stricklin,Clear,"Sideswipe, Opposite Direction",no,no,no,no,yes,False
101009801,GOODLETTSVILLE POLICE DEPT,15-42259,Davidson,Goodlettsville,11/14/2015 12:00:00 PM,2,0,0,36.305120,-86.702810,RIVERGATE PKWY,,,,205.00,Feet,South,MEADOW LARK LN,,,,0.00,N,Not at Intersection,N,Non-Junction,None,,,         ,John,Spencer,Clear,"Sideswipe, Same Direction",no,no,no,no,yes,False
101009807,METROPOLITAN NASHVILLE POLICE DEPT,20151048234,Davidson,Nashville,11/13/2015 10:00:00 PM,2,0,0,36.146660,-86.634040,NORWALK DR,,,,127.00,Feet,West,RESTOVER CT,,,,0.00,N,Not at Intersection,N,Non-Junction,None,,,         ,Justin,Franklin,Unknown,Rear to Side,no,no,no,no,yes,False
101009808,METROPOLITAN NASHVILLE POLICE DEPT,2015-1041331,Davidson,Nashville,11/12/2015 9:01:00 AM,2,0,0,36.151440,-86.801990,HAYES ST,,,,0.00,,,21ST AVN,,,,0.00,Y,Four-Way, ,Intersection,Construction Zone,,,         ,David,Barras,Clear,Front to Rear,no,no,no,no,no,Campus
101009813,METROPOLITAN NASHVILLE POLICE DEPT,20151047983,Davidson,Nashville,11/14/2015 12:00:00 AM,2,0,0,36.162230,-86.774360,1ST AVS,,,,0.00,,,1ST AVN,,,,0.00,Y,T-Intersection,N,Intersection,None,,,         ,John,Daugherty,Clear,Angle,no,no,no,no,yes,False
101009826,METROPOLITAN NASHVILLE POLICE DEPT,2015-1041526,Davidson,Nashville,11/12/2015 10:30:00 AM,2,0,0,36.125760,-86.776930,FRANKLIN PKE,,,,163.00,Feet,South,CRAIGHEAD ST,,,,0.00,N,Not at Intersection, ,Non-Junction,None,,,         ,David,Barras,Clear,"Sideswipe, Same Direction",no,no,no,no,no,False
101009848,METROPOLITAN NASHVILLE POLICE DEPT,20151050494,Davidson,Antioch,11/15/2015 9:04:00 AM,1,0,0,0.000000,0.000000,PIN HOOK RD,,,,30.00,Feet,South,PIN OAK RD,RD,,,0.00,N,Not at Intersection, ,Non-Junction,None,,,         ,Brian,Lamb,Clear,Not Collision with Motor Vehicle in Transport,no,no,no,no,no,False
101009865,METROPOLITAN NASHVILLE POLICE DEPT,2015-1050566,Davidson,Nashville,11/15/2015 9:59:00 AM,2,0,0,36.177760,-86.805940,WHELESS ST,,,,0.00,,,14TH AVE N,,,,0.00,Y,Four-Way,N,Intersection,None,,,         ,William,Caillouette,Cloudy,Angle,no,no,no,no,no,False
101009869,METROPOLITAN NASHVILLE POLICE DEPT,20151048471,Davidson,Nashville,11/14/2015 2:06:00 PM,2,0,0,36.045930,-86.675240,BELL RD,,,,271.00,Feet,West,BLUE HOLE RD,,,,0.00,N,Not at Intersection, ,Non-Junction,None,,,         ,Megan,Arnett,Clear,Front to Rear,no,no,no,no,no,False
101009872,METROPOLITAN NASHVILLE POLICE DEPT,20151050571,Davidson,Nashville,11/15/2015 10:04:00 AM,2,1,0,36.176640,-86.771010,SPRING ST,,,,0.00,,,DICKERSON PKE,,,,0.00,Y,T-Intersection,N,Non-Junction,None,,,         ,Craig,Amabile,Clear,Front to Rear,no,no,no,no,yes,False
101009876,METROPOLITAN NASHVILLE POLICE DEPT,20151050623,Davidson,Nashville,11/15/2015 10:25:00 AM,2,0,0,36.209940,-86.839200,CLARKSVILLE PKE,,,,392.00,Feet,South,NORTHSIDE STATION PVTDR,,,,0.00,N,Not at Intersection,N,OtherLocation,None,,,         ,Richard,Olive,Clear,"Sideswipe, Opposite Direction",no,no,no,yes,yes,False
101009900,METROPOLITAN NASHVILLE POLICE DEPT,20151050375,Davidson,Nashville,11/15/2015 8:12:00 AM,3,1,0,36.203080,-86.591610,TULIP GROVE RD,,,,2.00,Feet,South,SCOTTS CREEK PKWY,,,,0.00,N,Not at Intersection,N,"Driveway, Alley Access, etc",None,,,         ,George,Oden,Clear,Angle,no,no,no,no,no,False
101009906,METROPOLITAN NASHVILLE POLICE DEPT,2015-1048415,Davidson,Nashville,11/14/2015 1:02:00 PM,2,0,0,36.138480,-86.820000,WEST END AV,,,,291.00,Feet,North,MURPHY RD,,,,0.00,N,Not at Intersection, ,Non-Junction,None,,,         ,David,Anderson,Clear,Front to Rear,no,no,no,no,no,False
101009917,METROPOLITAN NASHVILLE POLICE DEPT,2015-1050635,Davidson,Nashville,11/15/2015 10:34:00 AM,2,0,0,36.085910,-86.701480,-- UNKNOWN RAMP/ROAD --,,,,0.00,,,I 24,,,,0.00,Y,OTHER,N,Entrance/Exit Ramp Related,None,,,         ,Stanley,Collins,Clear,Angle,no,no,no,no,no,False
101009926,METROPOLITAN NASHVILLE POLICE DEPT,2015-1050706,Davidson,Nashville,11/15/2015 11:10:00 AM,2,0,0,36.151900,-86.784230,12TH AVS,,,,0.00,,,11TH AVS,,,,0.00,Y,T-Intersection, ,Intersection,None,,,         ,William,Vincion,Clear,Front to Rear,no,no,no,no,no,False
101009943,METROPOLITAN NASHVILLE POLICE DEPT,20151048267,Davidson,Nashville,11/14/2015 11:34:00 AM,5,2,0,36.132840,-86.727150,I 24,,,,0.00,,,,,,,52.00,N,Not at Intersection,N,Non-Junction,None,,,         ,David,Simmonds,Clear,Front to Rear,no,no,no,no,no,False
101009944,METROPOLITAN NASHVILLE POLICE DEPT,20151050943,Davidson,Goodlettsville,11/15/2015 1:25:00 PM,2,0,0,36.309790,-86.695820,CONFERENCE DR,,,,73.00,Feet,North,VIETNAM VETERANS BLVD SB ENT R,,,,0.00,N,Not at Intersection, ,Non-Junction,None,,,         ,Alyson,Cook,Clear,Front to Rear,no,no,no,no,no,False
101009947,METROPOLITAN NASHVILLE POLICE DEPT,20151050833,Davidson,Nashville,11/15/2015 12:00:00 AM,1,1,0,36.105250,-86.704330,CURREY RD,,,,100.00,Feet,West,MCGAVOCK PKE,,,,0.00,N,Not at Intersection,N,Non-Junction,None,,,         ,Brent,Hedgcoth,Clear,Not Collision with Motor Vehicle in Transport,no,no,no,no,no,False
101009952,METROPOLITAN NASHVILLE POLICE DEPT,20151050767,Davidson,Not in City Limit,11/15/2015 11:40:00 AM,2,0,0,36.370110,-86.889690,WHITES CREEK PKE,,,,445.00,Feet,North,LAIN HOLLOW RD,,,,0.00,N,Not at Intersection,N,Non-Junction,None,,,         ,Richard,Olive,Clear,Front to Rear,no,no,no,no,no,False
101009954,METROPOLITAN NASHVILLE POLICE DEPT,20151050796,Davidson,Nashville,11/15/2015 11:55:00 AM,2,0,0,36.156560,-86.665000,DONELSON PKE,,,,0.00,,,EMERY DR,,,,0.00,Y,Four-Way,N,Non-Junction,None,,,         ,Caleb,Jernigan,Clear,Angle,no,no,no,no,no,False
101009961,METROPOLITAN NASHVILLE POLICE DEPT,20151050944,Davidson,Nashville,11/15/2015 12:54:00 PM,2,0,0,36.169550,-86.601000,I40 E EXT RAMP,,,,0.00,,,OLD HICKORY BLVD,,,,0.00,Y,Four-Way,N,Entrance/Exit Ramp Related,None,,,         ,Craig,Carlson,Cloudy,Front to Rear,no,no,no,no,yes,False
101009962,METROPOLITAN NASHVILLE POLICE DEPT,20151050920,Davidson,Nashville,11/15/2015 1:20:00 PM,2,0,0,36.183820,-86.748370,EASTLAND AV,,,,0.00,,,GALLATIN AV,,,,0.00,Y,T-Intersection,N,Intersection,None,,,         ,Jared,Eaves,Clear,Angle,no,no,no,no,no,False
101009970,METROPOLITAN NASHVILLE POLICE DEPT,2015-1050950,Davidson,Nashville,11/15/2015 1:19:00 PM,2,0,0,36.070050,-86.698930,HAYWOOD LN,,,,41.00,Feet,West,EAST RIDGE DR,,,,0.00,N,Not at Intersection,N,Non-Junction,None,,,         ,Stanley,Collins,Clear,Front to Rear,no,no,no,no,no,False
101009973,METROPOLITAN NASHVILLE POLICE DEPT,20151050041,Davidson,Nashville,11/15/2015 1:00:00 AM,2,0,0,36.082920,-86.702080,WALLACE RD,,,,201.00,Feet,North,LINBAR DR,,,,0.00,N,Not at Intersection,N,Non-Junction,None,,,         ,James,Thomas,Clear,HeadOn,no,no,no,no,yes,False
101009979,METROPOLITAN NASHVILLE POLICE DEPT,20151050994,Davidson,Not in City Limit,11/15/2015 1:58:00 PM,1,1,0,36.283970,-86.859220,OLD HICKORY BLVD,,,,0.60,Miles,North,BURGESS RD,,,,0.00,N,Not at Intersection,N,Non-Junction,None,,,         ,Justin,Fox,Clear,Not Collision with Motor Vehicle in Transport,no,no,no,no,no,False
101010012,METROPOLITAN NASHVILLE POLICE DEPT,20151049415,Davidson,Nashville,11/14/2015 9:13:00 PM,2,0,0,36.116730,-86.736090,LUTIE ST,,,,134.00,Feet,West,LUTIE DR,,,,0.00,N,Not at Intersection,N,Non-Junction,None,,,         ,John,Stanfield,Clear,Rear to Rear,no,no,no,no,yes,False
101010019,METROPOLITAN NASHVILLE POLICE DEPT,20151051075,Davidson,Goodlettsville,11/15/2015 2:40:00 PM,2,0,0,36.299560,-86.694090,SHEPHERD HILLS DR,,,,491.00,Feet,South,US HWY 31E,,,,0.00,N,Not at Intersection, ,"Driveway, Alley Access, etc",None,,,         ,Jessica,Ware,Clear,Angle,no,no,no,no,no,False
101010035,METROPOLITAN NASHVILLE POLICE DEPT,20151051145,Davidson,Nashville,11/15/2015 3:59:00 PM,2,0,0,36.150900,-86.770640,4TH AVS,,,,0.00,,,I40 W EXT RAMP,,,,0.00,Y,Four-Way,Y,Intersection,None,,,         ,Blaze,Williams,Clear,Angle,no,no,no,no,no,False
101010037,METROPOLITAN NASHVILLE POLICE DEPT,20151051141,Davidson,Nashville,11/15/2015 3:56:00 PM,2,0,0,36.162680,-86.785670,ROSA L PARKS BLVD,,,,0.00,,,,,,,0.00,,, ,Non-Junction,None,,,         ,Benjamin,Smith,Clear,Front to Rear,no,no,no,no,no,False
101010047,METROPOLITAN NASHVILLE POLICE DEPT,20151051136,Davidson,Nashville,11/15/2015 3:50:00 PM,2,0,0,36.142200,-86.762400,2ND AVS,,,,0.00,,,HART ST,,,,0.00,Y,T-Intersection,N,Intersection-Related,None,,,         ,Randy,Heinze,Clear,Front to Rear,no,no,no,no,no,False
101010058,METROPOLITAN NASHVILLE POLICE DEPT,20151051257,Davidson,Nashville,11/15/2015 3:43:00 PM,2,0,0,36.037400,-86.786570,FRANKLIN PKE,,,,0.00,,,OLD HICKORY BLVD,,,,0.00,Y,Four-Way,N,Intersection,None,,,         ,Peter,Knisley,Clear,Angle,no,no,no,no,yes,False
101010077,METROPOLITAN NASHVILLE POLICE DEPT,20151051308,Davidson,Nashville,11/15/2015 4:30:00 PM,2,0,0,36.069270,-86.692160,I24 E EXT RAMP,,,,0.00,,,I 24,,,,0.00,Y,T-Intersection, ,Intersection,None,,,         ,Ian,Lynch,Clear,Front to Rear,no,no,no,no,no,False
101010078,METROPOLITAN NASHVILLE POLICE DEPT,20151051157,Davidson,Nashville,11/15/2015 4:02:00 PM,2,0,0,36.116510,-86.798950,I 440,,,,0.00,,,,,,,3.30,N,Not at Intersection, ,Non-Junction,None,,,         ,Royce,McLester,Clear,"Sideswipe, Same Direction",no,no,no,no,no,False
101010079,METROPOLITAN NASHVILLE POLICE DEPT,20151051263,Davidson,Nashville,11/15/2015 5:05:00 PM,1,1,0,36.246770,-86.750010,SKYLINE MEMORIAL CT,,,,773.00,Feet,South,OLD DUE WEST AV,,,,0.00,N,Not at Intersection,N,Non-Junction,None,,,         ,Rodney,Phipps,Clear,Not Collision with Motor Vehicle in Transport,yes,no,no,yes,no,False
101010083,METROPOLITAN NASHVILLE POLICE DEPT,20151051271,Davidson,Nashville,11/15/2015 5:11:00 PM,3,1,0,36.140650,-86.721070,I 40,,,,0.00,,,,,,,213.60,N,Not at Intersection,N,Non-Junction,None,,,         ,Leslie,Hale,Clear,Front to Rear,no,no,no,no,no,False
101010091,METROPOLITAN NASHVILLE POLICE DEPT,20151051320,Davidson,Nashville,11/15/2015 12:00:00 AM,2,0,0,36.167700,-86.620710,RIVERBIRCH WAY,,,,245.00,Feet,South,RIVERWOOD VILLAGE BLVD,,,,0.00,N,Not at Intersection,N,Non-Junction,None,,,         ,Codey,Mullins,Clear,Unknown,no,no,no,no,yes,False
101010093,METROPOLITAN NASHVILLE POLICE DEPT,20151050764,Davidson,Nashville,11/15/2015 12:00:00 AM,2,0,0,36.047370,-86.694520,SUE DR,,,,263.00,Feet,South,ROXANNE DR,,,,0.00,N,Not at Intersection, ,Non-Junction,None,,,         ,Tamara,Zurawski,Clear,Unknown,no,no,no,yes,yes,False
101010103,METROPOLITAN NASHVILLE POLICE DEPT,20151051399,Davidson,Nashville,11/15/2015 6:03:00 PM,2,0,0,36.084160,-86.705890,LINBAR DR,,,,0.00,,,HARDING PL,,,,0.00,Y,Four-Way, ,,None,,,         ,Randy,Heinze,,,no,no,no,no,no,False
101010114,METROPOLITAN NASHVILLE POLICE DEPT,20151051514,Davidson,Not in City Limit,11/15/2015 6:10:00 PM,1,0,0,36.308980,-86.679660,GALLATIN PKEN,,,,500.00,Feet,East,RIVERCHASE BLVD,,,,0.00,N,Not at Intersection, ,Non-Junction,None,,,         ,James,Pierceall,Clear,Not Collision with Motor Vehicle in Transport,no,no,no,no,no,False
101010127,METROPOLITAN NASHVILLE POLICE DEPT,20151051581,Davidson,Nashville,11/15/2015 7:42:00 PM,1,0,0,36.170170,-86.807400,I 40,,,,0.00,,,,,,,207.25,N,Not at Intersection,N,Non-Junction,None,,,         ,Zachary,Ronan,Clear,Not Collision with Motor Vehicle in Transport,no,no,no,no,no,False
101010136,METROPOLITAN NASHVILLE POLICE DEPT,20151051445,Davidson,Not in City Limit,11/15/2015 6:30:00 PM,2,0,0,36.272840,-86.698530,ANDERSON LN,,,,46.00,Feet,West,SNOW AV,,,,0.00,N,Not at Intersection, ,Non-Junction,None,,,         ,Landon,Bagwell,Clear,Front to Rear,no,no,no,yes,no,False
101010145,METROPOLITAN NASHVILLE POLICE DEPT,2015-1051556,Davidson,Nashville,11/15/2015 7:35:00 PM,2,1,0,36.131880,-86.895530,CHARLOTTE PKE,,,,0.00,Feet,,I40 E ENT RAMP,,,,0.00,Y,Four-Way,N,Intersection,None,,,         ,Michael,Rogers,Clear,Angle,no,no,no,no,no,False
101010155,VANDERBILT UNIVERSITY POLICE,15-1051604,Davidson,Nashville,11/15/2015 7:58:00 PM,2,0,0,36.146070,-86.799550,SCARRITT PL,,,,0.00,,,21ST AVS,,,,0.00,Y,Four-Way, ,Non-Junction,None,,,         ,James,Goolsby,Clear,Front to Rear,no,no,no,no,no,Campus
101010161,METROPOLITAN NASHVILLE POLICE DEPT,20151051727,Davidson,Not in City Limit,11/15/2015 9:10:00 PM,1,0,0,36.265220,-86.830850,WHITES CREEK PKE,,,,172.00,Feet,South,OLD HICKORY BLVD,,,,0.00,N,Not at Intersection, ,Non-Junction,None,,,         ,Ashton,Hill,Clear,Not Collision with Motor Vehicle in Transport,no,no,no,no,no,False
101010187,METROPOLITAN NASHVILLE POLICE DEPT,20151051709,Davidson,Nashville,11/15/2015 12:00:00 AM,2,0,0,36.187950,-86.607770,OLD LEBANON DIRT RD,,,,0.00,,,ANDREW JACKSON PKWY,,,,0.00,Y,Four-Way,N,Non-Junction,None,,,         ,Austin,Childress,Clear,Front to Rear,no,no,no,no,no,False
101010192,METROPOLITAN NASHVILLE POLICE DEPT,20151051425,Davidson,Nashville,11/15/2015 6:24:00 PM,2,0,0,36.168550,-86.781330,GAY ST,,,,204.00,Feet,East,JAMES ROBERTSON PKWY,,,,0.00,N,Not at Intersection,N,Non-Junction,Construction Zone,,,         ,Mikala,Moore,Clear,Unknown,no,no,no,no,yes,False
101010205,METROPOLITAN NASHVILLE POLICE DEPT,20151051807,Davidson,Nashville,11/15/2015 12:00:00 AM,1,0,0,36.052680,-86.679160,TUSCULUM RD,,,,1038.00,Feet,East,BENZING RD,,,,0.00,N,Not at Intersection,N,Non-Junction,None,,,         ,Jarret,Sonnenberg,Clear,Not Collision with Motor Vehicle in Transport,no,no,no,no,yes,False
101010213,METROPOLITAN NASHVILLE POLICE DEPT,20151044019,Davidson,Nashville,11/13/2015 2:00:00 AM,1,1,0,36.157950,-86.784310,BROADWAY,,,,0.00,,,10TH AVN,,,,0.00,Y,T-Intersection,N,Non-Junction,None,,,         ,Carlos,angulo,Clear,Not Collision with Motor Vehicle in Transport,no,no,no,no,no,False
101010219,METROPOLITAN NASHVILLE POLICE DEPT,20151051072,Davidson,Antioch,11/15/2015 3:09:00 PM,1,0,0,36.025470,-86.587420,MURFREESBORO RD,,,,1646.00,Feet,North,WALDRON RD,,,,0.00,N,Not at Intersection,N,Non-Junction,None,,,         ,Kevin,Keating,Clear,Not Collision with Motor Vehicle in Transport,no,no,no,no,yes,False
101010232,METROPOLITAN NASHVILLE POLICE DEPT,20151046402,Davidson,Nashville,11/13/2015 6:00:00 PM,2,0,0,36.192880,-86.623830,JUAREZ DR,,,,0.00,,,LEBANON PKE,,,,0.00,Y,Four-Way, ,Non-Junction,None,,,         ,Darryl,Williams,Clear,"Sideswipe, Same Direction",no,no,no,no,yes,False
101010236,METROPOLITAN NASHVILLE POLICE DEPT,20151047390,Davidson,Not in City Limit,11/14/2015 12:00:00 AM,1,0,0,36.297230,-86.891900,BERNARD RD,,,,1101.00,Feet,West,BEAR HOLLOW RD,,,,0.00,N,Not at Intersection,N,Non-Junction,None,,,         ,Chad,Brown,Clear,Not Collision with Motor Vehicle in Transport,no,no,no,no,yes,False
101010241,METROPOLITAN NASHVILLE POLICE DEPT,20151051882,Davidson,Nashville,11/15/2015 10:38:00 PM,2,0,0,36.142240,-86.828960,NEBRASKA AVE,,,,12.00,Feet,West,37TH AVE N,,,,0.00,N,Not at Intersection,Y,Non-Junction,None,,,         ,Jeremy,Kidd,Clear,Angle,no,no,no,no,no,False
101010244,METROPOLITAN NASHVILLE POLICE DEPT,20151052016,Davidson,Nashville,11/15/2015 11:55:00 PM,2,2,0,36.109450,-86.728050,BRILEY PKWYN,,,,0.00,,,BRILEY PKWYS,,,,0.00,Y,Four-Way,N,Intersection,None,,,         ,Geoffrey,Daugherty,Clear,Front to Rear,no,no,no,no,no,False
101010250,METROPOLITAN NASHVILLE POLICE DEPT,20151050235,Davidson,Nashville,11/15/2015 5:58:00 AM,2,0,0,36.124990,-86.752200,NOLENSVILLE PKE,,,,0.00,,,ROSEDALE AV,,,,0.00,Y,T-Intersection,N,Intersection,None,,,         ,Geoffrey,Daugherty,Clear,"Sideswipe, Opposite Direction",no,no,no,no,yes,False
101010251,METROPOLITAN NASHVILLE POLICE DEPT,20151051832,Davidson,Nashville,11/15/2015 10:15:00 PM,4,3,0,36.209290,-86.775950,I 65,,,,0.00,,,,,,,87.55,N,Not at Intersection,Y,Entrance/Exit Ramp Related,Work Zone,Work On Shoulder Or Median,Unknown,         ,Terrance,McBride,Clear,"Sideswipe, Same Direction",no,no,no,no,no,False
101010296,METROPOLITAN NASHVILLE POLICE DEPT,20151052409,Davidson,Nashville,11/16/2015 4:00:00 AM,2,0,0,36.162420,-86.783760,POLK AV,,,,252.00,Feet,North,CHURCH ST,,,,0.00,N,Not at Intersection, ,,None,,,         ,Adam,Crutcher,,,no,no,no,no,no,False