master_record_number,agency,agency_tracking_number,county,city,collision_date,vehicles_involved,number_injured,number_dead,latitude,longitude,roadway_name,roadway_suffix,roadway_number,roadway_local_id,distance_from_reference,miles-feet_indicator,direction_from_reference,intersection_road_name,intersection_road_name_suffix,intersection_road_number,intersection_local_id,mile_marker,intersection_indicator,intersect_type,interchange_related_indicator,relation_to_junction,work_zone_type,construction_maintenance_zone,construction_maintenance_zone_location,fatal_case_number,officer_first_name,officer_last_name,weather_condition(s),manner_of_crash,pedestrian,bicycle,scooter,parking,hitrun,mou
101010746,METROPOLITAN NASHVILLE POLICE DEPT,20151054279,Davidson,Old Hickory,11/16/2015 5:20:00 PM,1,0,0,0.000000,0.000000,BERRY STREET,ST,,,10.00,Feet,North,,,,,0.01,N,Not at Intersection,N,Non-Junction,None,,,         ,Codey,Mullins,Cloudy,Not Collision with Motor Vehicle in Transport,no,no,no,yes,yes,False
101010759,METROPOLITAN NASHVILLE POLICE DEPT,20151053931,Davidson,Nashville,11/16/2015 3:12:00 PM,2,1,0,36.142450,-86.630470,ELM HILL PIKE,,,,1.00,Feet,East,WEMBERTON DR,,,,0.00,N,Not at Intersection,N,Non-Junction,None,,,         ,Marcus,Mitchell,Rain,Angle,no,no,no,no,yes,False
101010766,METROPOLITAN NASHVILLE POLICE DEPT,20151054496,Davidson,Nashville,11/16/2015 6:03:00 PM,2,2,0,36.161110,-86.760280,I 24,,,,0.00,,,,,,,49.40,N,Not at Intersection,N,Non-Junction,None,,,         ,Robert,Croteau,Clear,Angle,no,no,no,no,no,False
101010769,METROPOLITAN NASHVILLE POLICE DEPT,20151053908,Davidson,Nashville,11/16/2015 3:03:00 PM,2,0,0,36.178380,-86.802410,ARTHUR AVE,,,,0.00,,,JANE ST,,,,0.00,Y,Four-Way,N,Non-Junction,None,,,         ,James,Wray,Rain,Angle,no,no,no,no,no,False
101010773,METROPOLITAN NASHVILLE POLICE DEPT,20151054624,Davidson,Nashville,11/16/2015 3:20:00 PM,2,0,0,36.173590,-86.602150,CENTRAL PKE,,,,0.00,,,OLD HICKORY BLVD,,,,0.00,Y,Four-Way,N,Intersection,None,,,         ,George,Krukowski,Rain,Front to Rear,no,no,no,no,no,False
101010780,METROPOLITAN NASHVILLE POLICE DEPT,2015-1054474,Davidson,Nashville,11/16/2015 5:30:00 PM,2,0,0,36.171360,-86.767900,I 24,,,,0.00,,,,,,,48.40,N,Not at Intersection,N,Non-Junction,None,,,         ,Anthony,Cavis,Cloudy,Front to Rear,no,no,no,no,yes,False
101010786,METROPOLITAN NASHVILLE POLICE DEPT,20151054913,Davidson,Nashville,11/16/2015 9:57:00 PM,2,0,0,36.194040,-86.830870,BUENA VISTA PKE,,,,171.00,Feet,North,S HAMILTON RD,,,,0.00,N,Not at Intersection, ,Non-Junction,None,,,         ,Kyle,Arndt,Cloudy,"Sideswipe, Same Direction",no,no,no,no,yes,False
101010787,METROPOLITAN NASHVILLE POLICE DEPT,20151054971,Davidson,Nashville,11/16/2015 9:25:00 PM,2,2,0,36.119560,-86.726430,I 24,,,,0.00,,,,,,,53.00,N,Not at Intersection,Y,Non-Junction,None,,,         ,Randy,Heinze,Clear,Front to Rear,no,no,no,no,no,False
101010799,METROPOLITAN NASHVILLE POLICE DEPT,20151022623,Davidson,Nashville,11/6/2015 1:50:00 AM,1,0,0,36.167650,-86.747250,S 14TH ST,,,,50.00,Feet,South,SEVIER CT,,,,0.00,N,Not at Intersection,N,Non-Junction,None,,,         ,John,Tyree,Cloudy,Not Collision with Motor Vehicle in Transport,no,no,no,no,yes,False
101010810,METROPOLITAN NASHVILLE POLICE DEPT,20151054680,Davidson,Nashville,11/16/2015 7:45:00 PM,1,0,0,36.094020,-86.805900,LONE OAK RD,,,,92.00,Feet,East,BELMONT PARK TER,,,,0.00,N,Not at Intersection,N,Non-Junction,None,,,         ,Jacob,Crouch,Clear,Not Collision with Motor Vehicle in Transport,no,no,no,no,no,False
101010812,METROPOLITAN NASHVILLE POLICE DEPT,20151055065,Davidson,Nashville,11/16/2015 9:45:00 PM,2,0,0,36.080300,-86.717940,RECOVERY RD,,,,36.00,Feet,South,HARDING PL,,,,0.00,N,Not at Intersection,N,Non-Junction,None,,,         ,William,Durham,Cloudy,"Sideswipe, Same Direction",no,no,no,no,yes,False
101010818,METROPOLITAN NASHVILLE POLICE DEPT,20151054672,Davidson,Nashville,11/16/2015 7:39:00 PM,1,0,0,36.181000,-86.671090,HUNTERS HILL RD,,,,94.00,Feet,West,KNOBVIEW DR,,,,0.00,N,Not at Intersection,N,Non-Junction,None,,,         ,Bryan,Byrnes,Cloudy,Not Collision with Motor Vehicle in Transport,no,no,no,no,no,False
101010826,METROPOLITAN NASHVILLE POLICE DEPT,20151055148,Davidson,Nashville,11/16/2015 10:54:00 PM,1,0,0,36.148520,-86.745610,I 40,,,,0.00,,,,,,,211.90,N,Not at Intersection,N,Entrance/Exit Ramp Related,None,,,         ,Curtis,Fisher,Rain,Not Collision with Motor Vehicle in Transport,no,no,no,no,no,False
101010827,METROPOLITAN NASHVILLE POLICE DEPT,20151055152,Davidson,Nashville,11/16/2015 10:56:00 PM,2,0,0,36.106410,-86.819260,ABBOTT MARTIN RD,,,,0.00,,,RAMP,,,,0.00,Y,Four-Way, ,,None,,,         ,Jeremy,Kidd,,,no,no,no,no,no,False
101010839,METROPOLITAN NASHVILLE POLICE DEPT,20151049620,Davidson,Nashville,11/14/2015 11:04:00 PM,2,4,0,36.051560,-86.673260,BLUE HOLE RD,,,,289.00,Feet,North,TIMBERLAKE WAY,,,,0.00,N,Not at Intersection,N,Non-Junction,None,,,         ,John,Jean Baptiste,Clear,HeadOn,no,no,no,no,no,False
101010842,GOODLETTSVILLE POLICE DEPT,15-42563,Davidson,Goodlettsville,11/16/2015 11:28:00 PM,2,0,0,36.306800,-86.694600,VIETNAM VETERANS BLVD NB EXT R,,,,66.00,Feet,West,CONFERENCE DR,,,,0.00,N,Not at Intersection,Y,Entrance/Exit Ramp Related,None,,,         ,Brandon,Wright,Rain,Front to Rear,no,no,no,no,no,False
101010848,METROPOLITAN NASHVILLE POLICE DEPT,20151047873,Davidson,Nashville,11/14/2015 12:00:00 AM,2,0,0,36.209010,-86.775900,I65 N ENT RAMP,,,,0.00,Feet,East,I 65,,,,0.00,N,Not at Intersection,N,Non-Junction,Construction Zone,Work On Shoulder Or Median,Activity Area,         ,Ashley,Arnold,Clear,"Sideswipe, Same Direction",no,no,no,no,yes,False
101010849,METROPOLITAN NASHVILLE POLICE DEPT,20151055213,Davidson,Nashville,11/16/2015 11:10:00 PM,1,0,0,36.215890,-86.780360,BRICK CHURCH PKE,,,,679.00,Feet,South,WOODFOLK AV,,,,0.00,N,Not at Intersection, ,Non-Junction,None,,,         ,Eric,Mumaw,Clear,Not Collision with Motor Vehicle in Transport,no,no,no,no,no,False
101010861,METROPOLITAN NASHVILLE POLICE DEPT,20151052619,Davidson,Antioch,11/16/2015 6:03:00 AM,2,0,0,0.000000,0.000000,HOBSON PIKE,PIKE,SR0UNK,,10.00,Feet,West,HOBSON,PIKE,SR,,0.00,N,Not at Intersection, ,Non-Junction,None,,,         ,Benjamin,Froehlich,Clear,Front to Rear,no,no,no,no,no,False
101010914,METROPOLITAN NASHVILLE POLICE DEPT,2015-1055516,Davidson,Nashville,11/17/2015 2:07:00 AM,2,0,0,36.157930,-86.791610,I40 E ENT RAMP,,,,0.00,,,I 40,,,,0.00,Y,Four-Way,N,Intersection,None,,,         ,Craig,Oakley,Rain,Front to Rear,no,no,no,no,no,False
101010919,METROPOLITAN NASHVILLE POLICE DEPT,20151055789,Davidson,Nashville,11/17/2015 4:32:00 AM,1,1,0,36.110910,-86.717080,AVERITT EXPRESS DR,,,,0.00,,,I24 W ENT RAMP,,,,0.00,Y,OTHER,Y,Entrance/Exit Ramp Related,None,,,         ,James,Jensen,Clear,Not Collision with Motor Vehicle in Transport,no,no,no,no,no,False
101010935,METROPOLITAN NASHVILLE POLICE DEPT,20151047183,Davidson,Nashville,11/13/2015 11:41:00 PM,2,0,0,36.152800,-86.777770,7TH AVS,,,,0.00,,,DREXEL ST,,,,0.00,Y,T-Intersection,N,Non-Junction,None,,,         ,Carlos,angulo,Clear,Angle,no,no,no,no,no,False
101010938,VANDERBILT UNIVERSITY POLICE,15-1052696,Davidson,Nashville,11/16/2015 6:35:00 AM,2,0,0,36.142980,-86.810600,VANDERBILT PL,,,,0.00,,,,,,,0.00,,Not at Intersection, ,,None,,,         ,Rachel,Meyer,,,no,no,no,yes,no,Campus
101010948,METROPOLITAN NASHVILLE POLICE DEPT,20151055830,Davidson,Nashville,11/17/2015 5:10:00 AM,2,1,0,36.238200,-86.781960,STATE HWY 155,,,,45.00,Feet,West,EXIT 17,,,,0.00,N,Not at Intersection,Y,Entrance/Exit Ramp Related,None,,,         ,John,Joyce,Clear,"Sideswipe, Same Direction",no,no,no,no,no,False
101010949,METROPOLITAN NASHVILLE POLICE DEPT,20151053779,Davidson,Nashville,11/16/2015 2:05:00 PM,2,0,0,36.080240,-86.645400,MURFREESBORO PKE,,,,361.00,Feet,North,EDGE O LAKE DR,,,,0.00,N,Not at Intersection, ,Non-Junction,None,,,         ,Jason,Cregan,Rain,Angle,no,no,no,no,no,False
101010960,METROPOLITAN NASHVILLE POLICE DEPT,20151053693,Davidson,Nashville,11/16/2015 1:42:00 PM,2,1,0,36.109960,-86.770290,I 65,,,,0.00,,,,,,,79.75,N,Not at Intersection,N,Non-Junction,None,,,         ,Reuben,Hewit,,"Sideswipe, Same Direction",no,no,no,no,no,False
101010961,METROPOLITAN NASHVILLE POLICE DEPT,2015-1056026,Davidson,Nashville,11/17/2015 7:00:00 AM,3,0,0,36.120210,-86.808310,HILLSBORO PKE,,,,203.00,Feet,South,SHARONDALE DR,,,,0.00,N,Not at Intersection, ,,None,,,         ,Curtis,Rich,,,no,no,no,no,no,False
101010962,METROPOLITAN NASHVILLE POLICE DEPT,20151056034,Davidson,Nashville,11/17/2015 7:00:00 AM,2,0,0,36.256190,-86.714390,GALLATIN PKES,,,,0.00,,,NEELYS BEND RD,,,,0.00,Y,T-Intersection, ,,None,,,         ,William,Coy,,,no,no,no,no,no,False
101010963,METROPOLITAN NASHVILLE POLICE DEPT,20151056013,Davidson,Nashville,11/17/2015 6:30:00 AM,2,0,0,36.206830,-86.686220,FAIRBROOK DR,,,,481.00,Feet,South,KIMBERLY DR,,,,0.00,N,Not at Intersection, ,,None,,,         ,Joshua,Green,,,no,no,no,no,no,False
101010980,METROPOLITAN NASHVILLE POLICE DEPT,2015-1048439,Davidson,Nashville,11/14/2015 1:30:00 PM,2,0,0,36.047050,-86.862950,HILLSBORO PKE,,,,110.00,Feet,South,OLD HICKORY BLVD,,,,0.00,N,Not at Intersection,Y,Non-Junction,None,,,         ,Paul,Junkmann,Cloudy,Angle,no,no,no,no,no,False
101010983,METROPOLITAN NASHVILLE POLICE DEPT,20151056002,Davidson,Nashville,11/17/2015 5:55:00 AM,2,0,0,36.144390,-86.695290,I 40,,,,0.00,,,,,,,215.00,N,Not at Intersection, ,Non-Junction,None,,,         ,Jeffrey,Barfield,Cloudy,"Sideswipe, Same Direction",no,no,no,no,yes,False
101010985,METROPOLITAN NASHVILLE POLICE DEPT,2015-1056155,Davidson,Nashville,11/17/2015 8:00:00 AM,2,0,0,36.132880,-86.892780,CHARLOTTE PKE,,,,203.00,Feet,East,I40 E ENT RAMP,,,,0.00,N,Not at Intersection, ,Non-Junction,Construction Zone,,,         ,Curtis,Rich,Cloudy,Front to Rear,no,no,no,no,no,False
101010987,METROPOLITAN NASHVILLE POLICE DEPT,20151056099,Davidson,Nashville,11/17/2015 7:37:00 AM,1,0,0,36.254670,-86.846800,CLARKSVILLE PKE,,,,605.00,Feet,East,DRY FORK RD,,,,0.00,N,Not at Intersection,N,Non-Junction,None,,,         ,Noah,Melton,Rain,Not Collision with Motor Vehicle in Transport,no,no,no,no,no,False
101010995,METROPOLITAN NASHVILLE POLICE DEPT,20151056022,Davidson,Not in City Limit,11/17/2015 6:53:00 AM,2,0,0,36.264160,-86.737820,I 65,,,,0.00,,,,,,,92.25,N,Not at Intersection,N,Non-Junction,None,,,         ,Joe,Pennington,Cloudy,"Sideswipe, Same Direction",no,no,no,no,no,False
101011003,METROPOLITAN NASHVILLE POLICE DEPT,20151056039,Davidson,Nashville,11/17/2015 7:07:00 AM,1,0,0,36.065470,-86.763620,HOGAN RD,,,,5.00,Feet,East,STILLWOOD DR,,,,0.00,N,Not at Intersection,N,Non-Junction,None,,,         ,Tony,Folad,Cloudy,Not Collision with Motor Vehicle in Transport,no,no,no,no,no,False
101011010,METROPOLITAN NASHVILLE POLICE DEPT,20151053819,Davidson,Nashville,11/16/2015 2:33:00 PM,1,1,0,36.202710,-86.634500,JACKSONIAN DR,,,,0.00,,,BONNAFAIR DR,,,,0.00,Y,T-Intersection,N,Intersection,None,,,         ,Wesley,Young,Cloudy,Not Collision with Motor Vehicle in Transport,no,no,no,no,no,False
101011014,METROPOLITAN NASHVILLE POLICE DEPT,20151045606,Davidson,Nashville,11/13/2015 1:32:00 PM,2,1,0,36.102720,-86.772520,FRANKLIN PKE,,,,307.00,Feet,South,GLEN LEVEN DR,,,,0.00,N,Not at Intersection,N,Non-Junction,None,,,         ,Nathan,Kemp,Clear,Front to Rear,no,no,no,no,no,False
101011020,METROPOLITAN NASHVILLE POLICE DEPT,20151056125,Davidson,Nashville,11/17/2015 7:34:00 AM,2,0,0,35.996870,-86.689890,NOLENSVILLE PKE,,,,0.00,,,CONCORD RD,,,,0.00,Y,Four-Way, ,Intersection,None,,,         ,Randall,Combs,Clear,"Sideswipe, Same Direction",no,no,no,no,no,False
101011023,METROPOLITAN NASHVILLE POLICE DEPT,2015-1056359,Davidson,Not in City Limit,11/17/2015 9:00:00 AM,1,1,0,36.104230,-86.931870,I 40,,,,0.00,,,,,,,198.60,N,Not at Intersection,N,Non-Junction,None,,,         ,Curtis,Rich,Cloudy,Not Collision with Motor Vehicle in Transport,no,no,no,no,no,False
101011030,METROPOLITAN NASHVILLE POLICE DEPT,20151056036,Davidson,Nashville,11/17/2015 6:57:00 AM,2,0,0,36.142340,-86.710420,I 40,,,,0.00,,,,,,,214.20,N,Not at Intersection, ,Non-Junction,None,,,         ,Craig,Carlson,Cloudy,"Sideswipe, Same Direction",no,no,no,no,no,False
101011033,METROPOLITAN NASHVILLE POLICE DEPT,2015-1056292,Davidson,Nashville,11/17/2015 8:00:00 AM,2,0,0,36.037460,-86.646090,I 24,,,,0.00,,,,,,,60.30,N,Not at Intersection, ,Non-Junction,None,,,         ,Stanley,Collins,Clear,Front to Rear,no,no,no,no,no,False
101011034,METROPOLITAN NASHVILLE POLICE DEPT,20151056096,Davidson,Not in City Limit,11/17/2015 6:55:00 AM,1,0,0,36.269240,-86.755740,US HWY 31W,,,,12.00,Feet,West,STATE HWY 45,,,,0.00,N,Not at Intersection,N,Non-Junction,None,,,         ,William,Estes,Cloudy,Not Collision with Motor Vehicle in Transport,no,no,no,no,no,False
101011035,METROPOLITAN NASHVILLE POLICE DEPT,20151056076,Davidson,Nashville,11/17/2015 7:20:00 AM,2,1,0,36.089580,-86.621720,SMITH SPRINGS RD,,,,126.00,Feet,East,RURAL HILL RD,,,,0.00,N,Not at Intersection,N,Non-Junction,None,,,         ,Armonty,Houston,Cloudy,"Sideswipe, Same Direction",no,no,no,no,no,False
101011038,METROPOLITAN NASHVILLE POLICE DEPT,20151056016,Davidson,Nashville,11/17/2015 6:53:00 AM,1,0,0,36.125850,-86.629970,BELL RD,,,,92.00,Feet,North,HAMPTONS APT PVTDR,,,,0.00,N,Not at Intersection,N,Non-Junction,None,,,         ,Garren,Hoskins,Cloudy,Not Collision with Motor Vehicle in Transport,no,no,no,no,no,False
101011050,METROPOLITAN NASHVILLE POLICE DEPT,20151056436,Davidson,Nashville,11/17/2015 9:27:00 AM,2,0,0,36.076120,-86.806490,GRANNY WHITE PKE,,,,0.00,,,SAXON DR,,,,0.00,Y,T-Intersection, ,Intersection,None,,,         ,Nathan,Kemp,Clear,Angle,no,no,no,no,no,False
101011054,METROPOLITAN NASHVILLE POLICE DEPT,15-1056078,Davidson,Nashville,11/17/2015 12:30:00 AM,1,0,0,36.164740,-86.792230,11TH AVN,,,,0.00,,,JO JOHNSTON AV,,,,0.00,Y,OTHER, ,,Construction Zone,,,         ,Frank,Campbell,,,no,no,no,no,no,False
101011055,METROPOLITAN NASHVILLE POLICE DEPT,20151056358,Davidson,Nashville,11/17/2015 9:00:00 AM,2,1,0,36.038990,-86.782580,OLD HICKORY BLVD,,,,0.00,,,I65 N EXT RAMP,,,,0.00,Y,OTHER,N,Non-Junction,None,,,         ,Brent,Bauer,Clear,Front to Rear,no,no,no,no,no,False
101011063,METROPOLITAN NASHVILLE POLICE DEPT,15-1053700,Davidson,Nashville,11/16/2015 1:30:00 PM,2,0,0,36.182200,-86.650100,DANYACREST DR,,,,494.00,Feet,West,EDGEMONT DR,,,,0.00,N,Not at Intersection,N,Non-Junction,None,,,         ,Larry,Benz,Rain,Angle,no,no,no,yes,no,False
101011075,METROPOLITAN NASHVILLE POLICE DEPT,20151056481,Davidson,Nashville,11/17/2015 9:55:00 AM,2,0,0,36.086790,-86.694220,STATE HWY 255,,,,509.00,Feet,East,METROPLEX DR,,,,0.00,N,Not at Intersection, ,Non-Junction,None,,,         ,Roderic,Williams,Clear,Angle,no,no,no,no,no,False
101011076,METROPOLITAN NASHVILLE POLICE DEPT,2015-1056564,Davidson,Nashville,11/17/2015 10:00:00 AM,2,0,0,36.074480,-86.920940,OLD HICKORY BLVD,,,,0.00,,,HIGHWAY 70S,,,,0.00,Y,Four-Way, ,Intersection,None,,,         ,Curtis,Rich,Cloudy,Angle,no,no,no,no,no,False
101011095,METROPOLITAN NASHVILLE POLICE DEPT,20151056129,Davidson,Nashville,11/17/2015 7:46:00 AM,2,0,0,36.192430,-86.829230,CLARKSVILLE PKE,,,,64.00,Feet,West,CLIFF DR,,,,0.00,N,Not at Intersection, ,Non-Junction,None,,,         ,Charles,Ward,Clear,"Sideswipe, Same Direction",no,no,no,no,no,False
101011107,METROPOLITAN NASHVILLE POLICE DEPT,20151056562,Davidson,Nashville,11/17/2015 8:10:00 AM,2,0,0,36.081050,-86.630480,BELL RD,,,,200.00,Feet,West,PRIEST LAKE DR,,,,0.00,N,Not at Intersection,N,Non-Junction,None,,,         ,Garren,Hoskins,Cloudy,Angle,no,no,no,no,no,False
101011112,THP District 9 - Administrative,315058467,Davidson,Nashville,11/15/2015 2:50:00 PM,3,0,0,36.168590,-86.776400,JAMES ROBERTSON PKWY,,,,338.00,Feet,East,GAY ST,,,,0.00,N,Not at Intersection,N,Non-Junction,None,,,         ,Steve,Sakarapanee,Clear,Front to Rear,no,no,no,no,no,False
101011116,METROPOLITAN NASHVILLE POLICE DEPT,20151056469,Davidson,Nashville,11/17/2015 9:10:00 AM,1,0,0,36.067370,-86.663780,RICHARDS RD,,,,380.00,Feet,East,DEBRA DR,,,,0.00,N,Not at Intersection,N,"Driveway, Alley Access, etc",None,,,         ,Dante,Wade,Cloudy,Not Collision with Motor Vehicle in Transport,no,no,no,yes,no,False
101011126,METROPOLITAN NASHVILLE POLICE DEPT,20151056102,Davidson,Nashville,11/17/2015 7:15:00 AM,2,0,0,36.102360,-86.817180,US HWY 431,,,,486.00,Feet,South,WARFIELD DR,,,,0.00,N,Not at Intersection, ,Non-Junction,None,,,         ,Reuben,Hewit,Rain,"Sideswipe, Same Direction",no,no,no,no,no,False
101011129,METROPOLITAN NASHVILLE POLICE DEPT,20151056867,Davidson,Nashville,11/17/2015 12:27:00 PM,2,0,0,36.110950,-86.745510,THOMPSON LN,,,,87.00,Feet,West,NOLENSVILLE PKE,,,,0.00,N,Not at Intersection, ,Non-Junction,None,,,         ,Jessie,Meadows,Clear,Front to Rear,no,no,no,no,no,False
101011130,METROPOLITAN NASHVILLE POLICE DEPT,20151056829,Davidson,Nashville,11/17/2015 12:00:00 AM,1,0,0,36.163110,-86.776370,COMMERCE ST,,,,99.00,Feet,West,2ND AVN,,,,0.00,N,Not at Intersection, ,,None,,,         ,Michael,Dance,,,no,no,no,no,no,False
101011145,METROPOLITAN NASHVILLE POLICE DEPT,20151056764,Davidson,Nashville,11/17/2015 11:25:00 AM,5,2,0,36.156800,-86.805060,CHARLOTTE AV,,,,175.00,Feet,East,ARENA AV,,,,0.00,N,Not at Intersection,N,Non-Junction,None,,,         ,Nathan,Kemp,Clear,Front to Rear,no,no,no,no,no,False
101011146,METROPOLITAN NASHVILLE POLICE DEPT,20151056949,Davidson,Nashville,11/17/2015 12:15:00 PM,2,0,0,36.155650,-86.789720,14TH AVN,,,,0.00,,,BROADWAY,,,,0.00,Y,Four-Way, ,Intersection,None,,,         ,Nathan,Kemp,Clear,"Sideswipe, Same Direction",no,no,no,no,no,False
101011149,METROPOLITAN NASHVILLE POLICE DEPT,20151053143,Davidson,Nashville,11/16/2015 9:50:00 AM,2,2,0,36.141280,-86.731850,I 40,,,,0.00,,,,,,,213.00,N,Not at Intersection,Y,Entrance/Exit Ramp Related,None,,,         ,Nathan,Mayo,Clear,"Sideswipe, Same Direction",no,no,no,no,yes,False
101011172,METROPOLITAN NASHVILLE POLICE DEPT,20151057076,Davidson,Hermitage,11/17/2015 12:55:00 PM,1,0,0,36.168850,-86.568150,I 40,,,,0.00,,,,,,,222.65,N,Not at Intersection, ,,None,,,         ,John,Nicholson,,,no,no,no,no,no,False
101011185,METROPOLITAN NASHVILLE POLICE DEPT,20151056132,Davidson,Madison,11/17/2015 7:28:00 AM,2,2,0,0.000000,0.000000,EWING LANE,,US31,,1.00,Feet,West,,,,,0.10,N,Not at Intersection,N,Non-Junction,None,,,         ,Faye,Denson,Clear,Angle,no,no,no,no,no,False
101011195,METROPOLITAN NASHVILLE POLICE DEPT,20151057127,Davidson,Nashville,11/17/2015 1:04:00 PM,2,0,0,36.111160,-86.755230,THOMPSON LN,,,,0.00,,,SIDCO DR,,,,0.00,Y,T-Intersection,N,Intersection,None,,,         ,James,Smith,Clear,"Sideswipe, Same Direction",no,no,no,no,no,False
101011197,METROPOLITAN NASHVILLE POLICE DEPT,20151056859,Davidson,Nashville,11/17/2015 11:45:00 AM,2,0,0,36.138910,-86.772440,HAMILTON AV,,,,110.00,Feet,West,HAGAN ST,,,,0.00,N,Not at Intersection, ,Non-Junction,None,,,         ,Gregory,Lindstrom,Clear,Angle,no,no,no,no,no,False
101011198,METROPOLITAN NASHVILLE POLICE DEPT,20151054309,Davidson,Nashville,11/16/2015 5:30:00 PM,3,1,0,36.124540,-86.751940,NOLENSVILLE PKE,,,,181.00,Feet,South,ROSEDALE AV,,,,0.00,N,Not at Intersection,N,Non-Junction,None,,,         ,Christopher,Davis,Clear,Front to Rear,no,no,no,no,no,False
101011200,METROPOLITAN NASHVILLE POLICE DEPT,2015-1057211,Davidson,Nashville,11/17/2015 1:43:00 PM,2,0,0,36.126400,-86.845620,HARDING PKE,,,,50.00,Feet,West,RIDGEFIELD WAY,,,,0.00,N,Not at Intersection, ,Non-Junction,None,,,         ,Walter,Gray II,Cloudy,Angle,no,no,no,no,no,False
101011206,METROPOLITAN NASHVILLE POLICE DEPT,20151057275,Davidson,Nashville,11/17/2015 2:07:00 PM,1,0,0,36.169420,-86.579710,I 40,,,,0.00,,,,,,,222.00,N,Not at Intersection,N,Non-Junction,None,,,         ,Cassandra,Del Bosco,Cloudy,Not Collision with Motor Vehicle in Transport,no,no,no,no,no,False
101011207,METROPOLITAN NASHVILLE POLICE DEPT,20151057122,Davidson,Nashville,11/17/2015 1:09:00 PM,2,2,0,36.154450,-86.626170,STEWARTS FERRY PKE,,,,0.00,,,I40 E ENT RAMP,,,,0.00,Y,Four-Way,N,Intersection,None,,,         ,Justin,Franklin,Cloudy,Angle,no,no,no,no,no,False
101011233,METROPOLITAN NASHVILLE POLICE DEPT,2015-1057337,Davidson,Nashville,11/17/2015 2:22:00 PM,2,1,0,36.069180,-86.681660,RICHARDS RD,,,,152.00,Feet,West,CUMMINGS PARK DR,,,,0.00,N,Not at Intersection,N,Non-Junction,None,,,         ,William,Whitworth,Cloudy,Angle,no,no,no,yes,yes,False
101011235,METROPOLITAN NASHVILLE POLICE DEPT,20151057574,Davidson,Nashville,11/17/2015 12:00:00 AM,2,0,0,36.134740,-86.818580,CHESTERFIELD AVE,,,,111.00,Feet,North,MARLBOROUGH AVE,,,,0.00,N,Not at Intersection,N,Non-Junction,None,,,         ,Eric,Harvey,Unknown,"Sideswipe, Opposite Direction",no,no,no,no,yes,False
101011249,METROPOLITAN NASHVILLE POLICE DEPT,20151057641,Davidson,Nashville,11/17/2015 2:26:00 PM,2,0,0,36.136160,-86.788670,WEDGEWOOD AV,,,,0.00,,,12TH AVS,,,,0.00,Y,Four-Way, ,Intersection-Related,None,,,         ,Tien,Nguyen,Clear,Front to Rear,no,no,no,no,no,False
101011256,METROPOLITAN NASHVILLE POLICE DEPT,2015-1055993,Davidson,Nashville,11/17/2015 6:36:00 AM,3,1,0,36.155700,-86.629090,STEWARTS FERRY PKE,,,,635.00,Feet,West,I40 E EXT RAMP,,,,0.00,N,Not at Intersection,N,Non-Junction,None,,,         ,Jeb,Johnston,Cloudy,Front to Rear,no,no,no,no,no,False
101011258,METROPOLITAN NASHVILLE POLICE DEPT,20151057682,Davidson,Nashville,11/17/2015 4:02:00 PM,2,0,0,36.198440,-86.620270,LEBANON PKE,,,,0.00,,,OLD HICKORY BLVD,,,,0.00,Y,Four-Way, ,,None,,,         ,David,Stanley,,,no,no,no,no,no,False
101011260,METROPOLITAN NASHVILLE POLICE DEPT,20151053788,Davidson,Nashville,11/16/2015 2:20:00 PM,3,2,0,36.237800,-86.787110,I24 E EXT RAMP,,,,0.00,,,I 24,,,,0.00,Y,Y-Intersection,Y,Entrance/Exit Ramp Related,None,,,         ,Nathan,Dungan,Rain,"Sideswipe, Same Direction",no,no,no,no,no,False
101011261,METROPOLITAN NASHVILLE POLICE DEPT,2015-1052866,Davidson,Nashville,11/16/2015 8:14:00 AM,2,0,0,36.143970,-86.721440,ELM HILL PKE,,,,332.00,Feet,East,SPENCE LN,,,,0.00,N,Not at Intersection, ,Non-Junction,None,,,         ,Jeb,Johnston,Cloudy,Front to Rear,no,no,no,no,no,False
101011263,METROPOLITAN NASHVILLE POLICE DEPT,20151057567,Davidson,Nashville,11/17/2015 3:45:00 PM,2,0,0,36.119500,-86.733590,PICKELL DR,,,,0.00,,,PEACHTREE ST,,,,0.00,Y,Four-Way, ,Intersection,None,,,         ,Jacob,Masteller,Clear,HeadOn,no,no,no,no,no,False
101011265,METROPOLITAN NASHVILLE POLICE DEPT,2015-1057696,Davidson,Nashville,11/17/2015 4:20:00 PM,2,0,0,36.149820,-86.859400,CHARLOTTE PKE,,,,0.00,,,MIDLAND AV,,,,0.00,Y,T-Intersection, ,Intersection,None,,,         ,Christopher,Clark,Cloudy,Angle,no,no,no,no,no,False
101011267,METROPOLITAN NASHVILLE POLICE DEPT,20151057599,Davidson,Madison,11/17/2015 3:45:00 PM,2,0,0,36.264510,-86.730850,OLD HICKORY BLVDW,,,,186.00,Feet,West,N MARTHONA RD,,,,0.00,N,Not at Intersection,N,Non-Junction,None,,,         ,Nathan,Dungan,Clear,Front to Rear,no,no,no,no,no,False
101011275,METROPOLITAN NASHVILLE POLICE DEPT,20151057427,Davidson,Nashville,11/17/2015 3:25:00 PM,2,0,0,36.070280,-86.722080,NOLENSVILLE PKE,,,,0.00,Feet,East,COTTON LN,,,,0.00,N,Not at Intersection,N,Non-Junction,None,,,         ,Jessie,Meadows,Clear,Angle,no,no,no,no,no,False