master_record_number,agency,agency_tracking_number,county,city,collision_date,vehicles_involved,number_injured,number_dead,latitude,longitude,roadway_name,roadway_suffix,roadway_number,roadway_local_id,distance_from_reference,miles-feet_indicator,direction_from_reference,intersection_road_name,intersection_road_name_suffix,intersection_road_number,intersection_local_id,mile_marker,intersection_indicator,intersect_type,interchange_related_indicator,relation_to_junction,work_zone_type,construction_maintenance_zone,construction_maintenance_zone_location,fatal_case_number,officer_first_name,officer_last_name,weather_condition(s),manner_of_crash,pedestrian,bicycle,scooter,parking,hitrun,mou
101033250,METROPOLITAN NASHVILLE POLICE DEPT,20151067978,Davidson,Nashville,11/20/2015 11:44:00 AM,2,0,0,36.192430,-86.616160,OLD HICKORY BLVD,,,,0.00,,,JUAREZ DR,,,,0.00,Y,Four-Way, ,Intersection-Related,None,,,         ,George,Oden,Clear,"Sideswipe, Same Direction",no,no,no,no,no,False
101033275,METROPOLITAN NASHVILLE POLICE DEPT,20151067920,Davidson,Nashville,11/20/2015 12:15:00 PM,2,0,0,36.142810,-86.666640,DONELSON PKE,,,,187.00,Feet,North,I40 W ENT RAMP,,,,0.00,N,Not at Intersection, ,Non-Junction,None,,,         ,Ralph,Harvey,Clear,Angle,no,no,no,no,no,False
101033306,METROPOLITAN NASHVILLE POLICE DEPT,20151068138,Davidson,Not in City Limit,11/20/2015 2:17:00 PM,1,1,0,36.273960,-86.877570,OLD HICKORY BLVD,,,,711.00,Feet,West,CARNEY RD,,,,0.00,N,Not at Intersection,N,Non-Junction,None,,,         ,Dontaveous,Eubanks,Clear,Not Collision with Motor Vehicle in Transport,no,no,no,no,no,False
101033307,METROPOLITAN NASHVILLE POLICE DEPT,15-1068079,Davidson,Nashville,11/20/2015 12:20:00 PM,2,0,0,36.156580,-86.787480,12TH AVS,,,,0.00,,,BROADWAY,,,,0.00,Y,Four-Way, ,Intersection,None,,,         ,Frank,Campbell,Clear,Other,no,no,no,no,no,False
101033310,METROPOLITAN NASHVILLE POLICE DEPT,20151068135,Davidson,Nashville,11/20/2015 2:20:00 PM,1,1,0,0.000000,0.000000,I 40 WEST,,,,100.00,Feet,East,,,,,218.40,N,Not at Intersection,N,Non-Junction,None,,,         ,Caleb,Jernigan,Clear,Not Collision with Motor Vehicle in Transport,no,no,no,no,no,False
101033311,METROPOLITAN NASHVILLE POLICE DEPT,20151068200,Davidson,Nashville,11/20/2015 2:59:00 PM,2,2,0,36.141670,-86.713740,I 40,,,,0.00,,,,,,,214.00,N,Not at Intersection,N,Non-Junction,None,,,         ,Tyler,Conrads,Clear,Front to Rear,no,no,no,no,no,False
101033316,METROPOLITAN NASHVILLE POLICE DEPT,20151067256,Davidson,Nashville,11/20/2015 6:56:00 AM,2,1,0,36.138670,-86.705660,PATRICIA DR,,,,152.00,Feet,South,KAREN DR,,,,0.00,N,Not at Intersection,N,"Driveway, Alley Access, etc",None,,,         ,Terry,Denton,Clear,Angle,no,no,no,no,no,False
101033322,METROPOLITAN NASHVILLE POLICE DEPT,20151068108,Davidson,Nashville,11/18/2015 12:00:00 PM,1,0,0,36.182280,-86.640120,LEBANON PKE,,,,462.00,Feet,East,JACKSON DOWNS BLVD,,,,0.00,N,Not at Intersection, ,OtherLocation,None,,,         ,Shawn,Taylor,Clear,Not Collision with Motor Vehicle in Transport,no,no,no,yes,no,False
101033323,METROPOLITAN NASHVILLE POLICE DEPT,20151068188,Davidson,Nashville,11/20/2015 2:43:00 PM,2,0,0,36.089140,-86.627450,BELL RD,,,,0.00,,,NASHBORO BLVD,,,,0.00,Y,T-Intersection, ,Non-Junction,None,,,         ,Michael,Apsey,Clear,Front to Rear,no,no,no,no,no,False
101033349,METROPOLITAN NASHVILLE POLICE DEPT,20151068281,Davidson,Nashville,11/20/2015 3:26:00 PM,2,0,0,36.127760,-86.790440,LINDEN AVE,,,,276.00,Feet,East,15TH AVE S,,,,0.00,N,Not at Intersection, ,Non-Junction,None,,,         ,Clyde,Stambaugh,Clear,Angle,no,no,no,no,no,False
101033352,THP District 3 - Nashville,315059190,Davidson,Nashville,11/19/2015 6:00:00 PM,2,0,0,36.125780,-86.813960,I 440,,,,0.00,,,,,,,2.35,N,Not at Intersection, ,Non-Junction,None,,,         ,Lauren,Dalton,Clear,Front to Rear,no,no,no,no,no,False
101033381,METROPOLITAN NASHVILLE POLICE DEPT,2015-1068335,Davidson,Nashville,11/20/2015 3:51:00 PM,3,0,0,36.144450,-86.822250,I 440,,,,0.00,,,,,,,1.10,N,Not at Intersection,N,Non-Junction,None,,,         ,Walter,Gray II,Clear,Front to Rear,no,no,no,no,no,False
101033387,METROPOLITAN NASHVILLE POLICE DEPT,20151068354,Davidson,Nashville,11/20/2015 3:26:00 PM,3,0,0,36.211320,-86.710200,RIVERWOOD DR,,,,291.00,Feet,West,MILTON DR,,,,0.00,N,Not at Intersection,N,Non-Junction,None,,,         ,Rachael,Sacco,Clear,Angle,no,no,no,no,yes,False
101033397,METROPOLITAN NASHVILLE POLICE DEPT,2015-1068498,Davidson,Nashville,11/20/2015 4:34:00 PM,2,0,0,36.150290,-86.801620,WEST END AV,,,,136.00,Feet,West,21ST AVS,,,,0.00,N,Not at Intersection, ,Non-Junction,None,,,         ,Austin,Kendrick,Clear,"Sideswipe, Same Direction",no,no,no,no,no,Campus
101033403,METROPOLITAN NASHVILLE POLICE DEPT,20151068342,Davidson,Nashville,11/20/2015 3:50:00 PM,2,1,0,36.248240,-86.723590,DUE WEST AVW,,,,0.00,Feet,East,GIBSON DR,,,,0.00,N,Not at Intersection,N,Non-Junction,None,,,         ,Byron,Dewalt,Clear,Front to Rear,no,no,no,no,no,False
101033408,METROPOLITAN NASHVILLE POLICE DEPT,20151068369,Davidson,Nashville,11/20/2015 4:01:00 PM,2,0,0,36.142800,-86.744360,FESSLERS LN,,,,0.00,,,MURFREESBORO PKE,,,,0.00,Y,Four-Way, ,Intersection,None,,,         ,Shawn,Taylor,Clear,"Sideswipe, Same Direction",no,no,no,no,no,False
101033424,VANDERBILT UNIVERSITY POLICE,15-1068445,Davidson,Nashville,11/20/2015 4:25:00 PM,2,0,0,36.145250,-86.807130,25TH AVS,,,,180.00,Feet,North,VANDERBILT PL,,,,0.00,N,Not at Intersection, ,"Driveway, Alley Access, etc",None,,,         ,William,Gladu,Clear,Angle,no,no,no,no,no,Campus
101033429,METROPOLITAN NASHVILLE POLICE DEPT,20151068419,Davidson,Nashville,11/20/2015 4:15:00 PM,2,2,0,36.176120,-86.794760,TAYLOR ST,,,,144.00,Feet,North,9TH AVN,,,,0.00,N,Not at Intersection,N,Non-Junction,None,,,         ,Christopher,Mackey,Clear,Front to Rear,no,no,no,yes,no,False
101033434,METROPOLITAN NASHVILLE POLICE DEPT,20151068254,Davidson,Nashville,11/20/2015 3:20:00 PM,2,0,0,36.062640,-86.682620,I 24,,,,0.00,,,,,,,57.60,N,Not at Intersection, ,Non-Junction,None,,,         ,Rickie,Corman,Clear,"Sideswipe, Same Direction",no,no,no,no,no,False
101033436,METROPOLITAN NASHVILLE POLICE DEPT,20151068606,Davidson,Nashville,11/20/2015 5:38:00 PM,2,0,0,36.104410,-86.741890,NOLENSVILLE PKE,,,,114.00,Feet,North,MCIVER ST,,,,0.00,N,Not at Intersection, ,Non-Junction,None,,,         ,Jarret,Sonnenberg,Clear,HeadOn,no,no,no,no,no,False
101033442,METROPOLITAN NASHVILLE POLICE DEPT,20151068175,Davidson,Nashville,11/20/2015 12:00:00 AM,2,0,0,36.235100,-86.785660,I 24,,,,0.00,,,,,,,43.75,N,Not at Intersection, ,Non-Junction,None,,,         ,Melvin,Taylor,Clear,Front to Rear,no,no,no,no,no,False
101033447,METROPOLITAN NASHVILLE POLICE DEPT,20151068613,Davidson,Nashville,11/20/2015 5:47:00 PM,3,3,0,36.127230,-86.695870,BRILEY PKWY,,,,0.00,,,INTERNATIONAL PLZ,,,,0.00,Y,T-Intersection,N,Non-Junction,None,,,         ,Michael,Apsey,Clear,Front to Rear,no,no,no,no,no,False
101033452,METROPOLITAN NASHVILLE POLICE DEPT,20151068608,Davidson,Nashville,11/20/2015 5:34:00 PM,2,0,0,36.179740,-86.762670,ELLINGTON PKWYN,,,,688.00,Feet,North,ELLINGTON PKWYS,,,,0.00,N,Not at Intersection,N,Non-Junction,None,,,         ,Kyle,Arndt,Clear,Front to Rear,no,no,no,no,no,False
101033456,METROPOLITAN NASHVILLE POLICE DEPT,20151068472,Davidson,Nashville,11/20/2015 4:13:00 PM,2,0,0,36.116030,-86.810570,US HWY 431,,,,0.00,,,HAMPTON AVE,,,,0.00,Y,T-Intersection,N,Intersection,None,,,         ,Mekisha,Page,Clear,Angle,no,no,no,no,no,False
101033459,METROPOLITAN NASHVILLE POLICE DEPT,20151068375,Davidson,Nashville,11/20/2015 3:42:00 PM,2,0,0,36.115790,-86.782460,I 440,,,,0.00,,,,,,,4.40,N,Not at Intersection,N,Non-Junction,None,,,         ,Nicholas,Smith,Clear,Front to Rear,no,no,no,no,no,False
101033466,METROPOLITAN NASHVILLE POLICE DEPT,20151068689,Davidson,Nashville,11/20/2015 12:00:00 AM,2,0,0,36.141730,-86.671250,I 40,,,,0.00,,,,,,,215.00,N,Not at Intersection,N,Non-Junction,None,,,         ,Austin,Childress,Clear,Front to Rear,no,no,no,no,no,False
101033469,METROPOLITAN NASHVILLE POLICE DEPT,20151068333,Davidson,Nashville,11/20/2015 3:50:00 PM,2,0,0,36.244370,-86.747280,I 65,,,,0.00,,,,,,,90.70,N,Not at Intersection,N,Non-Junction,None,,,         ,Nathan,Dungan,Clear,Front to Rear,no,no,no,no,no,False
101033487,METROPOLITAN NASHVILLE POLICE DEPT,20151068816,Davidson,Nashville,11/20/2015 7:35:00 PM,2,0,0,36.117100,-86.799880,I 440,,,,0.00,,,,,,,3.25,N,Not at Intersection, ,Non-Junction,None,,,         ,Mekisha,Page,Clear,Front to Rear,no,no,no,no,no,False
101033488,METROPOLITAN NASHVILLE POLICE DEPT,20151068708,Davidson,Nashville,11/20/2015 6:32:00 PM,2,1,0,36.163180,-86.761660,I 24,,,,0.00,,,,,,,49.25,N,Not at Intersection,N,Non-Junction,None,,,         ,Cressie,Prill,Clear,Front to Rear,no,no,no,no,no,False
101033491,METROPOLITAN NASHVILLE POLICE DEPT,20151060879,Davidson,Madison,11/18/2015 12:45:00 PM,3,1,0,36.262820,-86.680970,STATE RT 45,,,,0.00,,,RIO VISTA DR,,,,0.00,Y,Four-Way,N,Intersection,None,,,         ,William,Estes,Rain,Front to Rear,no,no,no,no,no,False
101033493,METROPOLITAN NASHVILLE POLICE DEPT,20151068800,Davidson,Nashville,11/20/2015 7:12:00 PM,1,1,0,36.207110,-86.735990,GALLATIN PKE,,,,58.00,Feet,North,MAYNOR AV,,,,0.00,N,Not at Intersection,N,Non-Junction,None,,,         ,Rachael,Sacco,Clear,Not Collision with Motor Vehicle in Transport,yes,no,no,no,no,False
101033497,METROPOLITAN NASHVILLE POLICE DEPT,20151068486,Davidson,Nashville,11/20/2015 4:56:00 PM,3,2,0,36.138440,-86.723510,SPENCE LN,,,,264.00,Feet,South,CORNELIA ST,,,,0.00,N,Not at Intersection,N,Non-Junction,None,,,         ,George,Krukowski,Clear,Front to Rear,no,no,no,no,no,False
101033504,METROPOLITAN NASHVILLE POLICE DEPT,2015-1068394,Davidson,Nashville,11/20/2015 3:46:00 PM,1,0,0,36.030850,-86.748260,CLOVERLAND DR,,,,300.00,Feet,West,STERLING OAKS DR,,,,0.00,N,Not at Intersection, ,Non-Junction,None,,,         ,William,King,Clear,Not Collision with Motor Vehicle in Transport,no,no,no,no,no,False
101033510,METROPOLITAN NASHVILLE POLICE DEPT,20151068131,Davidson,Nashville,11/20/2015 2:18:00 PM,2,2,0,36.178050,-86.751820,MAIN ST,,,,59.00,Feet,West,N 10TH ST,,,,0.00,N,Not at Intersection,N,Non-Junction,None,,,         ,Robert,Croteau,Clear,Front to Rear,no,no,no,no,no,False
101033512,METROPOLITAN NASHVILLE POLICE DEPT,20151068820,Davidson,Nashville,11/20/2015 7:17:00 PM,2,0,0,36.074140,-86.768790,I 65,,,,0.00,,,,,,,77.20,N,Not at Intersection,N,Non-Junction,None,,,         ,Clyde,Stambaugh,Clear,"Sideswipe, Same Direction",no,no,no,no,no,False
101033514,METROPOLITAN NASHVILLE POLICE DEPT,20151065604,Davidson,Nashville,11/19/2015 6:54:00 PM,3,2,0,36.038360,-86.677340,BLUE HOLE RD,,,,198.00,Feet,South,CRYSTAL BROOK DR,,,,0.00,N,Not at Intersection,N,Non-Junction,None,,,         ,Joseph,Progar,Cloudy,HeadOn,no,no,no,no,no,False
101033518,METROPOLITAN NASHVILLE POLICE DEPT,20151068492,Davidson,Nashville,11/20/2015 4:56:00 PM,2,0,0,36.151070,-86.784340,DIVISION ST,,,,0.00,,,12TH AVS,,,,0.00,Y,Four-Way,N,Intersection-Related,None,,,         ,Mikala,Moore,Clear,Front to Rear,no,no,no,no,no,False
101033521,METROPOLITAN NASHVILLE POLICE DEPT,20151068276,Davidson,Nashville,11/20/2015 3:49:00 PM,2,0,0,36.244270,-86.757910,SKYLINE COMMONS PVTDR,,,,0.00,,,,,,,0.00,,, ,Non-Junction,None,,,         ,Samuel,Miller,Clear,"Sideswipe, Same Direction",no,no,no,yes,no,False
101033522,METROPOLITAN NASHVILLE POLICE DEPT,20151068487,Davidson,Nashville,11/20/2015 4:54:00 PM,2,1,0,36.245830,-86.721680,GALLATIN PKES,,,,344.00,Feet,South,BERKLEY DR,,,,0.00,N,Not at Intersection,N,Non-Junction,None,,,         ,Samuel,Miller,Clear,Angle,no,no,no,no,no,False
101033523,METROPOLITAN NASHVILLE POLICE DEPT,20151068764,Davidson,Nashville,11/20/2015 6:57:00 PM,2,0,0,36.209140,-86.775970,I 65,,,,0.00,,,,,,,87.55,N,Not at Intersection, ,Non-Junction,Construction Zone,,,         ,Samuel,Miller,Clear,"Sideswipe, Same Direction",no,no,no,no,no,False
101033527,METROPOLITAN NASHVILLE POLICE DEPT,20151068911,Davidson,Nashville,11/20/2015 6:35:00 PM,2,1,0,36.194140,-86.604380,STONERS GLEN DR,,,,728.00,Feet,West,STONERS GLEN CT,,,,0.00,N,Not at Intersection,N,Non-Junction,None,,,         ,Codey,Mullins,Clear,HeadOn,no,no,no,no,no,False
101033531,METROPOLITAN NASHVILLE POLICE DEPT,20151068683,Davidson,Nashville,11/20/2015 6:22:00 PM,3,3,0,36.100820,-86.764430,I 65,,,,0.00,,,,,,,79.10,N,Not at Intersection,N,Non-Junction,None,,,         ,Brenton,Adcox,Clear,Front to Rear,no,no,no,no,no,False
101033537,METROPOLITAN NASHVILLE POLICE DEPT,20151068434,Davidson,Nashville,11/20/2015 3:55:00 PM,2,0,0,36.041660,-86.660750,BELL HOLLOW APTS PVTDR,,,,83.00,Feet,East,CANE RIDGE RD,,,,0.00,N,Not at Intersection, ,Non-Junction,None,,,         ,Tamara,Zurawski,Clear,Angle,no,no,no,no,no,False
101033538,METROPOLITAN NASHVILLE POLICE DEPT,20151068602,Davidson,Nashville,11/20/2015 7:27:00 PM,3,0,0,36.207020,-86.791600,W TRINITY LN,,,,0.00,,,WHITES CREEK PKE,,,,0.00,Y,Four-Way, ,Intersection,None,,,         ,Christopher,Kelly,Clear,Front to Rear,no,no,no,no,no,False
101033539,METROPOLITAN NASHVILLE POLICE DEPT,20151068860,Davidson,Nashville,11/20/2015 7:15:00 PM,2,3,0,36.174280,-86.787420,JEFFERSON ST,,,,0.00,,,5TH AVN,,,,0.00,Y,Four-Way,N,Intersection,None,,,         ,Jonathan,Weeks,Clear,Angle,no,no,no,no,no,False
101033540,VANDERBILT UNIVERSITY POLICE,15-1065400,Davidson,Nashville,11/19/2015 4:30:00 PM,2,0,0,36.137570,-86.809340,BELCOURT AV,,,,0.00,,,,,,,0.00,,Not at Intersection,N,Non-Junction,None,,,         ,Errikka,Wilbourn,Clear,Angle,no,no,no,yes,yes,Campus
101033546,METROPOLITAN NASHVILLE POLICE DEPT,20151068778,Davidson,Not in City Limit,11/20/2015 7:04:00 PM,1,2,0,36.319780,-86.895700,CLARKSVILLE PKE,,,,397.00,Feet,East,OLD CLARKSVILLE PKE,,,,0.00,N,Not at Intersection,N,Non-Junction,None,,,         ,Dontaveous,Eubanks,Clear,Not Collision with Motor Vehicle in Transport,no,no,no,no,no,False
101033548,METROPOLITAN NASHVILLE POLICE DEPT,20151068245,Davidson,Nashville,11/20/2015 3:19:00 PM,2,2,0,36.156080,-86.767420,HERMITAGE AV,,,,0.00,,,,,,,0.00,,,N,Non-Junction,None,,,         ,Benjamin,Smith,Clear,"Sideswipe, Opposite Direction",no,no,no,no,no,False
101033549,METROPOLITAN NASHVILLE POLICE DEPT,20151068929,Davidson,Nashville,11/20/2015 7:21:00 PM,2,0,0,36.173710,-86.759830,WOODLAND ST,,,,155.00,Feet,East,S 7TH ST,,,,0.00,N,Not at Intersection,N,Non-Junction,None,,,         ,Jarred,Ruhlman,Clear,Front to Rear,no,no,no,no,yes,False
101033551,METROPOLITAN NASHVILLE POLICE DEPT,20151068999,Davidson,Nashville,11/20/2015 8:27:00 PM,2,0,0,36.207940,-86.717020,STRATFORD AV,,,,0.00,,,MCGAVOCK PKE,,,,0.00,Y,Four-Way, ,Intersection,None,,,         ,Rachael,Sacco,Clear,Angle,no,no,no,no,no,False
101033552,METROPOLITAN NASHVILLE POLICE DEPT,20151069038,Davidson,Nashville,11/20/2015 8:37:00 PM,2,0,0,36.079170,-86.727540,STATE HWY 255,,,,132.00,Feet,West,RAMP,,,,0.00,N,Not at Intersection, ,Non-Junction,None,,,         ,Clyde,Stambaugh,Clear,Angle,no,no,no,no,no,False
101033553,METROPOLITAN NASHVILLE POLICE DEPT,20151068971,Davidson,Nashville,11/20/2015 8:11:00 PM,2,0,0,36.156010,-86.788830,13TH AVE S,,,,0.00,,,US HWY 70,,,,0.00,Y,Four-Way,N,Intersection,None,,,         ,Pedro,Rivera Chaparro,Clear,Angle,no,no,no,no,yes,False
101033556,METROPOLITAN NASHVILLE POLICE DEPT,20151068980,Davidson,Nashville,11/20/2015 7:15:00 PM,2,0,0,36.120460,-86.808140,US HWY 431,,,,100.00,Feet,South,LOMBARDY AVE,,,,0.00,N,Not at Intersection, ,Non-Junction,None,,,         ,Mark,Hatt,Clear,"Sideswipe, Same Direction",no,no,no,no,no,False
101033572,METROPOLITAN NASHVILLE POLICE DEPT,20151068494,Davidson,Nashville,11/20/2015 5:00:00 PM,3,0,0,36.143270,-86.686110,I 40,,,,0.00,,,,,,,215.50,N,Not at Intersection,N,Non-Junction,None,,,         ,Bryan,Byrnes,Clear,Front to Rear,no,no,no,no,no,False
101033574,METROPOLITAN NASHVILLE POLICE DEPT,20151069119,Davidson,Nashville,11/20/2015 9:13:00 PM,1,1,0,36.195800,-86.619530,STATE HWY 45,,,,52.00,Feet,North,CONNECTING ROAD,,,,0.00,N,Not at Intersection,N,Non-Junction,None,,,         ,Codey,Mullins,Clear,Not Collision with Motor Vehicle in Transport,no,no,no,no,no,False
101033596,METROPOLITAN NASHVILLE POLICE DEPT,20151068876,Davidson,Nashville,11/20/2015 6:10:00 PM,2,0,0,36.168420,-86.600200,OLD HICKORY BLVD,,,,26.00,Feet,South,SELLS DR,,,,0.00,N,Not at Intersection, ,Non-Junction,None,,,         ,Marcus,Mitchell,Clear,"Sideswipe, Same Direction",no,no,no,no,no,False
101033600,METROPOLITAN NASHVILLE POLICE DEPT,20151067143,Davidson,Nashville,11/20/2015 5:33:00 AM,1,0,0,36.098280,-86.656300,OLD MURFREESBORO PKE,,,,756.00,Feet,North,SMITH SPRINGS RD,,,,0.00,N,Not at Intersection, ,Non-Junction,None,,,         ,Bo,Branum,Clear,Not Collision with Motor Vehicle in Transport,no,no,no,no,no,False
101033601,METROPOLITAN NASHVILLE POLICE DEPT,20151069181,Davidson,Nashville,11/20/2015 9:25:00 PM,2,0,0,36.146410,-86.662720,AIRPORT CENTER DR,,,,297.00,Feet,South,ELM HILL PKE,,,,0.00,N,Not at Intersection, ,,None,,,         ,Shawn,Taylor,,,no,no,no,no,no,False
101033602,METROPOLITAN NASHVILLE POLICE DEPT,20151068789,Davidson,Nashville,11/20/2015 7:00:00 PM,2,0,0,36.173210,-86.601450,CENTRAL PKE,,,,248.00,Feet,East,OLD HICKORY BLVD,,,,0.00,N,Not at Intersection, ,,None,,,         ,Khalid,Abbady,,,no,no,no,no,no,False
101033603,METROPOLITAN NASHVILLE POLICE DEPT,20151069070,Davidson,Nashville,11/20/2015 8:55:00 PM,2,0,0,36.199740,-86.619160,LEBANON PKE,,,,99.00,Feet,North,LEBANON PKE WB EXT RAMP,,,,0.00,N,Not at Intersection,N,Non-Junction,None,,,         ,Khalid,Abbady,Clear,Angle,no,no,no,no,no,False
101033608,METROPOLITAN NASHVILLE POLICE DEPT,20151068832,Davidson,Nashville,11/20/2015 7:20:00 PM,1,0,0,36.150210,-86.831050,38TH AVE N,,,,0.00,,,,,,,0.00,,,N,Non-Junction,None,,,         ,Brandon,Rardin,Clear,Not Collision with Motor Vehicle in Transport,no,no,no,yes,no,False
101033610,METROPOLITAN NASHVILLE POLICE DEPT,20151068594,Davidson,Nashville,11/20/2015 5:45:00 PM,3,0,0,36.123930,-86.745850,I 440,,,,0.00,,,,,,,6.50,N,Not at Intersection, ,Non-Junction,None,,,         ,Paul,Goebel,Clear,Front to Rear,no,no,no,no,no,False
101033619,METROPOLITAN NASHVILLE POLICE DEPT,20151054255,Davidson,Nashville,11/16/2015 5:30:00 PM,2,0,0,36.103560,-86.666470,OLD MURFREESBORO PIKE,,,,14.00,Feet,East,FAIRCLOTH LN,,,,0.00,N,Not at Intersection, ,Non-Junction,None,,,         ,Marcus,Mitchell,Clear,"Sideswipe, Same Direction",no,no,no,no,no,False
101033622,METROPOLITAN NASHVILLE POLICE DEPT,20151068966,Davidson,Nashville,11/20/2015 8:00:00 PM,2,0,0,36.189530,-86.837690,HYDES FERRY RD,,,,0.00,,,COUNTY HOSPITAL RD,,,,0.00,Y,Four-Way,Y,Intersection,None,,,         ,Michael,Brooks,Clear,Angle,no,no,no,no,yes,False
101033628,METROPOLITAN NASHVILLE POLICE DEPT,20151069264,Davidson,Nashville,11/20/2015 10:13:00 PM,2,0,0,36.170210,-86.770260,WOODLAND ST,,,,0.00,,,,,,,0.00,,,N,Non-Junction,None,,,         ,Mikala,Moore,Clear,Front to Rear,no,no,no,yes,yes,False
101033635,METROPOLITAN NASHVILLE POLICE DEPT,20151069059,Davidson,Not in City Limit,11/20/2015 5:18:00 PM,1,0,0,36.019270,-86.709250,NOLENSVILLE PKE,,,,0.00,,,SHANE POINT PL,,,,0.00,Y,T-Intersection, ,Non-Junction,None,,,         ,Joseph,Progar,Cloudy,Not Collision with Motor Vehicle in Transport,no,no,no,no,no,False
101033638,METROPOLITAN NASHVILLE POLICE DEPT,20151068957,Davidson,Nashville,11/20/2015 8:10:00 PM,3,0,0,36.139530,-86.700300,KAREN DR,,,,0.00,,,STATE HWY 155,,,,0.00,Y,Four-Way,N,Intersection-Related,None,,,         ,Timothy,Mead,Clear,Angle,no,no,no,no,no,False
101033646,METROPOLITAN NASHVILLE POLICE DEPT,20151069340,Davidson,Nashville,11/20/2015 10:32:00 PM,2,0,0,36.154970,-86.627150,I40 E EXT RAMP,,,,0.00,,,I 40,,,,0.00,Y,T-Intersection, ,Intersection,None,,,         ,Bo,Branum,Clear,Front to Rear,no,no,no,no,no,False
101033648,METROPOLITAN NASHVILLE POLICE DEPT,20151062214,Davidson,Nashville,11/18/2015 9:57:00 PM,1,0,0,36.073520,-86.693050,LINBAR DR,,,,104.00,Feet,North,MELMACK DR,,,,0.00,N,Not at Intersection,N,Non-Junction,None,,,         ,Jared,Jenkins,Clear,Not Collision with Motor Vehicle in Transport,no,no,no,no,no,False
101033669,METROPOLITAN NASHVILLE POLICE DEPT,20151068140,Davidson,Nashville,11/20/2015 2:25:00 PM,2,1,0,36.100520,-86.718530,ANTIOCH PKE,,,,78.00,Feet,North,BRIDGEWAY DR,,,,0.00,N,Not at Intersection,N,Non-Junction,None,,,         ,William,Durham,Clear,HeadOn,no,no,no,no,yes,False
101033670,METROPOLITAN NASHVILLE POLICE DEPT,20151068714,Davidson,Nashville,11/20/2015 6:36:00 PM,2,1,0,36.124440,-86.736940,I 440,,,,0.00,,,,,,,7.00,N,Not at Intersection,N,Non-Junction,None,,,         ,William,Durham,Clear,"Sideswipe, Same Direction",no,no,no,no,no,False
101033671,METROPOLITAN NASHVILLE POLICE DEPT,20151068858,Davidson,Nashville,11/20/2015 6:08:00 PM,2,0,0,36.068980,-86.681100,RICHARDS RD,,,,30.00,Feet,East,CUMMINGS PARK DR,,,,0.00,N,Not at Intersection,N,Non-Junction,None,,,         ,William,Durham,Clear,Angle,no,no,no,no,no,False
101033672,METROPOLITAN NASHVILLE POLICE DEPT,20151069015,Davidson,Nashville,11/20/2015 8:29:00 PM,2,0,0,36.050090,-86.649120,BELL RD,,,,120.00,Feet,East,MT VIEW RD,,,,0.00,N,Not at Intersection,N,Non-Junction,None,,,         ,William,Durham,Clear,"Sideswipe, Same Direction",no,no,no,no,yes,False
101033673,METROPOLITAN NASHVILLE POLICE DEPT,20151069121,Davidson,Nashville,11/20/2015 7:40:00 PM,2,0,0,36.086370,-86.698650,I24 W EXT RAMP,,,,0.00,Feet,East,I 24,,,,0.00,N,Not at Intersection,N,Non-Junction,None,,,         ,William,Durham,Clear,Angle,no,no,no,no,no,False
101033677,METROPOLITAN NASHVILLE POLICE DEPT,20151059956,Davidson,Nashville,11/18/2015 6:02:00 AM,1,0,0,36.143840,-86.690930,I 40,,,,0.00,,,,,,,215.25,N,Not at Intersection, ,Non-Junction,None,,,         ,Trevin,Tolbert,Rain,Not Collision with Motor Vehicle in Transport,no,no,no,no,no,False
101033683,METROPOLITAN NASHVILLE POLICE DEPT,20151069506,Davidson,Nashville,11/21/2015 12:27:00 AM,1,0,0,36.161020,-86.777200,BROADWAY,,,,0.00,,,4TH AVN,,,,0.00,Y,Four-Way, ,,None,,,         ,Brandon,Hicks,,,no,yes,no,no,no,False
101033692,METROPOLITAN NASHVILLE POLICE DEPT,20151069674,Davidson,Nashville,11/21/2015 12:56:00 AM,1,0,0,36.097260,-86.624940,BELL RD,,,,1231.00,Feet,North,HARBOR LIGHTS DR,,,,0.00,N,Not at Intersection,N,Non-Junction,None,,,         ,Bo,Branum,Clear,Not Collision with Motor Vehicle in Transport,no,no,no,no,no,False
101033701,METROPOLITAN NASHVILLE POLICE DEPT,20151069346,Davidson,Nashville,11/20/2015 10:43:00 PM,2,0,0,36.048890,-86.664880,I 24,,,,0.00,,,,,,,59.00,N,Not at Intersection,N,Non-Junction,None,,,         ,Dale,Dameron,Clear,Front to Rear,no,no,no,no,no,False
101033703,METROPOLITAN NASHVILLE POLICE DEPT,20151068693,Davidson,Nashville,11/20/2015 6:01:00 PM,2,0,0,36.033060,-86.773820,CHURCH STE,,,,1525.00,Feet,West,CLOVERLAND DR,,,,0.00,N,Not at Intersection,N,Non-Junction,None,,,         ,Ricki,Armstrong,Clear,Front to Rear,no,no,no,no,no,False
101033704,METROPOLITAN NASHVILLE POLICE DEPT,20151069585,Davidson,Nashville,11/20/2015 12:00:00 AM,2,0,0,36.051460,-86.675360,BLUE LAKE CIR,,,,202.00,Feet,West,FOUR LAKES DR,,,,0.00,N,Not at Intersection,N,Non-Junction,None,,,         ,David,Moser,Clear,Rear to Rear,no,no,no,yes,yes,False