master_record_number,agency,agency_tracking_number,county,city,collision_date,vehicles_involved,number_injured,number_dead,latitude,longitude,roadway_name,roadway_suffix,roadway_number,roadway_local_id,distance_from_reference,miles-feet_indicator,direction_from_reference,intersection_road_name,intersection_road_name_suffix,intersection_road_number,intersection_local_id,mile_marker,intersection_indicator,intersect_type,interchange_related_indicator,relation_to_junction,work_zone_type,construction_maintenance_zone,construction_maintenance_zone_location,fatal_case_number,officer_first_name,officer_last_name,weather_condition(s),manner_of_crash,pedestrian,bicycle,scooter,parking,hitrun,mou
101034350,METROPOLITAN NASHVILLE POLICE DEPT,20151072705,Davidson,Not in City Limit,11/22/2015 8:09:00 AM,2,0,0,36.268510,-86.682590,RIO VISTA DR,,,,210.00,Feet,North,CHARTER VILLAGE APTS PVTDR,,,,0.00,N,Not at Intersection, ,,None,,,         ,Matthew,Nelms,,,no,no,no,no,no,False
101034375,Nashville Airport Police,15-02711,Davidson,Nashville,11/19/2015 1:38:00 PM,2,0,0,36.139880,-86.666650,DONELSON PKE,,,,98.00,Feet,West,DONELSON PKE,,,,0.00,N,Not at Intersection, ,Non-Junction,None,,,         ,Jeff,Nolen,Clear,Angle,no,no,no,no,no,False
101034384,METROPOLITAN NASHVILLE POLICE DEPT,20151072759,Davidson,Nashville,11/22/2015 12:00:00 AM,1,0,0,36.150320,-86.766840,LAFAYETTE ST,,,,307.00,Feet,West,1ST AVS,,,,0.00,N,Not at Intersection,N,Non-Junction,None,,,         ,Tyler,McDaniel,Clear,Not Collision with Motor Vehicle in Transport,no,no,no,no,yes,False
101034387,METROPOLITAN NASHVILLE POLICE DEPT,20151072629,Davidson,Not in City Limit,11/22/2015 12:00:00 AM,1,0,0,36.021950,-86.629190,I 24,,,,0.00,,,,,,,61.85,N,Not at Intersection,N,Non-Junction,None,,,         ,Megan,Arnett,Clear,Unknown,no,no,no,no,yes,False
101034394,METROPOLITAN NASHVILLE POLICE DEPT,2015-1072661,Davidson,Nashville,11/22/2015 12:00:00 AM,5,0,0,36.080530,-86.697890,LINBAR DR,,,,881.00,Feet,West,LUNA DR,,,,0.00,N,Not at Intersection,N,Non-Junction,None,,,         ,Stanley,Collins,Clear,Angle,no,no,no,yes,yes,False
101034412,METROPOLITAN NASHVILLE POLICE DEPT,20151072767,Davidson,Nashville,11/22/2015 8:35:00 AM,1,0,0,36.057070,-86.694870,BART DR,,,,175.00,Feet,East,COLERIDGE DR,,,,0.00,N,Not at Intersection,N,Non-Junction,None,,,         ,Brent,Hedgcoth,Cloudy,Not Collision with Motor Vehicle in Transport,no,no,no,yes,no,False
101034420,METROPOLITAN NASHVILLE POLICE DEPT,20151072835,Davidson,Nashville,11/22/2015 9:20:00 AM,1,0,0,36.133690,-86.819570,I 440,,,,0.00,,,,,,,1.70,N,Not at Intersection,N,Non-Junction,None,,,         ,Brian,Myatt,Clear,Not Collision with Motor Vehicle in Transport,no,no,no,no,no,False
101034424,METROPOLITAN NASHVILLE POLICE DEPT,2015-1072831,Davidson,Nashville,11/22/2015 9:15:00 AM,2,0,0,36.158890,-86.782110,8TH AVS,,,,0.00,,,BROADWAY,,,,0.00,Y,Four-Way,N,Intersection,None,,,         ,William,Vincion,Clear,Angle,no,no,no,no,no,False
101034442,METROPOLITAN NASHVILLE POLICE DEPT,20151063771,Davidson,Nashville,11/19/2015 7:30:00 AM,2,0,0,36.141170,-86.717630,I 40,,,,0.00,,,,,,,213.80,N,Not at Intersection,N,Non-Junction,None,,,         ,Jason,Smith,Clear,Front to Rear,no,no,no,no,no,False
101034444,Nashville Airport Police,15-002742,Davidson,Nashville,11/22/2015 10:25:00 AM,2,0,0,36.136160,-86.667550,TERMINAL DR,,,,0.00,,,I40 E EXT RAMP,,,,0.00,Y,OTHER, ,,None,,,         ,Brian,Robbins,,,no,no,no,no,no,False
101034458,METROPOLITAN NASHVILLE POLICE DEPT,20151073084,Davidson,Nashville,11/22/2015 11:50:00 AM,1,0,0,36.174610,-86.770940,I 24,,,,0.00,,,,,,,48.10,N,Not at Intersection,N,Non-Junction,None,,,         ,Eric,Westbrook,Clear,Not Collision with Motor Vehicle in Transport,no,no,no,no,yes,False
101034479,METROPOLITAN NASHVILLE POLICE DEPT,20151072936,Davidson,Nashville,11/22/2015 10:40:00 AM,2,2,0,36.168380,-86.813670,I40 E EXT RAMP,,,,0.00,Feet,East,I 40,,,,0.00,N,Not at Intersection,N,Entrance/Exit Ramp Related,None,,,         ,Charles,Ward,Clear,Front to Rear,no,no,no,no,no,False
101034482,METROPOLITAN NASHVILLE POLICE DEPT,20151073056,Davidson,Nashville,11/22/2015 11:52:00 AM,2,0,0,36.168440,-86.770360,RUSSELL ST,,,,0.00,Feet,East,S 2ND ST,,,,0.00,N,Not at Intersection,N,Non-Junction,None,,,         ,Justin,Fox,Clear,Angle,no,no,no,no,no,False
101034492,GOODLETTSVILLE POLICE DEPT,15-43337,Davidson,Goodlettsville,11/22/2015 12:39:00 PM,2,1,0,36.299110,-86.700260,RIVERGATE PKWY,,,,69.00,Feet,North,GLANCY ST,,,,0.00,N,Not at Intersection,N,Non-Junction,None,,,         ,Rico,Jones,Clear,Not Collision with Motor Vehicle in Transport,no,no,no,no,no,False
101034493,METROPOLITAN NASHVILLE POLICE DEPT,20151073054,Davidson,Nashville,11/22/2015 11:50:00 AM,3,0,0,36.175150,-86.771330,I 24,,,,0.00,,,,,,,48.05,N,Not at Intersection,N,Non-Junction,None,,,         ,Jaby,Djabbarov,Cloudy,Not Collision with Motor Vehicle in Transport,no,no,no,no,no,False
101034494,METROPOLITAN NASHVILLE POLICE DEPT,20151073147,Davidson,Nashville,11/22/2015 12:47:00 PM,2,0,0,36.044770,-86.661530,CANE RIDGE RD,,,,0.00,Feet,,BELL RD,,,,0.00,Y,Four-Way, ,Intersection-Related,None,,,         ,Brian,Lamb,Clear,Front to Rear,no,no,no,no,no,False
101034498,METROPOLITAN NASHVILLE POLICE DEPT,2015-1072644,Davidson,Nashville,11/22/2015 7:20:00 AM,2,3,0,36.156010,-86.788850,BROADWAY,,,,0.00,,,13TH AVS,,,,0.00,Y,Four-Way,N,Intersection,None,,,         ,William,Vincion,Clear,Angle,no,no,no,no,no,False
101034499,METROPOLITAN NASHVILLE POLICE DEPT,20151070830,Davidson,Nashville,11/21/2015 1:48:00 PM,2,1,0,36.055090,-86.734690,MCMURRAY DR,,,,124.00,Feet,West,MCMURRAY CT,,,,0.00,N,Not at Intersection,N,Non-Junction,None,,,         ,Reuben,Hewit,Rain,Angle,no,no,no,no,no,False
101034503,METROPOLITAN NASHVILLE POLICE DEPT,20151073185,Davidson,Nashville,11/22/2015 1:19:00 PM,3,0,0,36.192730,-86.776270,I 24,,,,0.00,,,,,,,46.70,N,Not at Intersection,N,Non-Junction,None,,,         ,Noah,Melton,Clear,Front to Rear,no,no,no,no,yes,False
101034514,METROPOLITAN NASHVILLE POLICE DEPT,20151073264,Davidson,Nashville,11/22/2015 2:09:00 PM,2,0,0,36.140040,-86.814660,32ND AVS,,,,0.00,,,DUDLEY AV,,,,0.00,Y,T-Intersection, ,Intersection-Related,None,,,         ,Tien,Nguyen,Clear,HeadOn,no,no,no,no,no,Campus
101034522,METROPOLITAN NASHVILLE POLICE DEPT,20151072884,Davidson,Nashville,11/22/2015 9:52:00 AM,2,0,0,36.147920,-86.806470,24TH AVS,,,,0.00,,,WEST END AV,,,,0.00,Y,Four-Way,N,Intersection,None,,,         ,Joshua,Dickall,Clear,Angle,no,no,no,no,no,Campus
101034535,METROPOLITAN NASHVILLE POLICE DEPT,20151073266,Davidson,Nashville,11/22/2015 1:26:00 PM,2,0,0,36.131580,-86.896320,CHARLOTTE PKE,,,,0.00,,,I40 E EXT RAMP,,,,0.00,Y,Y-Intersection,Y,Entrance/Exit Ramp Related,None,,,         ,Trent,Craig,Clear,Front to Rear,no,no,no,no,yes,False
101034543,METROPOLITAN NASHVILLE POLICE DEPT,20151073294,Davidson,Nashville,11/22/2015 2:00:00 PM,2,0,0,36.167510,-86.754750,S 8TH ST,,,,82.00,Feet,North,S 8TH CT,,,,0.00,N,Not at Intersection, ,,None,,,         ,Kimberly,Brown,,,no,no,no,no,no,False
101034548,METROPOLITAN NASHVILLE POLICE DEPT,20151073362,Davidson,Nashville,11/22/2015 3:31:00 PM,2,0,0,36.100660,-86.818230,OVERHILL DR,,,,141.00,Feet,West,GALBRAITH DR,,,,0.00,N,Not at Intersection, ,Non-Junction,None,,,         ,Tien,Nguyen,Clear,Front to Rear,no,no,no,no,no,False
101034551,METROPOLITAN NASHVILLE POLICE DEPT,20151073364,Davidson,Nashville,11/22/2015 3:35:00 PM,2,1,0,36.160760,-86.793690,14TH AVN,,,,0.00,,,CHARLOTTE AV,,,,0.00,Y,Four-Way,Y,Intersection,None,,,         ,Derek,Betty,Clear,"Sideswipe, Opposite Direction",no,no,no,no,yes,False
101034563,METROPOLITAN NASHVILLE POLICE DEPT,20151073260,Davidson,Nashville,11/22/2015 2:35:00 PM,2,0,0,36.204970,-86.776480,I 65,,,,0.00,,,,,,,87.20,N,Not at Intersection, ,Non-Junction,Construction Zone,,,         ,Ashton,Hill,Clear,Front to Rear,no,no,no,no,no,False
101034564,METROPOLITAN NASHVILLE POLICE DEPT,20151073431,Davidson,Nashville,11/22/2015 4:15:00 PM,2,0,0,36.121570,-86.794880,KIRKWOOD AV,,,,0.00,,,BELMONT BLVD,,,,0.00,Y,T-Intersection, ,Intersection-Related,None,,,         ,Tien,Nguyen,Clear,Angle,no,no,no,no,no,False
101034568,METROPOLITAN NASHVILLE POLICE DEPT,20151073280,Davidson,Nashville,11/22/2015 12:00:00 AM,2,0,0,36.053670,-86.648030,HICKORY HOLLOW TER,,,,0.00,Feet,East,PARKING LOT,,,,0.00,N,Not at Intersection, ,Non-Junction,None,,,         ,Rickie,Corman,Clear,Rear to Rear,no,no,no,no,yes,False
101034570,METROPOLITAN NASHVILLE POLICE DEPT,20151073323,Davidson,Nashville,11/22/2015 3:15:00 PM,2,0,0,36.052560,-86.648080,BENT TREE  PVTDR,,,,118.00,Feet,North,HICKORY HOLLOW TER,,,,0.00,N,Not at Intersection, ,Non-Junction,None,,,         ,John,Stanfield,Clear,Rear to Rear,no,no,no,yes,no,False
101034571,METROPOLITAN NASHVILLE POLICE DEPT,2015-1073400,Davidson,Nashville,11/22/2015 3:53:00 PM,2,1,0,36.092600,-86.885390,US HWY 70S,,,,0.00,,,VAUGHNS GAP RD,,,,0.00,Y,Four-Way,N,Intersection,None,,,         ,Michael,Rogers,Clear,Angle,no,no,no,no,no,False
101034574,GOODLETTSVILLE POLICE DEPT,15-43362,Davidson,Goodlettsville,11/22/2015 4:18:00 PM,2,3,0,36.309496,-86.695670,EXIT RAMP,,SR386,,0.00,,,CONFERENCE,DR,,,0.00,Y,OTHER,Y,Entrance/Exit Ramp Related,None,,,         ,Timothy,Preston,Clear,Front to Rear,no,no,no,no,no,False
101034581,METROPOLITAN NASHVILLE POLICE DEPT,20151073345,Davidson,Nashville,11/22/2015 3:57:00 PM,2,0,0,36.248010,-86.720360,GALLATIN PKES,,,,0.00,Feet,,DUE WEST AVW,,,,0.00,Y,Four-Way,N,Intersection-Related,None,,,         ,Carlos,Urrutia,Clear,Front to Rear,no,no,no,no,yes,False
101034583,METROPOLITAN NASHVILLE POLICE DEPT,20151073478,Davidson,Nashville,11/22/2015 4:49:00 PM,2,0,0,36.070030,-86.698800,HAYWOOD LN,,,,0.00,,,EAST RIDGE DR,,,,0.00,Y,Four-Way,N,Non-Junction,None,,,         ,Jonathan,Frith,Clear,"Sideswipe, Opposite Direction",no,no,no,no,yes,False
101034585,METROPOLITAN NASHVILLE POLICE DEPT,20151073509,Davidson,Nashville,11/22/2015 5:09:00 PM,2,0,0,36.153790,-86.794410,17TH AVS,,,,0.00,,,WEST END AV,,,,0.00,Y,Four-Way,N,Intersection-Related,None,,,         ,Tien,Nguyen,Clear,Angle,no,no,no,no,no,False
101034596,METROPOLITAN NASHVILLE POLICE DEPT,20151073499,Davidson,Nashville,11/22/2015 5:00:00 PM,2,0,0,36.160380,-86.774180,2ND AVS,,,,192.00,Feet,South,SHELBY ST PEDESTRIAN BRIDGE GR,,,,0.00,N,Not at Intersection, ,Non-Junction,None,,,         ,Jeffrey,Livingston,Clear,"Sideswipe, Same Direction",no,no,no,no,no,False
101034597,METROPOLITAN NASHVILLE POLICE DEPT,20151073535,Davidson,Nashville,11/22/2015 3:00:00 PM,2,0,0,36.044870,-86.663670,STATE HWY 254,,,,640.00,Feet,West,CANE RIDGE RD,,,,0.00,N,Not at Intersection, ,Non-Junction,None,,,         ,Rickie,Corman,Clear,Angle,no,no,no,no,no,False
101034599,METROPOLITAN NASHVILLE POLICE DEPT,2016-1073523,Davidson,Nashville,11/22/2015 5:10:00 PM,1,0,0,36.134180,-86.775570,I 65,,,,0.00,,,,,,,81.40,N,Not at Intersection, ,Non-Junction,None,,,         ,Christopher,Clark,Clear,Not Collision with Motor Vehicle in Transport,no,no,no,no,no,False
101034603,METROPOLITAN NASHVILLE POLICE DEPT,20151073388,Davidson,Nashville,11/22/2015 3:30:00 PM,2,0,0,36.173270,-86.791400,ROSA L PARKS BLVD,,,,0.00,,,JEFFERSON ST,,,,0.00,Y,Four-Way, ,Non-Junction,None,,,         ,Earl,Davis,Clear,"Sideswipe, Same Direction",no,no,no,no,no,False
101034604,METROPOLITAN NASHVILLE POLICE DEPT,2015-1073443,Davidson,Nashville,11/22/2015 4:30:00 PM,1,1,0,36.184440,-86.772430,JOSEPH AVE,,,,53.00,Feet,North,HANCOCK ST,,,,0.00,N,Not at Intersection,N,Non-Junction,None,,,         ,Anthony,Cavis,Clear,Not Collision with Motor Vehicle in Transport,yes,no,no,no,no,False
101034610,METROPOLITAN NASHVILLE POLICE DEPT,20151073574,Davidson,Nashville,11/22/2015 5:56:00 PM,2,0,0,36.039920,-86.780970,I65 N EXT RAMP,,,,0.00,,,I 65,,,,0.00,Y,Four-Way, ,Entrance/Exit Ramp Related,None,,,         ,Tien,Nguyen,Clear,Front to Rear,no,no,no,no,no,False
101034623,METROPOLITAN NASHVILLE POLICE DEPT,20151073511,Davidson,Nashville,11/22/2015 4:25:00 PM,2,0,0,36.149690,-86.772500,I40 E EXT RAMP,,,,0.00,,,I 40,,,,0.00,Y,T-Intersection, ,Entrance/Exit Ramp Related,None,,,         ,Mikala,Moore,Clear,Front to Rear,no,no,no,no,no,False
101034628,VANDERBILT UNIVERSITY POLICE,15-1073498,Davidson,Nashville,11/22/2015 4:35:00 PM,2,0,0,36.142110,-86.800910,MEDICAL CENTER DR,,,,0.00,,,,,,,0.00,,Not at Intersection, ,Non-Junction,None,,,         ,Errikka,Wilbourn,Clear,Rear to Side,no,no,no,yes,no,Campus
101034643,METROPOLITAN NASHVILLE POLICE DEPT,20151073672,Davidson,Nashville,11/22/2015 6:35:00 PM,2,0,0,36.167660,-86.663320,LEBANON PKE,,,,0.00,,,DONELSON PKE,,,,0.00,Y,T-Intersection, ,Intersection,None,,,         ,Codey,Mullins,Clear,"Sideswipe, Same Direction",no,no,no,no,no,False
101034645,Nashville Airport Police,2015-02700,Davidson,Nashville,11/18/2015 8:02:00 PM,2,0,0,36.111590,-86.671040,DONELSON PKE,,,,700.00,Feet,North,KNAPP BLVD,,,,0.00,N,Not at Intersection, ,Non-Junction,None,,,         ,Christopher,Kullman,Clear,"Sideswipe, Same Direction",no,no,no,no,no,False
101034646,METROPOLITAN NASHVILLE POLICE DEPT,20151073432,Davidson,Nashville,11/22/2015 4:15:00 PM,2,0,0,36.134570,-86.825280,BOWLING AV,,,,0.00,,,WEST END AV,,,,0.00,Y,Four-Way,N,Intersection,None,,,         ,Torian,Cox,Clear,Angle,no,no,no,no,no,False
101034700,METROPOLITAN NASHVILLE POLICE DEPT,20151073923,Davidson,Nashville,11/22/2015 9:22:00 PM,2,0,0,36.221470,-86.773740,I 65,,,,0.00,,,,,,,88.40,N,Not at Intersection,N,Non-Junction,None,,,         ,Kyle,Arndt,Clear,"Sideswipe, Same Direction",no,no,no,no,yes,False
101034701,METROPOLITAN NASHVILLE POLICE DEPT,20151073835,Davidson,Goodlettsville,11/22/2015 8:00:00 PM,2,0,0,36.293140,-86.702350,RIVERGATE STATION PVTDR,,,,0.00,,,GALLATIN PKEN,,,,0.00,Y,OTHER, ,OtherLocation,None,,,         ,Rodney,Phipps,Clear,Front to Rear,no,no,no,yes,yes,False
101034704,METROPOLITAN NASHVILLE POLICE DEPT,20151069130,Davidson,Nashville,11/20/2015 7:17:00 PM,2,0,0,36.071360,-86.635620,MURFREESBORO PKE,,,,248.00,Feet,South,BELL RD,,,,0.00,N,Not at Intersection, ,Non-Junction,None,,,         ,Tamara,Zurawski,Clear,Front to Rear,no,no,no,no,no,False
101034705,METROPOLITAN NASHVILLE POLICE DEPT,20151069012,Davidson,Nashville,11/20/2015 7:48:00 PM,3,0,0,36.052080,-86.644440,EAGLE VIEW BLVD,,,,148.00,Feet,East,BELL RD,,,,0.00,N,Not at Intersection,N,Non-Junction,None,,,         ,Tamara,Zurawski,Clear,"Sideswipe, Same Direction",no,no,no,no,yes,False
101034708,METROPOLITAN NASHVILLE POLICE DEPT,20151073552,Davidson,Nashville,11/22/2015 6:58:00 PM,2,0,0,36.139600,-86.701120,KAREN DR,,,,0.00,,,DABBS AVE,,,,0.00,Y,OTHER, ,Non-Junction,None,,,         ,Thomas,Barnes,Clear,Angle,no,no,no,no,no,False
101034709,METROPOLITAN NASHVILLE POLICE DEPT,20151073837,Davidson,Nashville,11/22/2015 8:43:00 PM,2,1,0,36.126700,-86.711090,MURFREESBORO PKE,,,,13.00,Feet,West,THOMPSON PL,,,,0.00,N,Not at Intersection,Y,Unknown,None,,,         ,Jarret,Sonnenberg,Clear,Angle,no,no,no,no,no,False
101034729,METROPOLITAN NASHVILLE POLICE DEPT,20151072605,Davidson,Nashville,11/22/2015 5:45:00 AM,3,0,0,36.082670,-86.710490,TAMPA DR,,,,0.00,,,HARDING PL,,,,0.00,Y,Four-Way,Y,Intersection,None,,,         ,Kevin,Breeding,Clear,Front to Rear,no,no,no,no,yes,False
101034753,GOODLETTSVILLE POLICE DEPT,15-43388,Davidson,Goodlettsville,11/23/2015 1:03:00 AM,1,1,0,36.304742,-86.695163,1000 RIVERGATE PARKWAY,,,,0.00,,,MALL ACCESS ROAD,,,,0.00,Y,T-Intersection,N,Non-Junction,None,,,         ,Daniel,Knalls,Clear,Not Collision with Motor Vehicle in Transport,no,no,no,yes,yes,False
101034767,METROPOLITAN NASHVILLE POLICE DEPT,20151074590,Davidson,Not in City Limit,11/23/2015 2:50:00 AM,1,0,0,36.318380,-86.841570,I 24,,,,0.00,,,,,,,36.65,N,Not at Intersection,N,Non-Junction,None,,,         ,Eric,Mumaw,Clear,Not Collision with Motor Vehicle in Transport,no,no,no,no,no,False
101034770,METROPOLITAN NASHVILLE POLICE DEPT,20151071961,Davidson,Nashville,11/21/2015 11:16:00 PM,2,1,0,36.089600,-86.638910,NASHBORO BLVD,,,,0.00,Feet,,DOUBLETREE LN,,,,0.00,Y,OTHER,N,Intersection-Related,None,,,         ,Joshua,Chick,Clear,Angle,no,no,no,no,no,False
101034779,METROPOLITAN NASHVILLE POLICE DEPT,20151074161,Davidson,Nashville,11/22/2015 11:20:00 PM,2,0,0,36.234450,-86.721490,BRILEY PKWYW,,,,0.00,,,BRILEY PKWY W EXT RAMP,,,,0.00,Y,OTHER,N,Non-Junction,None,,,         ,Nathan,Clark,Clear,Front to Rear,no,no,no,no,yes,False
101034816,METROPOLITAN NASHVILLE POLICE DEPT,20151068136,Davidson,Nashville,11/20/2015 2:22:00 PM,2,1,0,36.098320,-86.746650,VERITAS ST,,,,0.00,,,MAYS ST,,,,0.00,Y,T-Intersection,N,Intersection,None,,,         ,Nathan,Kemp,Clear,Angle,no,no,no,no,no,False
101034824,METROPOLITAN NASHVILLE POLICE DEPT,20151072945,Davidson,Not in City Limit,11/22/2015 10:45:00 AM,2,2,0,36.268340,-86.756160,DICKERSON PKE,,,,0.00,,,BELL GRIMES LN,,,,0.00,Y,T-Intersection,N,Intersection,None,,,         ,Jordan,Lowry,Clear,Angle,no,no,no,no,no,False
101034834,METROPOLITAN NASHVILLE POLICE DEPT,20151073107,Davidson,Nashville,11/22/2015 12:10:00 PM,2,0,0,36.209320,-86.775950,I 65,,,,0.00,,,,,,,87.55,N,Not at Intersection,Y,Entrance/Exit Ramp Related,Construction Zone,Work On Shoulder Or Median,Advanced Warning Area,         ,Michelle,Steidl,Clear,"Sideswipe, Same Direction",no,no,no,no,no,False
101034837,METROPOLITAN NASHVILLE POLICE DEPT,2015-1074907,Davidson,Nashville,11/23/2015 6:35:00 AM,2,0,0,36.176880,-86.776180,SPRING ST,,,,0.00,,,COWAN ST,,,,0.00,Y,Four-Way, ,Intersection-Related,None,,,         ,Paul,Sorace,Clear,"Sideswipe, Same Direction",no,no,no,no,no,False
101034848,METROPOLITAN NASHVILLE POLICE DEPT,20151074968,Davidson,Nashville,11/23/2015 7:30:00 AM,2,0,0,36.254570,-86.715650,GALLATIN PKES,,,,200.00,Feet,South,MADISON BLVD,,,,0.00,N,Not at Intersection, ,Non-Junction,None,,,         ,William,Coy,Clear,Front to Rear,no,no,no,no,no,False
101034852,METROPOLITAN NASHVILLE POLICE DEPT,20151047044,Davidson,Not in City Limit,11/13/2015 10:45:00 PM,3,1,0,36.265660,-86.680610,RIO VISTA DR,,,,0.00,,,,,,,0.00,,,N,Non-Junction,None,,,         ,George,Ward,Clear,Angle,no,no,no,no,yes,False
101034862,METROPOLITAN NASHVILLE POLICE DEPT,20151058916,Davidson,Nashville,11/17/2015 12:00:00 AM,2,0,0,36.148100,-86.806380,WEST END AV,,,,0.00,,,,,,,0.00,,, ,Non-Junction,None,,,         ,Taylor,Jeansonne,Clear,Angle,no,no,no,yes,yes,Campus
101034863,METROPOLITAN NASHVILLE POLICE DEPT,20151059064,Davidson,Nashville,11/17/2015 11:39:00 PM,3,2,0,36.166220,-86.765790,EXIT 49,,,,0.00,,,I 24,,,,0.00,Y,Four-Way,Y,Intersection,None,,,         ,Kelcey,Bell,Clear,Angle,no,no,no,no,no,False
101034866,METROPOLITAN NASHVILLE POLICE DEPT,20151074988,Davidson,Nashville,11/23/2015 7:45:00 AM,2,0,0,36.151190,-86.853610,54TH AVE N,,,,0.00,,,US HWY 70,,,,0.00,Y,T-Intersection, ,,None,,,         ,Corteze,Armstrong,,,no,no,no,no,no,False
101034870,METROPOLITAN NASHVILLE POLICE DEPT,2015-1074996,Davidson,Nashville,11/23/2015 7:55:00 AM,2,0,0,36.153840,-86.844850,I 40,,,,0.00,,,,,,,204.65,N,Not at Intersection,N,Non-Junction,None,,,         ,Curtis,Rich,Clear,Front to Rear,no,no,no,no,no,False
101034875,METROPOLITAN NASHVILLE POLICE DEPT,20151074933,Davidson,Nashville,11/23/2015 7:06:00 AM,2,0,0,36.037400,-86.786570,OLD HICKORY BLVD,,,,0.00,,,FRANKLIN PKE,,,,0.00,Y,Four-Way, ,Intersection,None,,,         ,Nathan,Kemp,Clear,Front to Rear,no,no,no,no,no,False
101034876,METROPOLITAN NASHVILLE POLICE DEPT,20151074990,Davidson,Nashville,11/23/2015 7:40:00 AM,3,0,0,36.040430,-86.780970,I65 N ENT RAMP,,,,0.00,Feet,East,I 65,,,,0.00,N,Not at Intersection, ,Entrance/Exit Ramp Related,None,,,         ,Nathan,Kemp,Clear,Front to Rear,no,no,no,no,no,False
101034899,METROPOLITAN NASHVILLE POLICE DEPT,15-1074985,Davidson,Nashville,11/23/2015 7:16:00 AM,2,0,0,36.176900,-86.772030,I24 W EXT RAMP,,,,0.00,,,I 24,,,,0.00,Y,OTHER, ,Entrance/Exit Ramp Related,None,,,         ,Frank,Campbell,Clear,Front to Rear,no,no,no,no,no,False
101034907,METROPOLITAN NASHVILLE POLICE DEPT,20151075110,Davidson,Nashville,11/23/2015 8:25:00 AM,2,0,0,36.151930,-86.690880,ELM HILL PKE,,,,0.00,,,BRILEY PKWYS,,,,0.00,Y,OTHER, ,,None,,,         ,Joshua,Green,,,no,no,no,no,no,False
101034908,METROPOLITAN NASHVILLE POLICE DEPT,20151074999,Davidson,Nashville,11/23/2015 7:45:00 AM,2,0,0,36.217710,-86.872090,BRILEY PKWYS,,,,534.00,Feet,South,BRILEY PKWYN,,,,0.00,N,Not at Intersection, ,Non-Junction,None,,,         ,Clint,Gilleland,Clear,Front to Rear,no,no,no,no,no,False
101034912,METROPOLITAN NASHVILLE POLICE DEPT,20151075184,Davidson,Nashville,11/23/2015 8:55:00 AM,2,0,0,36.134190,-86.773820,WEDGEWOOD AV,,,,60.00,Feet,East,LINDELL AV,,,,0.00,N,Not at Intersection, ,Non-Junction,None,,,         ,Nathan,Kemp,Clear,"Sideswipe, Same Direction",no,no,no,no,no,False
101034914,METROPOLITAN NASHVILLE POLICE DEPT,20151068057,Davidson,Nashville,11/20/2015 1:35:00 PM,2,0,0,36.124060,-86.744350,I 440,,,,0.00,,,,,,,6.60,N,Not at Intersection,N,Non-Junction,None,,,         ,Ronald,Raynore,Clear,Front to Rear,no,no,no,no,no,False
101034918,METROPOLITAN NASHVILLE POLICE DEPT,2015-1075162,Davidson,Nashville,11/23/2015 8:45:00 AM,2,0,0,36.155390,-86.861920,ROBERTSON AV,,,,135.00,Feet,East,NICHOL RD,,,,0.00,N,Not at Intersection,N,Non-Junction,Construction Zone,,,         ,Curtis,Rich,Clear,Front to Rear,no,no,no,no,no,False
101034929,METROPOLITAN NASHVILLE POLICE DEPT,20151075134,Davidson,Nashville,11/23/2015 8:38:00 AM,2,0,0,36.242210,-86.757020,DICKERSON PKE,,,,92.00,Feet,North,DICKERSON PKE ENT RAMP,,,,0.00,N,Not at Intersection,N,Non-Junction,None,,,         ,Matthew,Nelms,Clear,Angle,no,no,no,no,no,False
101034934,METROPOLITAN NASHVILLE POLICE DEPT,20151075033,Davidson,Nashville,11/23/2015 7:43:00 AM,2,0,0,36.126610,-86.729780,I440 W ENT RAMP,,,,0.00,,,I 24,,,,0.00,Y,OTHER, ,Entrance/Exit Ramp Related,None,,,         ,Ronald,Raynore,Clear,Front to Rear,no,no,no,no,no,False
101034944,METROPOLITAN NASHVILLE POLICE DEPT,2015-1075301,Davidson,Nashville,11/23/2015 10:00:00 AM,2,0,0,36.074340,-86.921450,HIGHWAY 70S,,,,159.00,Feet,West,OLD HICKORY BLVD,,,,0.00,N,Not at Intersection, ,Non-Junction,None,,,         ,Curtis,Rich,Clear,Front to Rear,no,no,no,no,yes,False
101034947,METROPOLITAN NASHVILLE POLICE DEPT,2015-1068115,Davidson,Nashville,11/20/2015 2:00:00 PM,2,0,0,36.205960,-86.769580,W TRINITY LN,,,,289.00,Feet,West,DICKERSON PKE,,,,0.00,N,Not at Intersection,N,Non-Junction,None,,,         ,Coleman,Womack,Clear,Angle,no,no,no,no,no,False
101034948,METROPOLITAN NASHVILLE POLICE DEPT,20151075158,Davidson,Nashville,11/23/2015 8:49:00 AM,2,1,0,36.151820,-86.768630,RAMP,,,,0.00,,,I 40,,,,0.00,Y,OTHER,Y,Intersection,None,,,         ,Joshua,Hollins,Clear,Angle,no,no,no,no,no,False
101034952,METROPOLITAN NASHVILLE POLICE DEPT,20151075232,Davidson,Nashville,11/23/2015 9:15:00 AM,1,0,0,36.141130,-86.718030,I40 W EXT RAMP,,,,0.00,Feet,East,I 40,,,,0.00,N,Not at Intersection, ,Non-Junction,None,,,         ,Phillip,Black,Clear,Not Collision with Motor Vehicle in Transport,no,no,no,no,no,False
101034962,METROPOLITAN NASHVILLE POLICE DEPT,20151074997,Davidson,Nashville,11/23/2015 7:49:00 AM,1,1,0,36.205440,-86.598200,DUTCHMANS DR,,,,0.00,,,DUTCHMANS CT,,,,0.00,Y,T-Intersection,N,Intersection-Related,None,,,         ,Cassandra,Del Bosco,Clear,Not Collision with Motor Vehicle in Transport,yes,no,no,no,no,False