master_record_number,agency,agency_tracking_number,county,city,collision_date,vehicles_involved,number_injured,number_dead,latitude,longitude,roadway_name,roadway_suffix,roadway_number,roadway_local_id,distance_from_reference,miles-feet_indicator,direction_from_reference,intersection_road_name,intersection_road_name_suffix,intersection_road_number,intersection_local_id,mile_marker,intersection_indicator,intersect_type,interchange_related_indicator,relation_to_junction,work_zone_type,construction_maintenance_zone,construction_maintenance_zone_location,fatal_case_number,officer_first_name,officer_last_name,weather_condition(s),manner_of_crash,pedestrian,bicycle,scooter,parking,hitrun,mou
101035930,METROPOLITAN NASHVILLE POLICE DEPT,20151079530,Davidson,Not in City Limit,11/24/2015 4:26:00 PM,2,0,0,36.325760,-86.868700,I24 W EXT RAMP,,,,0.00,Feet,East,I 24,,,,0.00,N,Not at Intersection, ,Entrance/Exit Ramp Related,None,,,         ,Dontaveous,Eubanks,Clear,Front to Rear,no,no,no,no,no,False
101035934,METROPOLITAN NASHVILLE POLICE DEPT,20151079562,Davidson,Not in City Limit,11/24/2015 3:53:00 PM,2,1,0,36.078400,-87.022140,MCCRORY LN,,,,168.00,Feet,South,NEWSOM STATION RD,,,,0.00,N,Not at Intersection,N,Non-Junction,None,,,         ,Brandon,Pedigo,Clear,Angle,no,no,no,no,no,False
101035935,METROPOLITAN NASHVILLE POLICE DEPT,20151079647,Davidson,Not in City Limit,11/24/2015 4:30:00 PM,2,1,0,36.274910,-86.735440,I 65,,,,0.00,,,,,,,93.00,N,Not at Intersection,N,Non-Junction,None,,,         ,Nathan,Dungan,Clear,Front to Rear,no,no,no,no,no,False
101035937,METROPOLITAN NASHVILLE POLICE DEPT,2015-1079544,Davidson,Nashville,11/24/2015 4:35:00 PM,2,3,0,36.159140,-86.876290,JAMES AV,,,,71.00,Feet,North,JAMES CT,,,,0.00,N,Not at Intersection,N,Non-Junction,None,,,         ,Christopher,Clark,Clear,"Sideswipe, Opposite Direction",no,no,no,no,no,False
101035948,METROPOLITAN NASHVILLE POLICE DEPT,20151079582,Davidson,Nashville,11/24/2015 4:49:00 PM,2,0,0,36.153410,-86.788540,DEMONBREUN ST,,,,200.00,Feet,West,MUSIC CIR E,,,,0.00,N,Not at Intersection,N,Non-Junction,None,,,         ,Clyde,Stambaugh,Clear,Front to Rear,no,no,no,no,no,False
101035953,METROPOLITAN NASHVILLE POLICE DEPT,2015-01079651,Davidson,Nashville,11/24/2015 4:44:00 PM,2,0,0,36.161080,-86.785020,CHURCH ST,,,,45.00,Feet,West,YMCA WAY,,,,0.00,N,Not at Intersection, ,Non-Junction,None,,,         ,Michael,Schlegel,Clear,Front to Rear,no,no,no,no,no,False
101035954,METROPOLITAN NASHVILLE POLICE DEPT,20151079724,Davidson,Nashville,11/24/2015 5:26:00 PM,2,0,0,36.154630,-86.779160,8TH AVS,,,,0.00,,,LAFAYETTE ST,,,,0.00,Y,Roundabout,Y,Intersection-Related,None,,,         ,Blaze,Williams,Clear,Angle,no,no,no,no,no,False
101035958,METROPOLITAN NASHVILLE POLICE DEPT,2015-1079759,Davidson,Nashville,11/24/2015 5:43:00 PM,2,1,0,36.150270,-86.869100,I 40,,,,0.00,,,,,,,203.30,N,Not at Intersection,N,Non-Junction,None,,,         ,Walter,Gray II,Clear,Front to Rear,no,no,no,no,no,False
101035960,GOODLETTSVILLE POLICE DEPT,15-43534,Davidson,Goodlettsville,11/24/2015 5:25:00 PM,2,1,0,36.332435,-86.716725,NORTH MAIN,ST,US41/31,,1000.00,Feet,South,FANNIN,DR,,,0.00,N,Not at Intersection,N,Non-Junction,None,,,         ,Brian,Hajdu,Clear,Front to Rear,no,no,no,no,no,False
101035962,GOODLETTSVILLE POLICE DEPT,15-43535,Davidson,Goodlettsville,11/24/2015 5:35:00 PM,2,2,0,36.308150,-86.704120,RIVERGATE PKWY,,,,122.00,Feet,North,I65 N ENT RAMP,,,,0.00,N,Not at Intersection,N,Non-Junction,None,,,         ,Jeffery,Hunter,Clear,Front to Rear,no,no,no,no,no,False
101035970,BERRY HILL POLICE DEPT,15-4582,Davidson,Berry Hill,11/19/2015 1:25:00 PM,2,0,0,36.119910,-86.765830,MELROSE AV,,,,0.00,,,BRANSFORD AV,,,,0.00,Y,OTHER, ,OtherLocation,None,,,         ,Ronnie,Hill,Clear,Front to Rear,no,no,no,yes,no,False
101035979,METROPOLITAN NASHVILLE POLICE DEPT,20151079882,Davidson,Nashville,11/24/2015 12:00:00 AM,2,1,0,36.045890,-86.658100,BELL RD,,,,67.00,Feet,West,COLLINS PARK DR,,,,0.00,N,Not at Intersection,N,Non-Junction,None,,,         ,Larry,Preuett,Clear,Front to Rear,no,no,no,no,no,False
101035984,VANDERBILT UNIVERSITY POLICE,15-1079485,Davidson,Nashville,11/24/2015 1:25:00 PM,2,0,0,36.142250,-86.800100,21ST AVS,,,,245.00,Feet,South,MEDICAL CENTER DR,,,,0.00,N,Not at Intersection,N,OtherLocation,None,,,         ,John,Whittaker,Other,Rear to Rear,no,no,no,yes,yes,Campus
101035986,METROPOLITAN NASHVILLE POLICE DEPT,20151079669,Davidson,Nashville,11/24/2015 5:10:00 PM,2,0,0,36.141270,-86.716780,I 40,,,,0.00,,,,,,,213.80,N,Not at Intersection,N,Non-Junction,None,,,         ,John,Kelley,Clear,"Sideswipe, Same Direction",no,no,no,no,no,False
101035987,METROPOLITAN NASHVILLE POLICE DEPT,20151079813,Davidson,Nashville,11/24/2015 6:00:00 PM,2,0,0,36.077320,-86.766640,I 65,,,,0.00,,,,,,,77.50,N,Not at Intersection, ,Non-Junction,None,,,         ,Tien,Nguyen,Clear,Front to Rear,no,no,no,no,no,False
101035988,METROPOLITAN NASHVILLE POLICE DEPT,20151079873,Davidson,Nashville,11/24/2015 6:20:00 PM,2,0,0,36.088760,-86.763110,I65 S EXT RAMP,,,,0.00,Feet,East,I 65,,,,0.00,N,Not at Intersection, ,Non-Junction,None,,,         ,Tien,Nguyen,Clear,Front to Rear,no,no,no,no,no,False
101035998,METROPOLITAN NASHVILLE POLICE DEPT,20151079733,Davidson,Nashville,11/24/2015 5:19:00 PM,2,0,0,36.141250,-86.817930,ACKLEN PARK DR,,,,0.00,,,PARK DR,,,,0.00,Y,T-Intersection,N,Intersection,None,,,         ,Clyde,Stambaugh,Clear,Angle,no,no,no,no,no,False
101036004,METROPOLITAN NASHVILLE POLICE DEPT,20151079487,Davidson,Nashville,11/24/2015 12:00:00 AM,2,0,0,36.150530,-86.760890,CLAIBORNE ST,,,,122.00,Feet,South,CANNON ST,,,,0.00,N,Not at Intersection,N,Non-Junction,None,,,         ,Shawn,Taylor,Clear,Unknown,no,no,no,no,yes,False
101036005,METROPOLITAN NASHVILLE POLICE DEPT,20151079685,Davidson,Nashville,11/24/2015 5:21:00 PM,2,0,0,36.149560,-86.747760,I 40,,,,0.00,,,,,,,211.75,N,Not at Intersection, ,Non-Junction,None,,,         ,Shawn,Taylor,Clear,Front to Rear,no,no,no,no,no,False
101036006,METROPOLITAN NASHVILLE POLICE DEPT,20151079732,Davidson,Nashville,11/24/2015 5:31:00 PM,3,1,0,36.140150,-86.722940,I 40,,,,0.00,,,,,,,213.50,N,Not at Intersection,Y,Non-Junction,None,,,         ,Shawn,Taylor,Clear,Front to Rear,no,no,no,no,no,False
101036007,METROPOLITAN NASHVILLE POLICE DEPT,20151079937,Davidson,Nashville,11/24/2015 6:31:00 PM,2,0,0,36.091310,-86.625410,BELL RD,,,,478.00,Feet,North,SMITH SPRINGS RD,,,,0.00,N,Not at Intersection, ,,None,,,         ,Shawn,Taylor,,,no,no,no,no,no,False
101036013,METROPOLITAN NASHVILLE POLICE DEPT,20151079848,Davidson,Nashville,11/24/2015 5:50:00 PM,2,0,0,36.131840,-86.838800,CHEROKEE RD,,,,100.00,Feet,South,VALLEY RD,,,,0.00,N,Not at Intersection,N,Non-Junction,None,,,         ,Mark,Hatt,Clear,"Sideswipe, Same Direction",no,no,no,no,yes,False
101036017,METROPOLITAN NASHVILLE POLICE DEPT,2015-1079950,Davidson,Nashville,11/24/2015 6:31:00 PM,2,0,0,36.130010,-86.817060,I 440,,,,0.00,,,,,,,2.00,N,Not at Intersection, ,Non-Junction,None,,,         ,Austin,Kendrick,Clear,Front to Rear,no,no,no,no,no,False
101036020,METROPOLITAN NASHVILLE POLICE DEPT,20151079721,Davidson,Not in City Limit,11/24/2015 4:40:00 PM,1,0,0,36.384830,-86.754550,SPRINGFIELD HWY,,,,132.00,Feet,North,SPRINGFIELD HWY PVTDR,,,,0.00,N,Not at Intersection, ,Non-Junction,None,,,         ,Broderick,Jones,Clear,Not Collision with Motor Vehicle in Transport,no,no,no,no,no,False
101036021,METROPOLITAN NASHVILLE POLICE DEPT,20151079817,Davidson,Nashville,11/24/2015 5:45:00 PM,2,0,0,36.080090,-86.724460,HARDING PL,,,,121.00,Feet,East,SEVEN MILE CREEK HARDING MALL,,,,0.00,N,Not at Intersection,N,Non-Junction,None,,,         ,Randy,Heinze,Clear,Front to Rear,no,no,no,no,no,False
101036023,METROPOLITAN NASHVILLE POLICE DEPT,20151079811,Davidson,Nashville,11/24/2015 5:51:00 PM,2,0,0,36.232280,-86.758790,DICKERSON PKE,,,,319.00,Feet,South,MAPLEWOOD TRC,,,,0.00,N,Not at Intersection, ,,None,,,         ,Terence,Maahs,,,no,no,no,no,no,False
101036025,METROPOLITAN NASHVILLE POLICE DEPT,20151079784,Davidson,Nashville,11/24/2015 3:59:00 PM,2,0,0,36.076510,-86.725830,NOLENSVILLE PKE,,,,0.00,,,WALLACE RD,,,,0.00,,Not at Intersection,N,Non-Junction,None,,,         ,Peter,Knisley,Clear,Angle,no,no,no,yes,yes,False
101036031,BERRY HILL POLICE DEPT,15-4662,Davidson,Berry Hill,11/24/2015 6:37:00 PM,2,0,0,36.126820,-86.777300,FRANKLIN PKE,,,,50.00,Feet,South,HILLVIEW HTS,,,,0.00,N,Not at Intersection,N,Non-Junction,None,,,         ,Greg,Colson,Clear,Other,no,no,no,yes,yes,False
101036033,METROPOLITAN NASHVILLE POLICE DEPT,20151079757,Davidson,Nashville,11/24/2015 5:41:00 PM,3,1,0,36.238840,-86.739380,I65 N ENT RAMP,,,,0.00,Feet,East,BRILEY PKWY W ENT RAMP,,,,0.00,N,Not at Intersection,N,Entrance/Exit Ramp Related,None,,,         ,Leonard,Spadavecchia,Clear,Front to Rear,no,no,no,no,no,False
101036035,METROPOLITAN NASHVILLE POLICE DEPT,20151079744,Davidson,Nashville,11/24/2015 5:34:00 PM,2,0,0,36.097960,-86.763350,I 65,,,,0.00,,,,,,,78.90,N,Not at Intersection,N,Non-Junction,None,,,         ,Royce,McLester,Clear,Front to Rear,no,no,no,no,no,False
101036037,METROPOLITAN NASHVILLE POLICE DEPT,20151079153,Davidson,Nashville,11/24/2015 2:15:00 PM,2,0,0,36.178850,-86.800690,I 65,,,,0.00,,,,,,,84.90,N,Not at Intersection,N,Non-Junction,None,,,         ,Trevor,VonDohlen,Clear,Front to Rear,no,no,no,no,no,False
101036039,METROPOLITAN NASHVILLE POLICE DEPT,20151080032,Davidson,Nashville,11/24/2015 7:12:00 PM,2,0,0,36.194270,-86.618240,OLD HICKORY BLVD,,,,0.00,Feet,,HERMITAGE MARKETPLACE PVTDR,,,,0.00,Y,Four-Way,Y,Intersection,None,,,         ,Bradley,McIntyre,Clear,Angle,no,no,no,no,no,False
101036041,METROPOLITAN NASHVILLE POLICE DEPT,20151080076,Davidson,Nashville,11/24/2015 7:27:00 PM,1,1,0,36.149950,-86.805650,ELLISTON PL,,,,61.00,Feet,South,23RD AVN,,,,0.00,N,Not at Intersection,N,Non-Junction,None,,,         ,Tien,Nguyen,Clear,Not Collision with Motor Vehicle in Transport,yes,no,no,no,no,Campus
101036042,METROPOLITAN NASHVILLE POLICE DEPT,2015-1074920,Davidson,Nashville,11/23/2015 6:57:00 AM,2,0,0,36.142980,-86.666640,DONELSON PKE,,,,251.00,Feet,North,I40 W ENT RAMP,,,,0.00,N,Not at Intersection,N,Non-Junction,None,,,         ,Jeb,Johnston,Clear,Angle,no,no,no,no,no,False
101036043,Metro Park Police,20151079447,Davidson,Nashville,11/24/2015 4:04:00 PM,1,0,0,36.209160,-86.823310,TUCKER RD,,,,256.00,Feet,North,ST MARYS LN,,,,0.00,N,Not at Intersection,N,Non-Junction,None,,,         ,Bryan,Crutchfield,Clear,Not Collision with Motor Vehicle in Transport,no,no,no,no,no,False
101036045,METROPOLITAN NASHVILLE POLICE DEPT,20151079698,Davidson,Nashville,11/24/2015 5:21:00 PM,2,0,0,36.198090,-86.837750,CLARKSVILLE PKE,,,,127.00,Feet,North,COURTNEY AV,,,,0.00,N,Not at Intersection, ,,None,,,         ,Michael,Brooks,,,no,no,no,no,no,False
101036046,METROPOLITAN NASHVILLE POLICE DEPT,20151079689,Davidson,Not in City Limit,11/24/2015 5:22:00 PM,1,0,0,36.318930,-86.843660,I 24,,,,0.00,,,,,,,36.35,N,Not at Intersection, ,Non-Junction,None,,,         ,Michael,Brooks,Clear,Not Collision with Motor Vehicle in Transport,no,no,no,no,no,False
101036052,METROPOLITAN NASHVILLE POLICE DEPT,20151079958,Davidson,Madison,11/24/2015 5:15:00 PM,2,0,0,36.261240,-86.712530,GALLATIN PKES,,,,0.00,,,MAPLE ST,,,,0.00,Y,T-Intersection, ,Intersection,None,,,         ,Nathan,Dungan,Clear,Angle,no,no,no,no,no,False
101036054,METROPOLITAN NASHVILLE POLICE DEPT,20151079944,Davidson,Nashville,11/24/2015 5:55:00 PM,2,0,0,36.116100,-86.790890,I 440,,,,0.00,,,,,,,3.90,N,Not at Intersection, ,Non-Junction,None,,,         ,Royce,McLester,Clear,Front to Rear,no,no,no,no,no,False
101036061,METROPOLITAN NASHVILLE POLICE DEPT,20151068519,Davidson,Goodlettsville,11/20/2015 5:00:00 PM,1,0,0,36.382620,-86.769860,BAKER RD,,,,511.00,Feet,East,BAKER RD PVTDR,,,,0.00,N,Not at Intersection,N,"Driveway, Alley Access, etc",None,,,         ,Nathan,Dungan,Clear,Not Collision with Motor Vehicle in Transport,no,no,no,no,no,False
101036063,METROPOLITAN NASHVILLE POLICE DEPT,20151080111,Davidson,Nashville,11/24/2015 6:47:00 PM,3,0,0,36.136310,-86.726980,I24E,,,,187.00,Feet,South,I24 E ENT RAMP,,,,0.00,N,Not at Intersection, ,Non-Junction,None,,,         ,Paul,Goebel,Clear,Other,no,no,no,no,no,False
101036067,METROPOLITAN NASHVILLE POLICE DEPT,20151080172,Davidson,Nashville,11/24/2015 7:02:00 PM,2,0,0,36.046180,-86.674130,BLUE HOLE RD,,,,175.00,Feet,North,BELL RD,,,,0.00,N,Not at Intersection, ,Non-Junction,None,,,         ,Joseph,Progar,Clear,Front to Rear,no,no,no,no,no,False
101036068,METROPOLITAN NASHVILLE POLICE DEPT,20151079953,Davidson,Nashville,11/24/2015 6:30:00 PM,2,0,0,36.094020,-86.762560,I 65,,,,0.00,,,,,,,78.60,N,Not at Intersection,N,Non-Junction,None,,,         ,William,Taylor,Clear,Front to Rear,no,no,no,no,no,False
101036073,METROPOLITAN NASHVILLE POLICE DEPT,20151079246,Davidson,Nashville,11/24/2015 12:00:00 AM,2,0,0,36.177860,-86.751160,CLEARVIEW AV,,,,132.00,Feet,East,S 10TH ST,,,,0.00,N,Not at Intersection, ,Non-Junction,Construction Zone,,,         ,Cressie,Prill,Clear,Unknown,no,no,no,no,yes,False
101036074,METROPOLITAN NASHVILLE POLICE DEPT,20151079466,Davidson,Nashville,11/24/2015 4:09:00 PM,2,1,0,36.180230,-86.745980,ORDWAY PL,,,,200.00,Feet,West,N 14TH ST,,,,0.00,N,Not at Intersection,N,Non-Junction,None,,,         ,Cressie,Prill,Clear,Front to Rear,no,no,no,no,no,False
101036083,METROPOLITAN NASHVILLE POLICE DEPT,20151079998,Davidson,Nashville,11/24/2015 6:20:00 PM,3,0,0,36.071180,-86.769620,I 65,,,,0.00,,,,,,,77.00,N,Not at Intersection,N,Non-Junction,None,,,         ,Christopher,Davis,Clear,Front to Rear,no,no,no,no,no,False
101036091,METROPOLITAN NASHVILLE POLICE DEPT,2015-1079859,Davidson,Nashville,11/24/2015 6:00:00 PM,2,0,0,36.039480,-86.781770,OLD HICKORY BLVD,,,,0.00,,,I65 N EXT RAMP,,,,0.00,Y,OTHER, ,Non-Junction,None,,,         ,William,King,Clear,Front to Rear,no,no,no,no,no,False
101036092,METROPOLITAN NASHVILLE POLICE DEPT,2015-1080269,Davidson,Nashville,11/24/2015 8:08:00 PM,1,0,0,36.051210,-86.816230,GRANNY WHITE PKE,,,,75.00,Feet,North,RICHLAND WOODS LN,,,,0.00,N,Not at Intersection, ,Non-Junction,None,,,         ,William,King,Clear,Not Collision with Motor Vehicle in Transport,no,no,no,no,no,False
101036097,METROPOLITAN NASHVILLE POLICE DEPT,2015-1075688,Davidson,Nashville,11/23/2015 12:46:00 PM,2,0,0,36.186870,-86.608570,ANDREW JACKSON PKWY,,,,0.00,,,JACKSON PASS,,,,0.00,Y,T-Intersection, ,Intersection,None,,,         ,Jeb,Johnston,Clear,"Sideswipe, Same Direction",no,no,no,no,no,False
101036100,METROPOLITAN NASHVILLE POLICE DEPT,20151079730,Davidson,Nashville,11/24/2015 5:40:00 PM,2,0,0,36.166660,-86.817050,I 40,,,,0.00,,,,,,,206.65,N,Not at Intersection, ,Non-Junction,None,,,         ,Allen,Hall,Clear,Front to Rear,no,no,no,no,no,False
101036101,METROPOLITAN NASHVILLE POLICE DEPT,20151080389,Davidson,Nashville,11/24/2015 12:00:00 AM,2,0,0,36.125600,-86.786920,CARUTHERS AV,,,,172.00,Feet,West,10TH AVS,,,,0.00,N,Not at Intersection,N,Non-Junction,None,,,         ,Tien,Nguyen,Clear,Unknown,no,no,no,no,yes,False
101036106,METROPOLITAN NASHVILLE POLICE DEPT,2015-1080046,Davidson,Nashville,11/24/2015 7:15:00 PM,2,0,0,36.152350,-86.857670,WHITE BRIDGE PKE,,,,0.00,,,BRILEY PKWY,,,,0.00,Y,Four-Way, ,Intersection,None,,,         ,Christopher,Clark,Clear,Angle,no,no,no,no,no,False
101036110,METROPOLITAN NASHVILLE POLICE DEPT,20151080094,Davidson,Nashville,11/24/2015 7:29:00 PM,2,0,0,36.047030,-86.662190,I 24,,,,0.00,,,,,,,59.20,N,Not at Intersection, ,,None,,,         ,Matthew,Johnson,,,no,no,no,no,no,False
101036111,METROPOLITAN NASHVILLE POLICE DEPT,20151080187,Davidson,Nashville,11/24/2015 7:50:00 PM,2,0,0,36.087790,-86.647000,NASHBORO BLVD,,,,16.00,Feet,East,CONNECTING ROAD,,,,0.00,N,Not at Intersection,N,Non-Junction,None,,,         ,Marcus,Mitchell,Clear,"Sideswipe, Same Direction",no,no,no,no,no,False
101036115,METROPOLITAN NASHVILLE POLICE DEPT,20151080360,Davidson,Nashville,11/24/2015 8:50:00 PM,2,0,0,36.091360,-86.828510,HARDING PL,,,,0.00,,,HILLSBORO PKE,,,,0.00,Y,Four-Way, ,Intersection,None,,,         ,Mark,Hatt,Clear,Angle,no,no,no,no,no,False
101036123,METROPOLITAN NASHVILLE POLICE DEPT,20151079754,Davidson,Nashville,11/24/2015 5:39:00 PM,3,0,0,36.111980,-86.709960,BRILEY PKWYS,,,,102.00,Feet,West,BRILEY PKWYN,,,,0.00,N,Not at Intersection,N,Non-Junction,None,,,         ,William,Durham,Clear,Front to Rear,no,no,no,no,yes,False
101036124,METROPOLITAN NASHVILLE POLICE DEPT,20151079901,Davidson,Nashville,11/24/2015 5:11:00 PM,2,1,0,36.109170,-86.726760,BRILEY PKWYN,,,,388.00,Feet,East,BRILEY PKWYS,,,,0.00,N,Not at Intersection,N,Non-Junction,None,,,         ,William,Durham,Clear,Front to Rear,no,no,no,no,no,False
101036131,METROPOLITAN NASHVILLE POLICE DEPT,20151080520,Davidson,Nashville,11/24/2015 10:05:00 PM,2,0,0,36.209690,-86.870000,BRILEY PKWY N ENT RAMP,,,,0.00,,,ASHLAND CITY HWY PVTDR,,,,0.00,Y,Four-Way,Y,Intersection,None,,,         ,Michael,Brooks,Clear,Angle,no,no,no,no,no,False
101036145,METROPOLITAN NASHVILLE POLICE DEPT,20151079954,Davidson,Nashville,11/24/2015 7:03:00 PM,1,0,0,36.092780,-86.652220,US HWY 41,,,,700.00,Feet,South,FRANKLIN LIMESTONE RD,,,,0.00,N,Not at Intersection, ,Non-Junction,None,,,         ,David,Hughes,Clear,Not Collision with Motor Vehicle in Transport,no,no,no,no,no,False
101036146,METROPOLITAN NASHVILLE POLICE DEPT,20151047631,Davidson,Nashville,11/14/2015 1:52:00 AM,2,0,0,36.160470,-86.778440,5TH AVS,,,,0.00,,,BROADWAY,,,,0.00,Y,Four-Way, ,,None,,,         ,Justin,Haney,,,no,no,no,no,no,False
101036161,METROPOLITAN NASHVILLE POLICE DEPT,2015-1075748,Davidson,Nashville,11/23/2015 1:09:00 PM,2,0,0,36.167010,-86.763730,SHELBY AV,,,,0.00,,,S 4TH ST,,,,0.00,Y,Four-Way,N,Intersection,None,,,         ,Alex,Moore,Clear,Front to Rear,no,no,no,no,no,False
101036163,METROPOLITAN NASHVILLE POLICE DEPT,20151080766,Davidson,Nashville,11/24/2015 10:34:00 PM,2,0,0,36.058450,-86.597310,HOBSON,PIKE,,,0.00,,,HAMILTON CHURCH,RD,,,0.00,Y,Four-Way,N,Intersection,None,,,         ,Benjamin,Froehlich,Clear,Angle,no,no,no,no,yes,False
101036169,METROPOLITAN NASHVILLE POLICE DEPT,20151080629,Davidson,Not in City Limit,11/24/2015 11:00:00 PM,2,0,0,36.281060,-86.708010,US HWY 31E,,,,156.00,Feet,South,MCKINLEY ST,,,,0.00,N,Not at Intersection, ,Non-Junction,None,,,         ,Jose,Salazar,Clear,"Sideswipe, Same Direction",no,no,no,no,no,False
101036173,METROPOLITAN NASHVILLE POLICE DEPT,20151077969,Davidson,Nashville,11/24/2015 6:00:00 AM,2,0,0,36.217610,-86.775110,I 65,,,,0.00,,,,,,,88.10,N,Not at Intersection, ,Non-Junction,Construction Zone,,,         ,Eric,Mumaw,Clear,Front to Rear,no,no,no,no,no,False
101036177,METROPOLITAN NASHVILLE POLICE DEPT,20151080722,Davidson,Nashville,11/24/2015 11:25:00 PM,2,0,0,36.165330,-86.800660,HERMAN ST,,,,127.00,Feet,West,16TH AVN,,,,0.00,N,Not at Intersection,N,Non-Junction,None,,,         ,James,Jarvis,Clear,HeadOn,no,no,no,no,no,False
101036182,METROPOLITAN NASHVILLE POLICE DEPT,20151077335,Davidson,Not in City Limit,11/24/2015 12:00:00 AM,1,0,0,36.264210,-86.854760,CLARKSVILLE PKE,,,,1222.00,Feet,East,DRY FORK RD,,,,0.00,N,Not at Intersection,N,Non-Junction,None,,,         ,Chad,Brown,Clear,Not Collision with Motor Vehicle in Transport,no,no,no,no,yes,False
101036215,METROPOLITAN NASHVILLE POLICE DEPT,20151037061,Davidson,Not in City Limit,11/11/2015 1:54:00 AM,1,0,0,36.021400,-86.628570,I 24,,,,0.00,,,,,,,61.90,N,Not at Intersection,N,Non-Junction,None,,,         ,Justin,McCormick,Clear,Not Collision with Motor Vehicle in Transport,no,no,no,no,no,False
101036230,METROPOLITAN NASHVILLE POLICE DEPT,20151081245,Davidson,Nashville,11/25/2015 3:45:00 AM,1,0,0,36.195820,-86.776110,I 65,,,,0.00,,,,,,,86.60,N,Not at Intersection,N,Non-Junction,None,,,         ,Matthew,Lachance,Clear,Not Collision with Motor Vehicle in Transport,no,no,no,no,no,False
101036235,METROPOLITAN NASHVILLE POLICE DEPT,20151081277,Davidson,Nashville,11/25/2015 12:00:00 AM,1,0,0,36.222530,-86.726060,GALLATIN PIKE,,,,0.00,,,,,,,0.00,,,N,Non-Junction,None,,,         ,Richard,Hyatt,Clear,Not Collision with Motor Vehicle in Transport,no,no,no,no,yes,False
101036272,METROPOLITAN NASHVILLE POLICE DEPT,2015-1078271,Davidson,Nashville,11/24/2015 8:40:00 AM,2,0,0,36.166820,-86.663460,DONELSON PKE,,,,309.00,Feet,South,LEBANON PKE,,,,0.00,N,Not at Intersection,N,Non-Junction,None,,,         ,Jeb,Johnston,Cloudy,Angle,no,no,no,no,no,False
101036276,METROPOLITAN NASHVILLE POLICE DEPT,2015-1081504,Davidson,Nashville,11/25/2015 5:57:00 AM,2,0,0,36.025470,-86.713050,NOLENSVILLE PKE,,,,0.00,,,LENOX VILLAGE DR,,,,0.00,Y,Four-Way, ,Intersection,None,,,         ,William,Whitworth,Cloudy,Angle,no,no,no,no,no,False
101036282,METROPOLITAN NASHVILLE POLICE DEPT,20151073075,Davidson,Nashville,11/22/2015 12:00:00 AM,3,0,0,36.177050,-86.772870,I 24,,,,0.00,,,,,,,47.90,N,Not at Intersection, ,Non-Junction,None,,,         ,Adam,Gartner,Clear,Angle,no,no,no,no,no,False
101036288,METROPOLITAN NASHVILLE POLICE DEPT,20151075588,Davidson,Nashville,11/23/2015 11:45:00 AM,2,0,0,36.180070,-86.811040,BUCHANAN ST,,,,0.00,,,DR D B TODD JR BLVD,,,,0.00,Y,Four-Way, ,Intersection,None,,,         ,Steven,Spillers,Clear,Angle,no,no,no,no,no,False
101036308,METROPOLITAN NASHVILLE POLICE DEPT,20151067741,Davidson,Nashville,11/20/2015 10:59:00 AM,3,2,0,36.042450,-86.712940,NOLENSVILLE PKE,,,,0.00,,,SWISS AV,,,,0.00,Y,Four-Way,N,Intersection,None,,,         ,Donald,Davidson,Clear,Angle,no,no,no,no,no,False
101036311,METROPOLITAN NASHVILLE POLICE DEPT,20151081550,Davidson,Nashville,11/25/2015 12:00:00 AM,1,0,0,36.120210,-86.891830,GEORGETOWN DR,,,,274.00,Feet,South,WESLEYWOOD DR,,,,0.00,N,Not at Intersection,N,Non-Junction,None,,,         ,Christopher,Taylor,Unknown,Not Collision with Motor Vehicle in Transport,no,no,no,no,yes,False
101036322,METROPOLITAN NASHVILLE POLICE DEPT,20151081544,Davidson,Nashville,11/25/2015 7:10:00 AM,3,0,0,36.152120,-86.772230,LAFAYETTE ST,,,,0.00,,,ASH ST,,,,0.00,Y,T-Intersection,N,Intersection,None,,,         ,Catherine,Poole,Cloudy,Front to Rear,no,no,no,no,no,False
101036334,METROPOLITAN NASHVILLE POLICE DEPT,20151081695,Davidson,Nashville,11/25/2015 8:24:00 AM,3,2,0,36.196610,-86.776120,I 65,,,,0.00,,,,,,,86.65,N,Not at Intersection,Y,Non-Junction,None,,,         ,Michael,McCord,Cloudy,Front to Rear,no,no,no,no,no,False
101036337,METROPOLITAN NASHVILLE POLICE DEPT,20151078120,Davidson,Madison,11/24/2015 7:45:00 AM,2,2,0,0.000000,0.000000,,,I65,,1.00,Miles,South,,,,,88.80,N,Not at Intersection,N,Non-Junction,Construction Zone,Work On Shoulder Or Median,Before First Warning Area,         ,Faye,Denson,Clear,Front to Rear,no,no,no,no,no,False
101036346,METROPOLITAN NASHVILLE POLICE DEPT,20151081828,Davidson,Nashville,11/25/2015 9:12:00 AM,2,0,0,36.249440,-86.719390,GALLATIN PKES,,,,17.00,Feet,North,E PALESTINE AV,,,,0.00,N,Not at Intersection, ,Non-Junction,None,,,         ,Brian,Otto,Clear,Other,no,no,no,no,no,False
101036348,METROPOLITAN NASHVILLE POLICE DEPT,20151081721,Davidson,Nashville,11/25/2015 8:29:00 AM,1,0,0,36.118630,-86.699550,BRILEY PKWYS,,,,258.00,Feet,East,BRILEY PKWY S EXT RAMP,,,,0.00,N,Not at Intersection,N,Non-Junction,None,,,         ,Jason,Cregan,Clear,Not Collision with Motor Vehicle in Transport,no,no,no,no,no,False