master_record_number,agency,agency_tracking_number,county,city,collision_date,vehicles_involved,number_injured,number_dead,latitude,longitude,roadway_name,roadway_suffix,roadway_number,roadway_local_id,distance_from_reference,miles-feet_indicator,direction_from_reference,intersection_road_name,intersection_road_name_suffix,intersection_road_number,intersection_local_id,mile_marker,intersection_indicator,intersect_type,interchange_related_indicator,relation_to_junction,work_zone_type,construction_maintenance_zone,construction_maintenance_zone_location,fatal_case_number,officer_first_name,officer_last_name,weather_condition(s),manner_of_crash,pedestrian,bicycle,scooter,parking,hitrun,mou
101040577,METROPOLITAN NASHVILLE POLICE DEPT,20151099858,Davidson,Nashville,12/1/2015 2:50:00 PM,2,0,0,36.149730,-86.859720,CHARLOTTE PKE,,,,98.00,Feet,West,MIDLAND AV,,,,0.00,N,Not at Intersection, ,,Work Zone,,,         ,Douglas,Sykes,,,no,no,no,no,no,False
101040579,METROPOLITAN NASHVILLE POLICE DEPT,20151099953,Davidson,Nashville,12/1/2015 3:40:00 PM,2,0,0,36.180550,-86.677950,MCGAVOCK PIKE,,,,50.00,Feet,South,LINCOYA CT,,,,0.00,N,Not at Intersection, ,Non-Junction,None,,,         ,Tyler,Conrads,Clear,Front to Rear,no,no,no,no,no,False
101040580,METROPOLITAN NASHVILLE POLICE DEPT,20151099877,Davidson,Not in City Limit,12/1/2015 2:10:00 PM,2,0,0,36.264230,-86.735130,STATE HWY 45,,,,0.00,,,BOYDS HILLTOP DR,,,,0.00,Y,OTHER,Y,Intersection-Related,None,,,         ,Jeanine,Sarno,Cloudy,Front to Rear,no,no,no,no,yes,False
101040586,METROPOLITAN NASHVILLE POLICE DEPT,20151099820,Davidson,Joelton,12/1/2015 2:56:00 PM,2,0,0,36.316700,-86.866090,WHITES CREEK PKE,,,,336.00,Feet,North,UNION HILL RD,,,,0.00,N,Not at Intersection,N,Non-Junction,None,,,         ,Dontaveous,Eubanks,Cloudy,Front to Rear,no,no,no,no,no,False
101040595,METROPOLITAN NASHVILLE POLICE DEPT,20151099922,Davidson,Nashville,12/1/2015 3:31:00 PM,2,0,0,36.079600,-86.726320,NOLENSVILLE PKE,,,,0.00,,,HARDING PL,,,,0.00,Y,Four-Way, ,Intersection-Related,None,,,         ,Tien,Nguyen,Cloudy,"Sideswipe, Same Direction",no,no,no,no,no,False
101040598,METROPOLITAN NASHVILLE POLICE DEPT,20151099905,Davidson,Nashville,12/1/2015 3:23:00 PM,2,0,0,36.152490,-86.768670,LINDSLEY AVE,,,,102.00,Feet,East,2ND AVE S,,,,0.00,N,Not at Intersection, ,,None,,,         ,MIchael,Mihajlov,,,no,no,no,no,no,False
101040608,METROPOLITAN NASHVILLE POLICE DEPT,20151099956,Davidson,Nashville,12/1/2015 3:25:00 PM,2,0,0,36.197750,-86.620010,STATE HWY 45,,,,142.00,Feet,North,RAMP,,,,0.00,N,Not at Intersection,N,Non-Junction,None,,,         ,John,Kelley,Cloudy,Other,no,no,no,yes,yes,False
101040618,METROPOLITAN NASHVILLE POLICE DEPT,20151099977,Davidson,Nashville,12/1/2015 3:52:00 PM,2,0,0,36.157870,-86.790940,I 40,,,,0.00,,,,,,,209.00,N,Not at Intersection, ,Non-Junction,None,,,         ,Mekisha,Page,Cloudy,"Sideswipe, Same Direction",no,no,no,no,yes,False
101040620,METROPOLITAN NASHVILLE POLICE DEPT,20151099782,Davidson,Nashville,12/1/2015 3:00:00 PM,2,0,0,36.193660,-86.831220,CLARKSVILLE PKE,,,,0.00,,,BUENA VISTA PKE,,,,0.00,Y,Four-Way, ,Intersection,None,,,         ,Melvin,Taylor,Cloudy,"Sideswipe, Same Direction",no,no,no,no,no,False
101040623,METROPOLITAN NASHVILLE POLICE DEPT,2015-1099785,Davidson,Nashville,12/1/2015 2:40:00 PM,2,1,0,36.045220,-86.714790,OLD HICKORY BLVD,,,,0.00,Feet,,BRENTWOOD EAST DR,,,,0.00,Y,T-Intersection,N,Intersection,None,,,         ,Brandon,O'Guin,Cloudy,Angle,no,no,no,no,no,False
101040631,METROPOLITAN NASHVILLE POLICE DEPT,2015-1099805,Davidson,Nashville,12/1/2015 2:22:00 PM,2,0,0,36.133280,-86.891730,US HWY 70,,,,100.00,Feet,West,CONNECTING ROAD,,,,0.00,N,Not at Intersection,N,Non-Junction,None,,,         ,Walter,Gray II,Cloudy,"Sideswipe, Same Direction",no,no,no,no,yes,False
101040632,METROPOLITAN NASHVILLE POLICE DEPT,2015-1099959,Davidson,Nashville,12/1/2015 3:40:00 PM,2,0,0,36.125010,-86.815960,SHARONDALE DR,,,,0.00,,,WOODLAWN DR,,,,0.00,Y,Four-Way,N,Intersection,None,,,         ,Walter,Gray II,Clear,Angle,no,no,no,no,no,False
101040639,METROPOLITAN NASHVILLE POLICE DEPT,20151100222,Davidson,Nashville,12/1/2015 4:52:00 PM,2,0,0,36.126250,-86.772690,I 65,,,,0.00,,,,,,,80.80,N,Not at Intersection, ,Non-Junction,None,,,         ,Tien,Nguyen,Clear,Front to Rear,no,no,no,no,no,False
101040640,METROPOLITAN NASHVILLE POLICE DEPT,20151097535,Davidson,Not in City Limit,11/30/2015 7:50:00 PM,1,0,0,36.324360,-86.870980,I 24,,,,0.00,,,,,,,34.80,N,Not at Intersection,N,Non-Junction,None,,,         ,Wesley,Feinstein,Rain,Unknown,no,no,no,no,yes,False
101040643,METROPOLITAN NASHVILLE POLICE DEPT,20151100174,Davidson,Nashville,12/1/2015 4:30:00 PM,2,0,0,36.164020,-86.786240,CHARLOTTE AVE,,,,0.00,,,RAMP,,,,0.00,Y,Four-Way, ,Intersection,None,,,         ,Jeffrey,Livingston,Cloudy,Angle,no,no,no,no,no,False
101040644,METROPOLITAN NASHVILLE POLICE DEPT,2015-1095587,Davidson,Nashville,11/30/2015 5:49:00 AM,2,0,0,36.089140,-86.627450,NASHBORO BLVD,,,,0.00,,,BELL RD,,,,0.00,Y,T-Intersection, ,Intersection,None,,,         ,Jeb,Johnston,Cloudy,Front to Rear,no,no,no,no,yes,False
101040652,METROPOLITAN NASHVILLE POLICE DEPT,20151089495,Davidson,Nashville,11/27/2015 11:20:00 PM,2,0,0,36.045250,-86.714440,OLD HICKORY BLVD,,,,351.00,Feet,West,NOLENSVILLE PKE,,,,0.00,N,Not at Intersection,N,Non-Junction,None,,,         ,Gilbert,Mana,Clear,Angle,no,no,no,no,yes,False
101040655,METROPOLITAN NASHVILLE POLICE DEPT,20151093683,Davidson,Nashville,11/29/2015 11:30:00 AM,2,0,0,36.197960,-86.687850,BRILEY PKWY N EXT RAMP,,,,0.00,,,OPRY MILLS DR,,,,0.00,Y,OTHER, ,,None,,,         ,Jason,Smith,,,no,no,no,no,no,False
101040660,METROPOLITAN NASHVILLE POLICE DEPT,20151100191,Davidson,Nashville,12/1/2015 5:21:00 PM,2,0,0,36.121820,-86.704830,MURFREESBORO PKE,,,,0.00,,,KERMIT DR,,,,0.00,Y,T-Intersection, ,,None,,,         ,Thomas,Barnes,,,no,no,no,no,no,False
101040662,METROPOLITAN NASHVILLE POLICE DEPT,2015-1100304,Davidson,Nashville,12/1/2015 5:15:00 PM,2,0,0,36.070870,-86.769940,I 65,,,,0.00,,,,,,,77.00,N,Not at Intersection,N,Non-Junction,None,,,         ,William,King,Clear,Front to Rear,no,no,no,no,no,False
101040665,METROPOLITAN NASHVILLE POLICE DEPT,20151100099,Davidson,Nashville,12/1/2015 4:00:00 PM,1,0,0,36.085130,-86.833010,HILLSBORO PKE,,,,355.00,Feet,South,HILLCREST HEIGHTS DR,,,,0.00,N,Not at Intersection,N,Non-Junction,None,,,         ,Mark,Hatt,Cloudy,Not Collision with Motor Vehicle in Transport,no,no,no,no,no,False
101040668,METROPOLITAN NASHVILLE POLICE DEPT,20151100357,Davidson,Nashville,12/1/2015 5:40:00 PM,1,0,0,36.060630,-86.639980,BELL RD,,,,15.00,Feet,East,HICKORY HIGHLANDS DR,,,,0.00,N,Not at Intersection,N,Non-Junction,None,,,         ,Oscar,Gomez,Cloudy,Not Collision with Motor Vehicle in Transport,no,no,no,no,no,False
101040669,METROPOLITAN NASHVILLE POLICE DEPT,20151100086,Davidson,Nashville,12/1/2015 4:00:00 PM,2,0,0,36.191350,-86.809770,MIDDLE ST,,,,142.00,Feet,South,JENNINGS ST,,,,0.00,N,Not at Intersection,N,Non-Junction,None,,,         ,Victor,Alexander,Cloudy,"Sideswipe, Opposite Direction",no,no,no,no,no,False
101040674,METROPOLITAN NASHVILLE POLICE DEPT,2015-1098729,Davidson,Nashville,12/1/2015 8:09:00 AM,2,1,0,36.142490,-86.630850,ELM HILL PKE,,,,107.00,Feet,West,WEMBERTON DR,,,,0.00,N,Not at Intersection,N,Non-Junction,None,,,         ,Jeb,Johnston,Rain,Front to Rear,no,no,no,no,no,False
101040679,METROPOLITAN NASHVILLE POLICE DEPT,20151100317,Davidson,Nashville,12/1/2015 5:16:00 PM,2,0,0,36.097170,-86.763130,I 65,,,,0.00,,,,,,,78.85,N,Not at Intersection,N,Non-Junction,None,,,         ,Tien,Nguyen,Cloudy,Front to Rear,no,no,no,no,no,False
101040680,METROPOLITAN NASHVILLE POLICE DEPT,20151100303,Davidson,Nashville,12/1/2015 5:15:00 PM,2,0,0,36.146270,-86.669060,ROYAL PKWY,,,,119.00,Feet,East,NELSON PL,,,,0.00,N,Not at Intersection, ,Non-Junction,None,,,         ,Austin,Childress,Clear,Front to Rear,no,no,no,no,no,False
101040681,METROPOLITAN NASHVILLE POLICE DEPT,20151100159,Davidson,Joelton,12/1/2015 4:33:00 PM,1,0,0,36.360760,-86.885940,WHITES CREEK PKE,,,,1387.00,Feet,North,JACKMAN RD,,,,0.00,N,Not at Intersection,N,Non-Junction,None,,,         ,Dontaveous,Eubanks,Cloudy,Not Collision with Motor Vehicle in Transport,no,no,no,no,no,False
101040688,METROPOLITAN NASHVILLE POLICE DEPT,20151100153,Davidson,Nashville,12/1/2015 4:30:00 PM,2,0,0,36.174860,-86.794100,MONROE ST,,,,80.00,Feet,West,9TH AVN,,,,0.00,N,Not at Intersection, ,Non-Junction,None,,,         ,Sean,Wuethrich,Clear,Angle,no,no,no,no,no,False
101040691,METROPOLITAN NASHVILLE POLICE DEPT,20151100321,Davidson,Nashville,12/1/2015 4:30:00 PM,2,0,0,36.175010,-86.770920,I24 W EXT RAMP,,,,0.00,,,I 24,,,,0.00,Y,Y-Intersection,N,Intersection,None,,,         ,Charles,Wakefield,Clear,Front to Rear,no,no,no,no,yes,False
101040699,METROPOLITAN NASHVILLE POLICE DEPT,20151100291,Davidson,Nashville,12/1/2015 5:00:00 PM,2,0,0,36.153710,-86.794580,US HWY 70S,,,,58.00,Feet,West,17TH AVE S,,,,0.00,N,Not at Intersection, ,Non-Junction,None,,,         ,Eric,Harvey,Clear,Front to Rear,no,no,no,no,no,False
101040710,GOODLETTSVILLE POLICE DEPT,15-44357,Davidson,Goodlettsville,12/1/2015 5:39:00 PM,2,0,0,36.306170,-86.700670,VIETNAM VETERANS BLVDN,,,,87.00,Feet,West,VIETNAM VETERANS BLVD NB EXT R,,,,0.00,N,Not at Intersection,N,Non-Junction,None,,,         ,Rico,Jones,Cloudy,Front to Rear,no,no,no,no,no,False
101040711,METROPOLITAN NASHVILLE POLICE DEPT,20151100216,Davidson,Not in City Limit,12/1/2015 5:05:00 PM,2,0,0,36.261130,-86.738200,I 65,,,,0.00,,,,,,,92.00,N,Not at Intersection, ,,None,,,         ,Benjamin,Spees,,,no,no,no,no,no,False
101040716,METROPOLITAN NASHVILLE POLICE DEPT,20151100349,Davidson,Nashville,12/1/2015 5:29:00 PM,2,2,0,36.177490,-86.764370,US HWY 31E,,,,27.00,Feet,South,-- UNKNOWN RAMP/ROAD --,,,,0.00,N,Not at Intersection,N,Non-Junction,None,,,         ,Terence,Maahs,Cloudy,Front to Rear,no,no,no,no,no,False
101040717,METROPOLITAN NASHVILLE POLICE DEPT,20151100251,Davidson,Nashville,12/1/2015 5:02:00 PM,1,0,0,36.068090,-86.844100,OTTER CREEK RD,,,,0.00,,,US HWY 431,,,,0.00,Y,Four-Way, ,Intersection,None,,,         ,Megan,Lamon,Clear,Not Collision with Motor Vehicle in Transport,no,no,no,no,no,False
101040718,METROPOLITAN NASHVILLE POLICE DEPT,20151100238,Davidson,Nashville,12/1/2015 4:57:00 PM,2,0,0,36.086770,-86.694910,HARDING PL,,,,309.00,Feet,East,S PERIMETER PARK DR,,,,0.00,N,Not at Intersection,N,Non-Junction,None,,,         ,William,Durham,Cloudy,Angle,no,no,no,no,yes,False
101040720,METROPOLITAN NASHVILLE POLICE DEPT,20151100361,Davidson,Antioch,12/1/2015 5:24:00 PM,3,1,0,36.009930,-86.612310,HEIL QUAKER BLVD,,,,0.00,Feet,East,BRIDGESTONE PKWY,,,,0.00,N,Not at Intersection,N,Non-Junction,None,,,         ,William,Durham,Cloudy,Front to Rear,no,no,no,no,no,False
101040724,METROPOLITAN NASHVILLE POLICE DEPT,20151100410,Davidson,Nashville,12/1/2015 5:44:00 PM,2,0,0,36.217340,-86.718650,MCALPINE AV,,,,0.00,,,KENNEDY AV,,,,0.00,Y,Four-Way, ,Intersection,None,,,         ,Whitney,Arnold,Clear,Angle,no,no,no,no,no,False
101040726,METROPOLITAN NASHVILLE POLICE DEPT,20151100234,Davidson,Nashville,12/1/2015 4:54:00 PM,2,0,0,36.155520,-86.789200,I 40,,,,0.00,,,,,,,209.15,N,Not at Intersection, ,Non-Junction,None,,,         ,Maria,Cortez,Clear,Angle,no,no,no,no,no,False
101040727,METROPOLITAN NASHVILLE POLICE DEPT,2015-1100392,Davidson,Not in City Limit,12/1/2015 5:46:00 PM,2,0,0,36.048880,-86.952740,OLD HARDING PIKE,,,,135.00,Feet,West,TEMPLE RD,,,,0.00,N,Not at Intersection, ,Non-Junction,None,,,         ,Walter,Gray II,Cloudy,Front to Rear,no,no,no,no,no,False
101040729,METROPOLITAN NASHVILLE POLICE DEPT,20151100467,Davidson,Nashville,12/1/2015 6:14:00 PM,2,0,0,36.121600,-86.754500,I440 E EXT RAMP,,,,0.00,Feet,East,I 440,,,,0.00,N,Not at Intersection, ,Non-Junction,None,,,         ,Tien,Nguyen,Clear,Front to Rear,no,no,no,no,no,False
101040734,METROPOLITAN NASHVILLE POLICE DEPT,20151100046,Davidson,Nashville,12/1/2015 4:06:00 PM,5,1,0,36.109430,-86.769920,I 65,,,,0.00,,,,,,,79.70,N,Not at Intersection,N,Non-Junction,None,,,         ,Clyde,Stambaugh,Clear,Front to Rear,no,no,no,no,no,False
101040738,METROPOLITAN NASHVILLE POLICE DEPT,20151100421,Davidson,Not in City Limit,12/1/2015 5:50:00 PM,2,0,0,36.261040,-86.738160,I 65,,,,0.00,,,,,,,92.00,N,Not at Intersection, ,Non-Junction,None,,,         ,Jerry,Pirtle,Cloudy,Front to Rear,no,no,no,no,no,False
101040746,METROPOLITAN NASHVILLE POLICE DEPT,20151100502,Davidson,Not in City Limit,12/1/2015 5:48:00 PM,1,0,0,36.034550,-86.974980,HIGHWAY 100,,,,249.00,Feet,East,NATCHEZ TRACE PKWY EXT RAMP,,,,0.00,N,Not at Intersection, ,Non-Junction,None,,,         ,Tyler,Reese,Clear,Not Collision with Motor Vehicle in Transport,no,no,no,no,no,False
101040754,GOODLETTSVILLE POLICE DEPT,15-44360,Davidson,Goodlettsville,12/1/2015 6:03:00 PM,2,1,0,36.306190,-86.700570,VIETNAM VETERANS,,SR386,,81.00,Feet,West,CONFERENCE DRIVE EXIT RAMP,,,,0.00,N,Not at Intersection,N,Non-Junction,None,,,         ,Brandon,Wright,Clear,Front to Rear,no,no,no,no,yes,False
101040755,METROPOLITAN NASHVILLE POLICE DEPT,20151100342,Davidson,Nashville,12/1/2015 5:24:00 PM,2,0,0,36.141390,-86.669760,I 40,,,,0.00,,,I40 E EXT RAMP,,,,0.00,Y,OTHER,N,Non-Junction,None,,,         ,Michael,Apsey,Clear,Front to Rear,no,no,no,no,no,False
101040757,METROPOLITAN NASHVILLE POLICE DEPT,2015-1100499,Davidson,Nashville,12/1/2015 6:30:00 PM,2,0,0,36.157650,-86.790750,I 40,,,,0.00,,,,,,,209.00,N,Not at Intersection,Y,Entrance/Exit Ramp Related,None,,,         ,Austin,Kendrick,Clear,Angle,no,no,no,no,yes,False
101040761,GOODLETTSVILLE POLICE DEPT,15-44364,Davidson,Goodlettsville,12/1/2015 6:50:00 PM,1,0,0,36.335990,-86.717129,US HIGHWAY 31/41,,US31/41,,150.00,Feet,North,OLD SPRINGFILED,HWY,,,0.00,N,Not at Intersection,N,Non-Junction,None,,,         ,Hannah,Poole,Clear,Not Collision with Motor Vehicle in Transport,no,no,no,no,no,False
101040766,METROPOLITAN NASHVILLE POLICE DEPT,20151100611,Davidson,Nashville,12/1/2015 7:15:00 PM,2,0,0,36.140440,-86.731330,I 40,,,,0.00,,,,,,,212.95,N,Not at Intersection,N,Non-Junction,None,,,         ,John,Kelley,Cloudy,"Sideswipe, Same Direction",no,no,no,no,yes,False
101040771,METROPOLITAN NASHVILLE POLICE DEPT,20151100533,Davidson,Nashville,12/1/2015 6:47:00 PM,1,1,0,36.152470,-86.773210,US HWY 41,,,,0.00,,,5TH AVE S,,,,0.00,Y,Four-Way,N,Intersection,None,,,         ,MIchael,Mihajlov,Clear,Not Collision with Motor Vehicle in Transport,yes,no,no,no,no,False
101040775,METROPOLITAN NASHVILLE POLICE DEPT,20151097073,Davidson,Goodlettsville,11/30/2015 5:15:00 PM,1,0,0,36.341240,-86.769570,LICKTON PKE,,,,308.00,Feet,East,LICKTON PKE PVTDR,,,,0.00,N,Not at Intersection,N,Non-Junction,None,,,         ,Nathan,Dungan,Rain,Not Collision with Motor Vehicle in Transport,no,no,no,no,no,False
101040782,METROPOLITAN NASHVILLE POLICE DEPT,20151100475,Davidson,Nashville,12/1/2015 5:29:00 PM,2,0,0,36.103600,-86.737020,SUNRISE AV,,,,500.00,Feet,East,MCCOMBS AV,,,,0.00,N,Not at Intersection,N,Non-Junction,None,,,         ,Paul,Goebel,Cloudy,Front to Rear,no,no,no,no,yes,False
101040785,METROPOLITAN NASHVILLE POLICE DEPT,20151100685,Davidson,Nashville,12/1/2015 7:25:00 PM,2,0,0,36.086130,-86.729410,NOLENSVILLE PKE,,,,0.00,,,ELYSIAN FIELDS RD,,,,0.00,Y,T-Intersection,N,Intersection-Related,None,,,         ,Tien,Nguyen,Clear,Front to Rear,no,no,no,no,no,False
101040792,METROPOLITAN NASHVILLE POLICE DEPT,20151097537,Davidson,Nashville,11/30/2015 9:10:00 PM,1,1,0,36.226450,-86.776900,I24 W ENT RAMP,,,,0.00,Feet,East,I 65,,,,0.00,N,Not at Intersection,Y,Entrance/Exit Ramp Related,Construction Zone,Work On Shoulder Or Median,Activity Area,         ,Nathan,Dungan,Rain,Not Collision with Motor Vehicle in Transport,no,no,no,no,no,False
101040794,METROPOLITAN NASHVILLE POLICE DEPT,20151099976,Davidson,Nashville,12/1/2015 3:45:00 PM,3,0,0,36.190840,-86.615350,OLD HICKORY BLVD,,,,0.00,,,OLD LEBANON DIRT RD,,,,0.00,Y,Four-Way,N,Intersection,None,,,         ,Shawn,Taylor,Cloudy,Front to Rear,no,no,no,no,no,False
101040795,METROPOLITAN NASHVILLE POLICE DEPT,20151100209,Davidson,Nashville,12/1/2015 4:45:00 PM,1,0,0,36.132770,-86.634440,S ASHFORD,,,,69.00,Feet,South,N ASHFORD,,,,0.00,N,Not at Intersection,N,Non-Junction,None,,,         ,Shawn,Taylor,Cloudy,Not Collision with Motor Vehicle in Transport,no,no,no,yes,no,False
101040796,METROPOLITAN NASHVILLE POLICE DEPT,20151100391,Davidson,Old Hickory,12/1/2015 5:46:00 PM,1,0,0,36.267190,-86.668250,OLD HICKORY,,,,100.00,Feet,East,BRIDGEWAY,AVE,,,0.00,N,Not at Intersection, ,Non-Junction,None,,,         ,Shawn,Taylor,Cloudy,Not Collision with Motor Vehicle in Transport,no,no,no,no,no,False
101040797,METROPOLITAN NASHVILLE POLICE DEPT,20151100494,Davidson,Nashville,12/1/2015 6:00:00 PM,2,0,0,36.225070,-86.628130,CHURCH ST,,,,154.00,Feet,South,CENTER ST,,,,0.00,N,Not at Intersection, ,,None,,,         ,Shawn,Taylor,,,no,no,no,no,no,False
101040798,METROPOLITAN NASHVILLE POLICE DEPT,20151100567,Davidson,Old Hickory,12/1/2015 6:53:00 PM,1,0,0,36.365820,-86.657650,INDUSTRIAL,DR,,,393.00,Feet,South,OLD HICKORY,BLVD,,,0.00,N,Not at Intersection, ,Non-Junction,None,,,         ,Shawn,Taylor,Cloudy,Not Collision with Motor Vehicle in Transport,no,no,no,no,no,False
101040802,METROPOLITAN NASHVILLE POLICE DEPT,20151100218,Davidson,Nashville,12/1/2015 4:50:00 PM,2,0,0,36.081790,-86.760320,RAMP,,,,0.00,,,STATE HWY 255,,,,0.00,Y,Four-Way,N,Intersection,None,,,         ,Royce,McLester,Cloudy,"Sideswipe, Same Direction",no,no,no,no,yes,False
101040804,METROPOLITAN NASHVILLE POLICE DEPT,20151100479,Davidson,Nashville,12/1/2015 5:40:00 PM,2,0,0,36.110740,-86.742560,THOMPSON LN,,,,120.00,Feet,East,FOSTER AV,,,,0.00,N,Not at Intersection, ,Non-Junction,None,,,         ,Randy,Heinze,Clear,Front to Rear,no,no,no,no,no,False
101040806,METROPOLITAN NASHVILLE POLICE DEPT,20151100280,Davidson,Nashville,12/1/2015 5:08:00 PM,3,2,0,36.071370,-86.769580,I 65,,,,0.00,,,,,,,77.00,N,Not at Intersection,N,Non-Junction,None,,,         ,Miguel,Garcia,Clear,Front to Rear,no,no,no,no,no,False
101040807,METROPOLITAN NASHVILLE POLICE DEPT,20151100477,Davidson,Nashville,12/1/2015 5:42:00 PM,3,1,0,36.090310,-86.733910,US HWY 31 ALT,,,,101.00,Feet,North,ZOO RD,,,,0.00,N,Not at Intersection,N,Non-Junction,None,,,         ,Miguel,Garcia,Clear,Front to Rear,no,no,no,no,no,False
101040809,METROPOLITAN NASHVILLE POLICE DEPT,20151100529,Davidson,Nashville,12/1/2015 6:45:00 PM,1,1,0,36.155320,-86.835200,DELAWARE AVE,,,,0.00,,,,,,,0.00,,,N,OtherLocation,None,,,         ,Christopher,Valdez,Clear,Not Collision with Motor Vehicle in Transport,yes,no,no,no,yes,False
101040813,METROPOLITAN NASHVILLE POLICE DEPT,20151100452,Davidson,Nashville,12/1/2015 6:00:00 PM,2,0,0,36.192970,-86.801830,ROSA L PARKS BLVD,,,,0.00,,,ATHENS WAY,,,,0.00,Y,OTHER, ,Intersection-Related,None,,,         ,Allen,Hall,Clear,Front to Rear,no,no,no,no,no,False
101040815,METROPOLITAN NASHVILLE POLICE DEPT,20151097303,Davidson,Nashville,11/30/2015 5:55:00 PM,2,0,0,36.269110,-86.755010,OLD HICKORY BLVDW,,,,200.00,Feet,East,DICKERSON PKE,,,,0.00,N,Not at Intersection, ,"Driveway, Alley Access, etc",None,,,         ,Nathan,Dungan,Rain,Angle,no,no,no,no,no,False
101040823,METROPOLITAN NASHVILLE POLICE DEPT,20151100299,Davidson,Nashville,12/1/2015 12:00:00 AM,2,0,0,36.035130,-86.636240,CROSSINGS BLVD,,,,0.00,Feet,East,DANA WAY,,,,0.00,N,Not at Intersection,N,Non-Junction,None,,,         ,Larry,Preuett,Clear,Angle,no,no,no,no,yes,False
101040834,METROPOLITAN NASHVILLE POLICE DEPT,20151100401,Davidson,Nashville,12/1/2015 5:41:00 PM,2,1,0,36.031190,-86.639480,I 24,,,,0.00,,,,,,,60.90,N,Not at Intersection,N,Non-Junction,None,,,         ,Joseph,Progar,Cloudy,Front to Rear,no,no,no,no,no,False
101040852,METROPOLITAN NASHVILLE POLICE DEPT,20151099914,Davidson,Nashville,12/1/2015 3:20:00 PM,2,0,0,36.271540,-86.761170,OLD HICKORY BLVD,,,,75.00,Feet,South,MARYDALE DR,,,,0.00,N,Not at Intersection,N,Non-Junction,None,,,         ,Nathan,Dungan,Cloudy,Front to Rear,no,no,no,no,yes,False
101040855,METROPOLITAN NASHVILLE POLICE DEPT,20151100378,Davidson,Nashville,12/1/2015 5:39:00 PM,2,0,0,36.147090,-86.743430,I 40,,,,0.00,,,,,,,212.05,N,Not at Intersection, ,Non-Junction,None,,,         ,Felipe,Pereira,Cloudy,Front to Rear,no,no,no,no,no,False
101040856,METROPOLITAN NASHVILLE POLICE DEPT,20151100593,Davidson,Nashville,12/1/2015 7:10:00 PM,1,1,0,36.150500,-86.767400,LAFAYETTE ST,,,,175.00,Feet,East,2ND AVS,,,,0.00,N,Not at Intersection,N,Non-Junction,None,,,         ,Felipe,Pereira,Cloudy,Not Collision with Motor Vehicle in Transport,yes,no,no,no,no,False
101040870,METROPOLITAN NASHVILLE POLICE DEPT,20151100124,Davidson,Madison,12/1/2015 4:25:00 PM,2,0,0,36.282210,-86.707510,WELWORTH ST,,,,0.00,Feet,,GALLATIN PKEN,,,,0.00,Y,T-Intersection, ,Intersection-Related,None,,,         ,Nathan,Dungan,Cloudy,Front to Rear,no,no,no,no,no,False
101040882,METROPOLITAN NASHVILLE POLICE DEPT,20151100273,Davidson,Madison,12/1/2015 5:00:00 PM,2,0,0,36.264170,-86.697870,STATE RT 45,,,,332.00,Feet,North,HANKINS ST,,,,0.00,N,Not at Intersection,N,Non-Junction,None,,,         ,Nathan,Dungan,Cloudy,Front to Rear,no,no,no,no,no,False
101040884,METROPOLITAN NASHVILLE POLICE DEPT,20151101053,Davidson,Nashville,12/1/2015 8:45:00 PM,2,0,0,36.176460,-86.772300,I 24,,,,0.00,,,,,,,48.00,N,Not at Intersection, ,Non-Junction,None,,,         ,Terence,Maahs,Cloudy,Angle,no,no,no,no,no,False
101040886,METROPOLITAN NASHVILLE POLICE DEPT,20151100974,Davidson,Nashville,12/1/2015 8:30:00 PM,3,0,0,36.049980,-86.649500,MT VIEW RD,,,,0.00,,,BELL RD,,,,0.00,Y,Four-Way, ,Intersection,None,,,         ,Ian,Lynch,Clear,Angle,no,no,no,no,no,False
101040887,METROPOLITAN NASHVILLE POLICE DEPT,20151100625,Davidson,Nashville,12/1/2015 6:53:00 PM,2,0,0,36.088860,-86.702390,I 24,,,,0.00,,,,,,,55.50,N,Not at Intersection,N,Non-Junction,None,,,         ,William,Durham,Cloudy,Front to Rear,no,no,no,no,yes,False
101040891,METROPOLITAN NASHVILLE POLICE DEPT,20151100334,Davidson,Nashville,12/1/2015 5:20:00 PM,2,0,0,36.221140,-86.804900,REVELS DR,,,,0.00,,,WHITES CREEK PKE,,,,0.00,Y,Four-Way,N,Intersection,None,,,         ,Melvin,Taylor,Cloudy,Front to Rear,no,no,no,no,no,False
101040898,METROPOLITAN NASHVILLE POLICE DEPT,20151100748,Davidson,Nashville,12/1/2015 6:47:00 PM,2,0,0,36.068010,-86.688190,I 24,,,,0.00,,,,,,,57.10,N,Not at Intersection,N,Non-Junction,None,,,         ,William,Durham,Cloudy,Front to Rear,no,no,no,no,yes,False
101040924,METROPOLITAN NASHVILLE POLICE DEPT,20151100367,Davidson,Nashville,12/1/2015 5:17:00 PM,4,1,0,36.125690,-86.731270,I 440,,,,0.00,,,,,,,7.35,N,Not at Intersection,N,Non-Junction,None,,,         ,Kevin,Keating,Cloudy,Front to Rear,no,no,no,no,no,False
101040925,METROPOLITAN NASHVILLE POLICE DEPT,20151100527,Davidson,Nashville,12/1/2015 6:25:00 PM,2,0,0,36.088940,-86.702450,I 24,,,,0.00,,,,,,,55.45,N,Not at Intersection,N,Non-Junction,None,,,         ,Kevin,Keating,Clear,"Sideswipe, Same Direction",no,no,no,no,yes,False
101040926,METROPOLITAN NASHVILLE POLICE DEPT,20151100288,Davidson,Antioch,12/1/2015 5:07:00 PM,2,0,0,36.025470,-86.587420,MURFREESBORO RD,,,,0.00,,,WALDRON RD,,,,0.00,Y,Four-Way, ,Intersection-Related,None,,,         ,Kevin,Keating,Clear,"Sideswipe, Same Direction",no,no,no,no,no,False