master_record_number,agency,agency_tracking_number,county,city,collision_date,vehicles_involved,number_injured,number_dead,latitude,longitude,roadway_name,roadway_suffix,roadway_number,roadway_local_id,distance_from_reference,miles-feet_indicator,direction_from_reference,intersection_road_name,intersection_road_name_suffix,intersection_road_number,intersection_local_id,mile_marker,intersection_indicator,intersect_type,interchange_related_indicator,relation_to_junction,work_zone_type,construction_maintenance_zone,construction_maintenance_zone_location,fatal_case_number,officer_first_name,officer_last_name,weather_condition(s),manner_of_crash,pedestrian,bicycle,scooter,parking,hitrun,mou
101040927,METROPOLITAN NASHVILLE POLICE DEPT,20151100942,Davidson,Antioch,12/1/2015 7:51:00 PM,2,0,0,36.025470,-86.587420,MURFREESBORO RD,,,,0.00,,,WALDRON RD,,,,0.00,Y,OTHER, ,"Driveway, Alley Access, etc",None,,,         ,Kevin,Keating,Clear,Front to Rear,no,no,no,no,no,False
101040936,METROPOLITAN NASHVILLE POLICE DEPT,20151101209,Davidson,Nashville,12/1/2015 9:55:00 PM,2,0,0,36.185070,-86.738070,SETLIFF PL,,,,150.00,Feet,South,SUMNER AV,,,,0.00,N,Not at Intersection, ,Non-Junction,None,,,         ,Andrew,Mrosla,Clear,Angle,no,no,no,no,no,False
101040974,METROPOLITAN NASHVILLE POLICE DEPT,20151098420,Davidson,Nashville,12/1/2015 5:30:00 AM,2,0,0,36.071870,-86.636180,MURFREESBORO PKE,,,,0.00,,,BELL RD,,,,0.00,Y,Four-Way, ,,None,,,         ,Trevin,Tolbert,,,no,no,no,no,no,False
101040988,METROPOLITAN NASHVILLE POLICE DEPT,20151101425,Davidson,Nashville,12/2/2015 12:30:00 AM,1,0,0,36.155000,-86.786460,12TH AVS,,,,162.00,Feet,North,DEMONBREUN ST,,,,0.00,N,Not at Intersection,N,Non-Junction,None,,,         ,Audrean,Manquero,Clear,Not Collision with Motor Vehicle in Transport,no,no,no,no,no,False
101041001,METROPOLITAN NASHVILLE POLICE DEPT,20151101839,Davidson,Nashville,12/2/2015 4:05:00 AM,1,0,0,36.184490,-86.711100,EASTLAND AV,,,,225.00,Feet,North,TIFFANY DR,,,,0.00,N,Not at Intersection, ,Non-Junction,None,,,         ,Andrew,Mrosla,Clear,Not Collision with Motor Vehicle in Transport,no,no,no,no,no,False
101041024,METROPOLITAN NASHVILLE POLICE DEPT,2015-1098520,Davidson,Nashville,12/1/2015 6:10:00 AM,2,0,0,36.142550,-86.621540,LINCOYA BAY DR,,,,0.00,,,LINCOYA CREEK DR,,,,0.00,Y,OTHER,N,Non-Junction,None,,,         ,David,Smith,Rain,Unknown,no,no,no,yes,yes,False
101041043,METROPOLITAN NASHVILLE POLICE DEPT,2015-1099546,Davidson,Nashville,12/1/2015 1:04:00 PM,2,0,0,36.155010,-86.779630,8TH AVS,,,,0.00,,,KOREAN VETERANS BLVD,,,,0.00,Y,Roundabout,N,Intersection-Related,None,,,         ,Allen,Bates,Cloudy,Angle,no,no,no,no,yes,False
101041050,METROPOLITAN NASHVILLE POLICE DEPT,20151099797,Davidson,Nashville,12/1/2015 2:48:00 PM,2,0,0,36.153950,-86.758290,I 40,,,,0.00,,,,,,,211.10,N,Not at Intersection,Y,Non-Junction,None,,,         ,Wesley,Young,Cloudy,"Sideswipe, Same Direction",no,no,no,no,yes,False
101041051,METROPOLITAN NASHVILLE POLICE DEPT,20151089268,Davidson,Nashville,11/27/2015 12:00:00 AM,2,0,0,36.197900,-86.691650,OPRY MILLS DR,,,,64.00,Feet,North,BRILEY PKWY,,,,0.00,N,Not at Intersection, ,"Driveway, Alley Access, etc",None,,,         ,Donald,Black,Clear,Angle,no,no,no,yes,yes,False
101041053,METROPOLITAN NASHVILLE POLICE DEPT,20151102145,Davidson,Nashville,12/2/2015 7:16:00 AM,2,2,0,36.043980,-86.713110,NOLENSVILLE PKE,,,,94.00,Feet,South,BRENTWOOD EAST DR,,,,0.00,N,Not at Intersection,N,Non-Junction,None,,,         ,Nathan,Kemp,Clear,Angle,no,no,no,no,no,False
101041061,METROPOLITAN NASHVILLE POLICE DEPT,2015-1102079,Davidson,Nashville,12/2/2015 6:39:00 AM,2,0,0,36.065350,-86.679900,ANTIOCH PKE,,,,95.00,Feet,South,REEVES RD,,,,0.00,N,Not at Intersection,N,Non-Junction,None,,,         ,William,Whitworth,Cloudy,Not Collision with Motor Vehicle in Transport,no,no,no,no,yes,False
101041080,METROPOLITAN NASHVILLE POLICE DEPT,2015-1102116,Davidson,Nashville,12/2/2015 7:06:00 AM,2,1,0,36.219570,-86.792560,OLD MATTHEWS RD,,,,325.00,Feet,East,DYNE CT,,,,0.00,N,Not at Intersection,N,Non-Junction,None,,,         ,William,Caillouette,Cloudy,Angle,no,no,no,no,no,False
101041087,METROPOLITAN NASHVILLE POLICE DEPT,20151102154,Davidson,Nashville,12/2/2015 7:00:00 AM,2,0,0,36.125670,-86.732650,I 440,,,,0.00,,,,,,,7.25,N,Not at Intersection,N,Non-Junction,None,,,         ,James,Grady,Cloudy,Front to Rear,no,no,no,no,no,False
101041094,METROPOLITAN NASHVILLE POLICE DEPT,20151102080,Davidson,Nashville,12/2/2015 6:45:00 AM,2,0,0,36.187320,-86.772070,CLEVELAND ST,,,,0.00,,,JOSEPH AV,,,,0.00,Y,Four-Way, ,Non-Junction,None,,,         ,Steven,Carrick,Cloudy,"Sideswipe, Same Direction",no,no,no,no,no,False
101041097,METROPOLITAN NASHVILLE POLICE DEPT,20151102131,Davidson,Nashville,12/2/2015 7:09:00 AM,3,1,0,36.239250,-86.754270,I 65,,,,0.00,,,,,,,90.20,N,Not at Intersection,N,Non-Junction,None,,,         ,Joshua,Borum,Clear,Front to Rear,no,no,no,no,no,False
101041100,METROPOLITAN NASHVILLE POLICE DEPT,20151102353,Davidson,Nashville,12/2/2015 8:31:00 AM,2,2,0,36.124310,-86.743510,I 440,,,,0.00,,,,,,,6.65,N,Not at Intersection,N,Non-Junction,None,,,         ,Nathan,Kemp,Clear,Front to Rear,no,no,no,no,no,False
101041104,METROPOLITAN NASHVILLE POLICE DEPT,2015-1102190,Davidson,Nashville,12/2/2015 7:36:00 AM,3,0,0,36.067190,-86.687070,I 24,,,,0.00,,,,,,,57.20,N,Not at Intersection,N,Non-Junction,None,,,         ,John,Neely,Clear,Front to Rear,no,no,no,no,yes,False
101041113,METROPOLITAN NASHVILLE POLICE DEPT,20151102191,Davidson,Nashville,12/2/2015 7:05:00 AM,3,0,0,36.216810,-86.763380,US HWY 31W,,,,209.00,Feet,South,LORRAINE AVE,,,,0.00,N,Not at Intersection, ,Non-Junction,None,,,         ,Aaron,Wigginton,Clear,Front to Rear,no,no,no,no,yes,False
101041114,METROPOLITAN NASHVILLE POLICE DEPT,20151102207,Davidson,Nashville,12/2/2015 7:44:00 AM,2,0,0,36.172540,-86.599560,CENTRAL PKE,,,,428.00,Feet,West,BURNING TREE DR,,,,0.00,N,Not at Intersection,N,Non-Junction,None,,,         ,Craig,Carlson,Cloudy,Front to Rear,no,no,no,no,yes,False
101041115,METROPOLITAN NASHVILLE POLICE DEPT,20151100308,Davidson,Nashville,12/1/2015 5:12:00 PM,3,1,0,36.125080,-86.733720,I 440,,,,0.00,,,,,,,7.20,N,Not at Intersection,N,Non-Junction,None,,,         ,Jessie,Meadows,Clear,Front to Rear,no,no,no,no,no,False
101041116,METROPOLITAN NASHVILLE POLICE DEPT,2015-1102441,Davidson,Nashville,12/2/2015 9:00:00 AM,2,0,0,36.122890,-86.806790,I440 E EXT RAMP,,,,0.00,Feet,East,I 440,,,,0.00,N,Not at Intersection, ,Non-Junction,None,,,         ,Curtis,Rich,Cloudy,Front to Rear,no,no,no,no,no,False
101041124,METROPOLITAN NASHVILLE POLICE DEPT,20151102119,Davidson,Nashville,12/2/2015 7:20:00 AM,2,0,0,36.141650,-86.714640,I 40,,,,0.00,,,,,,,213.95,N,Not at Intersection,N,Non-Junction,None,,,         ,Jason,Smith,Cloudy,Front to Rear,no,no,no,no,no,False
101041125,METROPOLITAN NASHVILLE POLICE DEPT,20151099370,Davidson,Nashville,12/1/2015 11:55:00 AM,2,0,0,36.170820,-86.601570,OLD HICKORY BLVD,,,,0.00,,,I40 W EXT RAMP,,,,0.00,Y,OTHER, ,Intersection,None,,,         ,James,Curtis,Cloudy,Front to Rear,no,no,no,no,no,False
101041126,METROPOLITAN NASHVILLE POLICE DEPT,20151102164,Davidson,Nashville,12/2/2015 7:25:00 AM,2,0,0,36.143490,-86.687590,I 40,,,,0.00,,,,,,,215.40,N,Not at Intersection, ,,None,,,         ,James,Curtis,,,no,no,no,no,no,False
101041127,METROPOLITAN NASHVILLE POLICE DEPT,20151102229,Davidson,Nashville,12/2/2015 7:45:00 AM,2,1,0,36.109180,-86.671630,DONELSON PKE,,,,195.00,Feet,South,KNAPP BLVD,,,,0.00,N,Not at Intersection,N,Non-Junction,Construction Zone,,,         ,James,Curtis,Cloudy,Front to Rear,no,no,no,no,no,False
101041129,METROPOLITAN NASHVILLE POLICE DEPT,20151102311,Davidson,Nashville,12/2/2015 8:15:00 AM,2,0,0,36.087420,-86.692190,ANTIOCH PIKE,,,,0.00,,,STATE HWY 255,,,,0.00,Y,Four-Way, ,Non-Junction,None,,,         ,Kenneth,Alexandrow,Clear,Front to Rear,no,no,no,no,no,False
101041132,METROPOLITAN NASHVILLE POLICE DEPT,20151102265,Davidson,Nashville,12/2/2015 8:00:00 AM,2,1,0,36.211330,-86.775870,I 65,,,,0.00,,,,,,,87.70,N,Not at Intersection,N,Non-Junction,None,,,         ,Earnest,Fields,Clear,Front to Rear,no,no,no,no,no,False
101041140,METROPOLITAN NASHVILLE POLICE DEPT,20151102255,Davidson,Nashville,12/2/2015 12:00:00 AM,2,0,0,36.167080,-86.782700,5TH AVN,,,,328.00,Feet,South,6TH AVN,,,,0.00,N,Not at Intersection,N,Non-Junction,None,,,         ,Michael,Dance,Clear,Front to Rear,no,no,no,no,no,False
101041145,METROPOLITAN NASHVILLE POLICE DEPT,20151102443,Davidson,Nashville,12/2/2015 8:38:00 AM,2,0,0,36.134730,-86.779050,8TH AVS,,,,165.00,Feet,North,EAST ARGYLE AV,,,,0.00,N,Not at Intersection, ,Non-Junction,None,,,         ,Joshua,Lackey,Clear,"Sideswipe, Same Direction",no,no,no,no,no,False
101041148,METROPOLITAN NASHVILLE POLICE DEPT,15-1102371,Davidson,Nashville,12/2/2015 8:30:00 AM,1,0,0,36.152340,-86.771580,4TH AVS,,,,0.00,,,ASH ST,,,,0.00,Y,OTHER,N,Non-Junction,None,,,         ,Dale,Tomlin,Cloudy,Not Collision with Motor Vehicle in Transport,no,no,no,no,yes,False
101041164,METROPOLITAN NASHVILLE POLICE DEPT,20151102419,Davidson,Nashville,12/2/2015 8:41:00 AM,2,1,0,36.109530,-86.721460,I 24,,,,0.00,,,,,,,53.70,N,Not at Intersection,N,Non-Junction,None,,,         ,Megan,Arnett,Clear,Front to Rear,no,no,no,no,no,False
101041165,METROPOLITAN NASHVILLE POLICE DEPT,20151102507,Davidson,Nashville,12/2/2015 9:25:00 AM,2,0,0,36.125540,-86.752440,NOLENSVILLE PKE,,,,124.00,Feet,South,GLENROSE AV,,,,0.00,N,Not at Intersection, ,Non-Junction,None,,,         ,Megan,Arnett,Clear,Angle,no,no,no,no,no,False
101041171,METROPOLITAN NASHVILLE POLICE DEPT,20151102433,Davidson,Not in City Limit,12/2/2015 8:39:00 AM,2,1,0,35.991040,-86.675330,BURKITT RD,,,,0.00,,,CANONBURY DR,,,,0.00,Y,T-Intersection,N,Intersection,None,,,         ,Roderic,Williams,Clear,Angle,no,no,no,no,no,False
101041175,METROPOLITAN NASHVILLE POLICE DEPT,20151102534,Davidson,Nashville,12/2/2015 9:30:00 AM,2,1,0,36.178060,-86.773440,I 24,,,,0.00,,,,,,,47.80,N,Not at Intersection,N,Non-Junction,None,,,         ,Johnny,Crumby Jr.,Cloudy,Front to Rear,no,no,no,no,no,False
101041176,METROPOLITAN NASHVILLE POLICE DEPT,20151102453,Davidson,Nashville,12/2/2015 9:05:00 AM,2,1,0,36.086870,-86.730230,NOLENSVILLE PKE,,,,0.00,,,ELYSIAN FIELDS CT,,,,0.00,Y,T-Intersection,N,Intersection,None,,,         ,Brent,Bauer,Clear,Front to Rear,no,no,no,no,no,False
101041177,METROPOLITAN NASHVILLE POLICE DEPT,2015-1102726,Davidson,Nashville,12/2/2015 10:33:00 AM,1,0,0,36.148650,-86.865170,LELLYETT ST,,,,50.00,Feet,South,CHARLOTTE PKE,,,,0.00,N,Not at Intersection, ,,None,,,         ,Walter,Gray II,,,no,no,no,no,no,False
101041180,METROPOLITAN NASHVILLE POLICE DEPT,20151102072,Davidson,Not in City Limit,12/2/2015 7:00:00 AM,1,0,0,0.000000,0.000000,BAKER STATION ROAD,,,,100.00,Feet,North,,,,,2.00,N,Not at Intersection, ,Non-Junction,None,,,         ,Jeffery,Burnette,Cloudy,Not Collision with Motor Vehicle in Transport,no,no,no,no,no,False
101041194,METROPOLITAN NASHVILLE POLICE DEPT,20151102894,Davidson,Nashville,12/2/2015 11:43:00 AM,2,0,0,36.137310,-86.797970,WEDGEWOOD AV,,,,50.00,Feet,East,19TH AVS,,,,0.00,N,Not at Intersection, ,Non-Junction,None,,,         ,Nathan,Kemp,Clear,Front to Rear,no,no,no,no,no,Campus
101041205,METROPOLITAN NASHVILLE POLICE DEPT,20151102510,Davidson,Nashville,12/2/2015 8:55:00 AM,2,0,0,36.125850,-86.732240,I440 W ENT RAMP,,,,0.00,Feet,East,I 440,,,,0.00,N,Not at Intersection,N,Non-Junction,None,,,         ,James,Thomas,Clear,"Sideswipe, Same Direction",no,no,no,no,no,False
101041208,METROPOLITAN NASHVILLE POLICE DEPT,2015-1102560,Davidson,Nashville,12/2/2015 9:41:00 AM,2,0,0,36.133560,-86.726390,-- UNKNOWN RAMP/ROAD --,,,,0.00,,,I 24,,,,0.00,Y,Four-Way,N,Non-Junction,None,,,         ,John,Neely,Clear,Angle,no,no,no,no,no,False
101041214,METROPOLITAN NASHVILLE POLICE DEPT,20151102208,Davidson,Nashville,12/2/2015 7:44:00 AM,2,4,0,36.156190,-86.807770,CHARLOTTE AV,,,,159.00,Feet,West,22ND AVN,,,,0.00,N,Not at Intersection,N,Non-Junction,None,,,         ,Darrell,Osment,Cloudy,HeadOn,no,no,no,no,no,False
101041215,METROPOLITAN NASHVILLE POLICE DEPT,20151102948,Davidson,Nashville,12/2/2015 12:21:00 PM,2,0,0,36.079980,-86.726450,NOLENSVILLE PKE,,,,140.00,Feet,North,HARDING PL,,,,0.00,N,Not at Intersection,N,Non-Junction,None,,,         ,Jessie,Meadows,Clear,Front to Rear,no,no,no,no,yes,False
101041219,METROPOLITAN NASHVILLE POLICE DEPT,20151102940,Davidson,Nashville,12/2/2015 11:58:00 AM,2,1,0,36.242520,-86.736220,WORTH ST,,,,105.00,Feet,East,BRIARVILLE RD,,,,0.00,N,Not at Intersection,N,Non-Junction,None,,,         ,Alyson,Cook,Clear,"Sideswipe, Same Direction",no,no,no,no,no,False
101041243,METROPOLITAN NASHVILLE POLICE DEPT,20151085120,Davidson,Not in City Limit,11/26/2015 1:00:00 PM,2,0,0,36.336540,-86.870040,WHITES CREEK PKE,,,,0.00,Feet,East,MORGAN RD,,,,0.00,N,Not at Intersection,Y,Non-Junction,None,,,         ,Edmond,Strickling,Clear,"Sideswipe, Same Direction",no,no,no,no,no,False
101041246,METROPOLITAN NASHVILLE POLICE DEPT,20151102544,Davidson,Nashville,12/2/2015 9:30:00 AM,2,0,0,36.135990,-86.698810,ARBOR CREEK BLVD,,,,0.00,,,BRILEY PKWY,,,,0.00,Y,Four-Way,N,Intersection,None,,,         ,Kevin,Coleman,Clear,Angle,no,no,no,no,no,False
101041249,METROPOLITAN NASHVILLE POLICE DEPT,20151101085,Davidson,Nashville,12/1/2015 9:39:00 PM,2,0,0,36.153010,-86.779340,8TH AVS,,,,0.00,,,CANNERY ROW,,,,0.00,Y,T-Intersection, ,Intersection,None,,,         ,Jeffrey,Livingston,Cloudy,Angle,no,no,no,no,no,False
101041250,GOODLETTSVILLE POLICE DEPT,15-44452,Davidson,Goodlettsville,12/2/2015 11:53:00 AM,2,0,0,36.306840,-86.694360,VIETNAM VETERANS BLVD NB EXT R,,,,0.00,Feet,,CONFERENCE DR,,,,0.00,Y,Four-Way, ,Entrance/Exit Ramp Related,None,,,         ,John,Spencer,Clear,"Sideswipe, Same Direction",no,no,no,no,no,False
101041263,METROPOLITAN NASHVILLE POLICE DEPT,20151103003,Davidson,Nashville,12/2/2015 12:32:00 PM,2,1,0,36.167150,-86.779610,3RD AVN,,,,0.00,,,JAMES ROBERTSON PKWY,,,,0.00,Y,Four-Way,N,Intersection,None,,,         ,Johnny,Crumby Jr.,Cloudy,"Sideswipe, Same Direction",no,no,no,no,no,False
101041267,METROPOLITAN NASHVILLE POLICE DEPT,2015090999,Davidson,Nashville,11/28/2015 12:44:00 PM,2,1,0,36.141910,-86.640610,ELM HILL PKE,,,,0.00,,,TIMBER VALLEY DR,,,,0.00,Y,T-Intersection,Y,Intersection,None,,,         ,Terry,Denton,Rain,Front to Rear,no,no,no,no,no,False
101041274,METROPOLITAN NASHVILLE POLICE DEPT,20151103276,Davidson,Madison,12/2/2015 1:40:00 PM,2,0,0,36.300570,-86.695230,US HWY 31E,,,,151.00,Feet,West,SHEPHERD HILLS DR,,,,0.00,N,Not at Intersection, ,Non-Junction,None,,,         ,Daniel,Garrett,Clear,Front to Rear,no,no,no,no,no,False
101041278,METROPOLITAN NASHVILLE POLICE DEPT,20151103184,Davidson,Nashville,12/2/2015 1:22:00 PM,2,0,0,36.182140,-86.608120,OLD HICKORY BLVD,,,,0.00,,,ANDREW JACKSON WAY,,,,0.00,Y,Four-Way, ,,None,,,         ,Mitchell,McClay,,,no,no,no,no,no,False
101041279,METROPOLITAN NASHVILLE POLICE DEPT,20151100946,Davidson,Nashville,12/1/2015 8:47:00 PM,2,1,0,36.206220,-86.772790,W TRINITY LN,,,,203.00,Feet,East,I65 N ENT RAMP,,,,0.00,N,Not at Intersection,N,Non-Junction,None,,,         ,Leonard,Spadavecchia,Clear,Front to Rear,no,no,no,no,no,False
101041304,METROPOLITAN NASHVILLE POLICE DEPT,20151103432,Davidson,Nashville,12/2/2015 2:56:00 PM,2,0,0,36.137280,-86.797800,WEDGEWOOD AVE,,,,100.00,Feet,East,19TH AVE S,,,,0.00,N,Not at Intersection, ,Non-Junction,None,,,         ,Clyde,Stambaugh,Clear,Front to Rear,no,no,no,no,no,Campus
101041310,METROPOLITAN NASHVILLE POLICE DEPT,20151103403,Davidson,Nashville,12/2/2015 2:45:00 PM,2,0,0,36.135540,-86.797170,MAGNOLIA BLVD,,,,0.00,,,17TH AVS,,,,0.00,Y,T-Intersection, ,Intersection-Related,None,,,         ,Tien,Nguyen,Clear,Front to Rear,no,no,no,no,no,False
101041318,METROPOLITAN NASHVILLE POLICE DEPT,20151101114,Davidson,Nashville,12/1/2015 10:11:00 PM,2,0,0,36.045290,-86.714020,OLD HICKORY BLVD,,,,225.00,Feet,West,NOLENSVILLE PKE,,,,0.00,N,Not at Intersection, ,Non-Junction,None,,,         ,Joseph,Progar,Cloudy,Front to Rear,no,no,no,no,no,False
101041322,METROPOLITAN NASHVILLE POLICE DEPT,20151103386,Davidson,Nashville,12/2/2015 2:36:00 PM,2,0,0,36.154770,-86.779420,US HWY 41,,,,0.00,,,US HWY 31,,,,0.00,Y,Roundabout, ,,None,,,         ,MIchael,Mihajlov,,,no,no,no,no,no,False
101041324,METROPOLITAN NASHVILLE POLICE DEPT,20151100496,Davidson,Madison,12/1/2015 6:10:00 PM,2,0,0,36.248090,-86.721420,DUE WEST AVW,,,,316.00,Feet,West,GALLATIN PKES,,,,0.00,N,Not at Intersection, ,"Driveway, Alley Access, etc",None,,,         ,Nathan,Dungan,Cloudy,"Sideswipe, Same Direction",no,no,no,no,no,False
101041327,METROPOLITAN NASHVILLE POLICE DEPT,20151103574,Davidson,Nashville,12/2/2015 3:40:00 PM,2,1,0,36.157480,-86.635890,STEWARTS FERRY PKE,,,,0.00,Feet,,MCCRORY CREEK RD,,,,0.00,Y,Four-Way,N,Intersection-Related,None,,,         ,Shawn,Taylor,Clear,Front to Rear,no,no,no,no,no,False
101041337,METROPOLITAN NASHVILLE POLICE DEPT,2015-1103409,Davidson,Not in City Limit,12/2/2015 2:48:00 PM,2,2,0,36.031280,-86.994000,STATE HWY 100,,,,732.00,Feet,West,OLD HARDING PIKE,,,,0.00,N,Not at Intersection,N,"Driveway, Alley Access, etc",None,,,         ,Walter,Gray II,Clear,Angle,no,no,no,no,no,False
101041340,METROPOLITAN NASHVILLE POLICE DEPT,2015-1102424,Davidson,Nashville,12/2/2015 8:07:00 AM,1,1,0,36.136510,-86.727200,I24 E EXT RAMP,,,,0.00,,,I 24,,,,0.00,Y,Y-Intersection,Y,Entrance/Exit Ramp Related,None,,,         ,William,Whitworth,Cloudy,Not Collision with Motor Vehicle in Transport,no,no,no,no,no,False
101041342,METROPOLITAN NASHVILLE POLICE DEPT,2015-1102552,Davidson,Nashville,12/2/2015 9:04:00 AM,2,0,0,36.073550,-86.715950,HOPEDALE DR,,,,309.00,Feet,North,WALES DR,,,,0.00,N,Not at Intersection,N,Non-Junction,None,,,         ,William,Whitworth,Cloudy,Not Collision with Motor Vehicle in Transport,no,no,no,no,yes,False
101041344,METROPOLITAN NASHVILLE POLICE DEPT,20151103723,Davidson,Nashville,12/2/2015 4:26:00 PM,2,0,0,36.082060,-86.761730,I65 N EXT RAMP,,,,0.00,Feet,,SIDCO DR,,,,0.00,Y,Four-Way, ,Entrance/Exit Ramp Related,None,,,         ,Tien,Nguyen,Clear,Front to Rear,no,no,no,no,no,False
101041346,METROPOLITAN NASHVILLE POLICE DEPT,20151103674,Davidson,Nashville,12/2/2015 4:13:00 PM,2,0,0,36.156290,-86.774110,4TH AVE S,,,,99.00,Feet,North,PEABODY ST,,,,0.00,N,Not at Intersection, ,,None,,,         ,MIchael,Mihajlov,,,no,no,no,no,no,False
101041347,METROPOLITAN NASHVILLE POLICE DEPT,20151103569,Davidson,Nashville,12/2/2015 3:30:00 PM,3,2,0,36.080380,-86.723170,STATE HWY 255,,,,50.00,Feet,East,HARDING MALL DR,,,,0.00,N,Not at Intersection,N,Non-Junction,None,,,         ,Peter,Knisley,Clear,Front to Rear,no,no,no,no,yes,False
101041348,METROPOLITAN NASHVILLE POLICE DEPT,20151103541,Davidson,Nashville,12/2/2015 3:30:00 PM,2,0,0,36.114460,-86.810810,US HWY 431,,,,177.00,Feet,North,STATE HWY 155,,,,0.00,N,Not at Intersection, ,Non-Junction,None,,,         ,Christopher,Valdez,Clear,Front to Rear,no,no,no,no,no,False
101041366,METROPOLITAN NASHVILLE POLICE DEPT,20151103448,Davidson,Antioch,12/2/2015 2:39:00 PM,2,0,0,36.032570,-86.569770,W NIR SHRIEBMAN RD,,,,368.00,Feet,North,CONSTITUTION AVE,,,,0.00,N,Not at Intersection, ,Non-Junction,None,,,         ,William,Durham,Clear,Front to Rear,no,no,no,no,no,False
101041367,METROPOLITAN NASHVILLE POLICE DEPT,20151103764,Davidson,Antioch,12/2/2015 4:39:00 PM,2,0,0,36.009930,-86.612310,HEIL QUAKER BLVD,,,,0.00,Feet,East,BRIDGESTONE PKWY,,,,0.00,N,Not at Intersection, ,Non-Junction,None,,,         ,William,Durham,Clear,"Sideswipe, Same Direction",no,no,no,no,no,False
101041372,METROPOLITAN NASHVILLE POLICE DEPT,2015-1103868,Davidson,Nashville,12/2/2015 5:07:00 PM,1,0,0,36.062090,-86.905210,STATE HWY 100,,,,194.00,Feet,West,STATE HWY 254,,,,0.00,N,Not at Intersection,N,Non-Junction,None,,,         ,Walter,Gray II,Clear,Not Collision with Motor Vehicle in Transport,no,no,no,no,no,False
101041373,METROPOLITAN NASHVILLE POLICE DEPT,20151103790,Davidson,Nashville,12/2/2015 4:46:00 PM,2,1,0,36.153790,-86.788060,I 40,,,,0.00,,,,,,,209.30,N,Not at Intersection,N,Non-Junction,None,,,         ,Clyde,Stambaugh,Clear,Front to Rear,no,no,no,no,no,False
101041379,METROPOLITAN NASHVILLE POLICE DEPT,20151103917,Davidson,Madison,12/2/2015 5:20:00 PM,2,0,0,36.266530,-86.690110,N DUPONT AV,,,,0.00,,,MYATT DR,,,,0.00,Y,Four-Way,N,Intersection,None,,,         ,Nathan,Dungan,Clear,Angle,no,no,no,no,yes,False
101041381,METROPOLITAN NASHVILLE POLICE DEPT,20151103875,Davidson,Nashville,12/2/2015 5:07:00 PM,2,0,0,36.160760,-86.793690,14TH AVN,,,,0.00,,,CHARLOTTE AV,,,,0.00,Y,Four-Way, ,Entrance/Exit Ramp Related,None,,,         ,Tien,Nguyen,Clear,"Sideswipe, Same Direction",no,no,no,no,no,False
101041408,METROPOLITAN NASHVILLE POLICE DEPT,20151104044,Davidson,Nashville,12/2/2015 5:41:00 PM,2,0,0,36.043000,-86.842290,OLD HICKORY BLVD,,,,6.00,Feet,East,KINGSBURY DR,,,,0.00,N,Not at Intersection, ,Non-Junction,None,,,         ,Tien,Nguyen,Clear,Front to Rear,no,no,no,no,no,False
101041411,METROPOLITAN NASHVILLE POLICE DEPT,20151104046,Davidson,Nashville,12/2/2015 6:07:00 PM,2,0,0,36.146170,-86.668310,ROYAL PKWY,,,,183.00,Feet,West,CLARIDGE DR,,,,0.00,N,Not at Intersection, ,Non-Junction,None,,,         ,Shawn,Taylor,Cloudy,Angle,no,no,no,no,no,False
101041412,METROPOLITAN NASHVILLE POLICE DEPT,20151103980,Davidson,Nashville,12/2/2015 5:45:00 PM,2,1,0,36.216920,-86.693590,MCGAVOCK PIKE,,,,0.00,Feet,,-- UNKNOWN RAMP/ROAD --,,,,0.00,Y,OTHER,N,Intersection-Related,None,,,         ,Tyler,Conrads,Clear,"Sideswipe, Same Direction",no,no,no,no,no,False
101041413,METROPOLITAN NASHVILLE POLICE DEPT,20151103948,Davidson,Nashville,12/2/2015 5:30:00 PM,2,0,0,36.235870,-86.763240,EXIT 90A-B,,,,0.00,,,I 65,,,,0.00,Y,OTHER,N,Non-Junction,None,,,         ,Jessica,Ware,Clear,Front to Rear,no,no,no,no,yes,False
101041415,METROPOLITAN NASHVILLE POLICE DEPT,20151103798,Davidson,Nashville,12/2/2015 4:45:00 PM,2,0,0,36.160910,-86.781870,7TH AVN,,,,50.00,Feet,North,COMMERCE ST,,,,0.00,N,Not at Intersection, ,Non-Junction,None,,,         ,Tyler,Hutton,Clear,"Sideswipe, Same Direction",no,no,no,no,no,False
101041418,METROPOLITAN NASHVILLE POLICE DEPT,20151103965,Davidson,Nashville,12/2/2015 5:27:00 PM,2,0,0,36.089610,-86.805560,HARDING PL,,,,150.00,Feet,East,BELMONT PARK TER,,,,0.00,N,Not at Intersection,N,Non-Junction,None,,,         ,Peter,Knisley,Clear,"Sideswipe, Opposite Direction",no,no,no,no,yes,False
101041422,METROPOLITAN NASHVILLE POLICE DEPT,20151103908,Davidson,Nashville,12/2/2015 5:23:00 PM,2,0,0,36.084900,-86.761820,SIDCO DR,,,,0.00,,,ELYSIAN FIELDS RD,,,,0.00,Y,T-Intersection, ,Non-Junction,None,,,         ,Jacob,Crouch,Clear,Angle,no,no,no,no,no,False
101041429,METROPOLITAN NASHVILLE POLICE DEPT,20151103886,Davidson,Nashville,12/2/2015 5:07:00 PM,2,0,0,36.147460,-86.744290,I 40,,,,0.00,,,,,,,212.00,N,Not at Intersection, ,Non-Junction,None,,,         ,Kimberly,Brown,Clear,"Sideswipe, Same Direction",no,no,no,no,no,False
101041438,BRENTWOOD POLICE DEPT,201500037337,Davidson,Nashville,12/2/2015 6:16:00 PM,2,0,0,36.036860,-86.801840,CADILLAC DR,,,,0.00,,,WESTPARK DR,,,,0.00,Y,T-Intersection, ,,None,,,         ,Christopher,Maga,,,no,no,no,no,no,False