master_record_number,agency,agency_tracking_number,county,city,collision_date,vehicles_involved,number_injured,number_dead,latitude,longitude,roadway_name,roadway_suffix,roadway_number,roadway_local_id,distance_from_reference,miles-feet_indicator,direction_from_reference,intersection_road_name,intersection_road_name_suffix,intersection_road_number,intersection_local_id,mile_marker,intersection_indicator,intersect_type,interchange_related_indicator,relation_to_junction,work_zone_type,construction_maintenance_zone,construction_maintenance_zone_location,fatal_case_number,officer_first_name,officer_last_name,weather_condition(s),manner_of_crash,pedestrian,bicycle,scooter,parking,hitrun,mou
101046840,METROPOLITAN NASHVILLE POLICE DEPT,20151128997,Davidson,Nashville,12/10/2015 5:00:00 PM,2,1,0,36.159610,-86.788150,CHURCH ST,,,,800.00,Feet,West,10TH AVN,,,,0.00,N,Not at Intersection,N,Non-Junction,None,,,         ,Tyler,Hutton,Clear,Angle,no,no,no,no,no,False
101046842,METROPOLITAN NASHVILLE POLICE DEPT,20151129416,Davidson,Nashville,12/10/2015 6:31:00 PM,2,0,0,36.170410,-86.797820,I 40,,,,0.00,,,,,,,208.00,N,Not at Intersection, ,Non-Junction,None,,,         ,MIchael,Mihajlov,Clear,Front to Rear,no,no,no,no,no,False
101046843,METROPOLITAN NASHVILLE POLICE DEPT,20151128837,Davidson,Nashville,12/10/2015 4:14:00 PM,2,1,0,36.158620,-86.782750,BROADWAY,,,,0.00,,,9TH AVN,,,,0.00,Y,T-Intersection,N,Intersection,None,,,         ,William,Waters,Cloudy,Front to Rear,no,no,no,no,no,False
101046844,METROPOLITAN NASHVILLE POLICE DEPT,2015-1125340,Davidson,Nashville,12/10/2015 5:30:00 PM,2,0,0,36.146520,-86.666510,DONELSON PKE,,,,210.00,Feet,North,ROYAL PKWY,,,,0.00,N,Not at Intersection,N,Non-Junction,None,,,         ,Bradley,McIntyre,Clear,Angle,no,no,no,no,no,False
101046851,METROPOLITAN NASHVILLE POLICE DEPT,20151129340,Davidson,Nashville,12/10/2015 6:50:00 PM,2,0,0,36.140570,-86.731910,I 24,,,,0.00,,,,,,,51.60,N,Not at Intersection,Y,Entrance/Exit Ramp Related,None,,,         ,Shawn,Taylor,Clear,"Sideswipe, Same Direction",no,no,no,no,yes,False
101046865,BERRY HILL POLICE DEPT,15-4862,Davidson,Berry Hill,12/10/2015 5:54:00 PM,2,1,0,36.128590,-86.777890,FRANKLIN PKE,,,,0.00,,,BRADFORD AV,,,,0.00,Y,Four-Way,N,Intersection,None,,,         ,Greg,Colson,Clear,Angle,no,no,no,no,no,False
101046869,BERRY HILL POLICE DEPT,15-4863,Davidson,Nashville,12/10/2015 6:00:00 PM,2,0,0,36.115920,-86.785650,I 440,,,,0.00,,,,,,,4.20,N,Not at Intersection,N,Non-Junction,None,,,         ,Monty,Sands,Clear,Front to Rear,no,no,no,no,yes,False
101046877,METROPOLITAN NASHVILLE POLICE DEPT,20151129471,Davidson,Nashville,12/10/2015 7:40:00 PM,2,2,0,36.068760,-86.716280,HAYWOOD LN,,,,0.00,,,HOPEDALE DR,,,,0.00,Y,T-Intersection,N,Intersection-Related,None,,,         ,Eric,Burford,Clear,Front to Rear,no,no,no,no,no,False
101046878,METROPOLITAN NASHVILLE POLICE DEPT,20151129347,Davidson,Nashville,12/10/2015 7:12:00 PM,2,0,0,36.089650,-86.750560,GRASSMERE PK,,,,0.00,,,TROUSDALE DR,,,,0.00,Y,T-Intersection, ,Intersection-Related,None,,,         ,Tien,Nguyen,Clear,"Sideswipe, Same Direction",no,no,no,no,no,False
101046896,METROPOLITAN NASHVILLE POLICE DEPT,20151129182,Davidson,Nashville,12/10/2015 5:43:00 PM,2,0,0,36.142870,-86.744590,MURFREESBORO PKE,,,,72.00,Feet,West,FESSLERS LN,,,,0.00,N,Not at Intersection, ,Non-Junction,None,,,         ,William,Durham,Clear,Front to Rear,no,no,no,no,no,False
101046897,METROPOLITAN NASHVILLE POLICE DEPT,20151129513,Davidson,Nashville,12/10/2015 7:23:00 PM,2,0,0,36.074270,-86.628090,ANDERSON RD,,,,351.00,Feet,South,FOREST TRACE DR,,,,0.00,N,Not at Intersection, ,Non-Junction,None,,,         ,William,Durham,Clear,Front to Rear,no,no,no,no,no,False
101046901,METROPOLITAN NASHVILLE POLICE DEPT,20151128549,Davidson,Antioch,12/10/2015 2:35:00 PM,2,0,0,36.025470,-86.587420,MURFREESBORO RD,,,,437.00,Feet,North,WALDRON RD,,,,0.00,N,Not at Intersection,N,Non-Junction,None,,,         ,William,Durham,Clear,Front to Rear,no,no,no,no,no,False
101046902,METROPOLITAN NASHVILLE POLICE DEPT,20151124527,Davidson,Goodlettsville,12/9/2015 12:50:00 PM,3,1,0,36.302390,-86.692330,US HWY 31E,,,,202.00,Feet,West,CONFERENCE DR,,,,0.00,N,Not at Intersection,N,Non-Junction,None,,,         ,Daniel,Garrett,Clear,Front to Rear,no,no,no,no,no,False
101046910,Nashville Airport Police,2015-02929,Davidson,Nashville,12/10/2015 5:58:00 PM,2,0,0,0.000000,0.000000,GROUND TRANSPORTATION,,,,0.75,Miles,West,DONELSON PIKE,,,,0.00,N,Not at Intersection, ,Non-Junction,None,,,         ,Gary,Polk,Cloudy,"Sideswipe, Same Direction",no,no,no,yes,no,False
101046912,METROPOLITAN NASHVILLE POLICE DEPT,20151129083,Davidson,Nashville,12/10/2015 5:34:00 PM,2,0,0,36.066100,-86.686230,I 24,,,,0.00,,,,,,,57.30,N,Not at Intersection, ,Non-Junction,None,,,         ,William,Durham,Clear,Front to Rear,no,no,no,no,no,False
101046913,METROPOLITAN NASHVILLE POLICE DEPT,20151128767,Davidson,Nashville,12/10/2015 3:31:00 PM,2,0,0,36.095260,-86.707300,I 24,,,,0.00,,,,,,,55.00,N,Not at Intersection, ,Non-Junction,None,,,         ,William,Durham,Clear,"Sideswipe, Same Direction",no,no,no,no,no,False
101046924,METROPOLITAN NASHVILLE POLICE DEPT,20151129180,Davidson,Nashville,12/10/2015 6:00:00 PM,2,0,0,36.240320,-86.768950,STATE HWY 155,,,,210.00,Feet,South,DOVERSIDE DR,,,,0.00,N,Not at Intersection,N,Non-Junction,None,,,         ,Jerry,Pirtle,Cloudy,Front to Rear,no,no,no,no,no,False
101046938,METROPOLITAN NASHVILLE POLICE DEPT,20151129803,Davidson,Nashville,12/10/2015 9:12:00 PM,2,0,0,36.158050,-86.799950,18TH AVE N,,,,0.00,,,US HWY 70,,,,0.00,Y,Four-Way,N,Intersection,None,,,         ,Clyde,Stambaugh,Clear,"Sideswipe, Same Direction",no,no,no,no,yes,False
101046940,METROPOLITAN NASHVILLE POLICE DEPT,20151129818,Davidson,Nashville,12/10/2015 9:13:00 PM,2,0,0,36.172310,-86.688730,RAMP,,,,0.00,,,STATE HWY 155,,,,0.00,Y,OTHER,Y,Entrance/Exit Ramp Related,None,,,         ,Tyler,Conrads,Clear,"Sideswipe, Same Direction",no,no,no,no,no,False
101046950,METROPOLITAN NASHVILLE POLICE DEPT,20151129780,Davidson,Nashville,12/10/2015 9:13:00 PM,2,0,0,36.149900,-86.760980,CLAIBORNE ST,,,,351.00,Feet,South,CANNON ST,,,,0.00,N,Not at Intersection, ,Non-Junction,None,,,         ,Shawn,Taylor,Clear,"Sideswipe, Same Direction",no,no,no,no,no,False
101046959,METROPOLITAN NASHVILLE POLICE DEPT,2015-1129320,Davidson,Nashville,12/10/2015 6:55:00 PM,2,0,0,36.168570,-86.600300,OLD HICKORY BLVD,,,,0.00,,,MILLS RD,,,,0.00,Y,OTHER, ,Non-Junction,None,,,         ,Geoffery,Odom,Cloudy,Angle,no,no,no,no,no,False
101046960,METROPOLITAN NASHVILLE POLICE DEPT,20151129266,Davidson,Nashville,12/10/2015 6:30:00 PM,2,0,0,36.163250,-86.776070,COMMERCE ST,,,,0.00,,,2ND AVN,,,,0.00,Y,T-Intersection, ,,None,,,         ,Caleb,Rogan,,,no,no,no,no,no,False
101046961,METROPOLITAN NASHVILLE POLICE DEPT,20151125999,Davidson,Nashville,12/9/2015 9:55:00 PM,2,1,0,36.161560,-86.783910,US HWY 31,,,,0.00,,,CHURCH ST,,,,0.00,Y,OTHER,N,OtherLocation,None,,,         ,Ethan,Luffman,Clear,Front to Rear,no,no,no,no,no,False
101046962,METROPOLITAN NASHVILLE POLICE DEPT,20151129224,Davidson,Nashville,12/10/2015 6:14:00 PM,2,0,0,36.176990,-86.774600,SPRING ST,,,,0.00,,,N 1ST ST,,,,0.00,Y,OTHER, ,,None,,,         ,Ethan,Luffman,,,no,no,no,no,no,False
101046964,METROPOLITAN NASHVILLE POLICE DEPT,20151129424,Davidson,Nashville,12/10/2015 6:40:00 PM,2,0,0,36.162340,-86.782050,CHURCH ST,,,,0.00,,,CAPITOL BLVD,,,,0.00,Y,OTHER, ,,None,,,         ,Ethan,Luffman,,,no,no,no,no,no,False
101046966,METROPOLITAN NASHVILLE POLICE DEPT,20151129358,Davidson,Nashville,12/10/2015 7:13:00 PM,2,0,0,36.160490,-86.778440,5TH AVE S,,,,0.00,,,US HWY 70,,,,0.00,Y,Four-Way, ,,None,,,         ,Ethan,Luffman,,,no,no,no,no,no,False
101046967,METROPOLITAN NASHVILLE POLICE DEPT,20151129463,Davidson,Nashville,12/10/2015 7:37:00 PM,2,0,0,36.133190,-86.891970,CHARLOTTE PKE,,,,184.00,Feet,North,OLD CHARLOTTE PKE,,,,0.00,N,Not at Intersection, ,Non-Junction,None,,,         ,Brandon,Pedigo,Clear,Angle,no,no,no,no,no,False
101046971,METROPOLITAN NASHVILLE POLICE DEPT,20151129881,Davidson,Nashville,12/10/2015 9:42:00 PM,1,1,0,36.121730,-86.806370,I440 E EXT RAMP,,,,0.00,,,I 440,,,,0.00,Y,OTHER,N,Entrance/Exit Ramp Related,None,,,         ,Tien,Nguyen,Clear,Not Collision with Motor Vehicle in Transport,no,no,no,no,no,False
101046981,METROPOLITAN NASHVILLE POLICE DEPT,20151128962,Davidson,Nashville,12/10/2015 4:54:00 PM,2,0,0,36.169770,-86.805440,JEFFERSON ST,,,,369.00,Feet,East,DR D B TODD JR BLVD,,,,0.00,N,Not at Intersection,N,Non-Junction,None,,,         ,Michael,Brooks,Cloudy,Front to Rear,no,no,no,no,no,False
101046982,METROPOLITAN NASHVILLE POLICE DEPT,20151129823,Davidson,Nashville,12/10/2015 9:21:00 PM,2,0,0,36.156120,-86.789400,I 40,,,,0.00,,,,,,,209.10,N,Not at Intersection,N,Non-Junction,None,,,         ,Michael,Brooks,Cloudy,Front to Rear,no,no,no,no,yes,False
101046986,METROPOLITAN NASHVILLE POLICE DEPT,2015-1127142,Davidson,Not in City Limit,12/10/2015 6:00:00 AM,2,0,0,36.262210,-86.712210,GALLATIN PKES,,,,0.00,,,E OLD HICKORY BLVD,,,,0.00,Y,T-Intersection,N,Intersection-Related,None,,,         ,Steven,Wiser,Clear,Front to Rear,no,no,no,no,yes,False
101046999,METROPOLITAN NASHVILLE POLICE DEPT,20151129064,Davidson,Nashville,12/10/2015 4:45:00 PM,2,0,0,36.046270,-86.676800,BELL RD,,,,751.00,Feet,West,BLUE HOLE RD,,,,0.00,N,Not at Intersection, ,Non-Junction,None,,,         ,Kevin,Keating,Clear,"Sideswipe, Same Direction",no,no,no,no,no,False
101047000,METROPOLITAN NASHVILLE POLICE DEPT,20151129095,Davidson,Nashville,12/10/2015 5:25:00 PM,2,0,0,36.044870,-86.663540,BELL RD,,,,595.00,Feet,West,CANE RIDGE RD,,,,0.00,N,Not at Intersection, ,Non-Junction,None,,,         ,Kevin,Keating,Clear,Front to Rear,no,no,no,no,no,False
101047002,METROPOLITAN NASHVILLE POLICE DEPT,20151129137,Davidson,Nashville,12/10/2015 5:30:00 PM,2,0,0,36.044890,-86.663870,BELL RD,,,,694.00,Feet,West,CANE RIDGE RD,,,,0.00,N,Not at Intersection, ,Non-Junction,None,,,         ,Kevin,Keating,Clear,"Sideswipe, Same Direction",no,no,no,no,no,False
101047003,METROPOLITAN NASHVILLE POLICE DEPT,20151129656,Davidson,Nashville,12/10/2015 8:38:00 PM,2,0,0,36.084830,-86.728190,NOLENSVILLE PKE,,,,0.00,,,PARAGON MILLS RD,,,,0.00,Y,T-Intersection, ,Intersection,None,,,         ,John,Riddle,Clear,Front to Rear,no,no,no,no,no,False
101047010,METROPOLITAN NASHVILLE POLICE DEPT,20151129911,Davidson,Nashville,12/10/2015 9:45:00 PM,2,2,0,36.237150,-86.789610,BRILEY PKWYE,,,,250.00,Feet,East,I24 E ENT RAMP,,,,0.00,N,Not at Intersection,N,Non-Junction,None,,,         ,Nathan,Dungan,Clear,"Sideswipe, Same Direction",no,no,no,no,no,False
101047016,METROPOLITAN NASHVILLE POLICE DEPT,2015-1130111,Davidson,Nashville,12/10/2015 11:10:00 PM,2,0,0,36.154450,-86.792460,BROADWAY,,,,142.00,Feet,East,16TH AVN,,,,0.00,N,Not at Intersection, ,Non-Junction,None,,,         ,David,Snowden,Clear,"Sideswipe, Same Direction",no,no,no,no,no,False
101047023,METROPOLITAN NASHVILLE POLICE DEPT,20151129956,Davidson,Not in City Limit,12/10/2015 10:12:00 PM,1,1,0,36.091680,-86.982120,CHARLOTTE PKE,,,,276.00,Feet,West,HIGHWAY 70,,,,0.00,N,Not at Intersection,N,Non-Junction,None,,,         ,Brandon,Pedigo,Clear,Not Collision with Motor Vehicle in Transport,no,no,no,no,no,False
101047025,METROPOLITAN NASHVILLE POLICE DEPT,20151130176,Davidson,Nashville,12/10/2015 10:45:00 PM,1,1,0,36.256150,-86.714370,NEELYS BEND RD,,,,0.00,,,US HWY 31E,,,,0.00,Y,Four-Way,N,Intersection,None,,,         ,Patrick,Taylor,Clear,Not Collision with Motor Vehicle in Transport,yes,no,no,yes,yes,False
101047053,METROPOLITAN NASHVILLE POLICE DEPT,20151130645,Davidson,Nashville,12/11/2015 2:20:00 AM,1,0,0,36.070210,-86.700580,HAYWOOD LN,,,,52.00,Feet,East,WEST VALLEY DR,,,,0.00,N,Not at Intersection, ,Non-Junction,None,,,         ,Randall,Smith,Clear,Not Collision with Motor Vehicle in Transport,no,no,no,no,no,False
101047063,THP District 3 - Nashville,315062410,Davidson,Nashville,12/5/2015 4:03:00 AM,1,0,0,36.084700,-86.763810,EXIT 78B,,,,0.00,Feet,East,I 65,,,,0.00,N,Not at Intersection,Y,Entrance/Exit Ramp Related,None,,,         ,Kenneth,Hackett,Clear,Not Collision with Motor Vehicle in Transport,no,no,no,no,no,False
101047071,METROPOLITAN NASHVILLE POLICE DEPT,20151130894,Davidson,Nashville,12/11/2015 12:00:00 AM,1,0,0,36.137890,-86.760790,US HWY 31 ALT,,,,264.00,Feet,North,RAMP,,,,0.00,N,Not at Intersection,N,Non-Junction,None,,,         ,Michael,Baron,Clear,Not Collision with Motor Vehicle in Transport,no,no,no,no,no,False
101047073,METROPOLITAN NASHVILLE POLICE DEPT,20151127108,Davidson,Nashville,12/10/2015 5:30:00 AM,2,0,0,36.207030,-86.791620,BAPTIST WORLD CENTER DR,,,,0.00,,,US HWY 431,,,,0.00,Y,Four-Way, ,Intersection,None,,,         ,Jonathan,Seidl,Fog,"Sideswipe, Same Direction",no,no,no,no,no,False
101047078,METROPOLITAN NASHVILLE POLICE DEPT,20151130549,Davidson,Nashville,12/10/2015 11:09:00 PM,3,0,0,36.152030,-86.761990,CHARLES E DAVIS BLVD,,,,0.00,,,FAIN ST,,,,0.00,Y,T-Intersection,N,Non-Junction,None,,,         ,Andy,Esqueda,Clear,Angle,no,no,no,no,no,False
101047090,METROPOLITAN NASHVILLE POLICE DEPT,20151129514,Davidson,Nashville,12/10/2015 7:55:00 PM,2,0,0,36.160340,-86.778740,BROADWAY,,,,100.00,Feet,West,OPRY PL,,,,0.00,N,Not at Intersection, ,Non-Junction,None,,,         ,Donald,Davidson,Clear,Other,no,no,no,no,no,False
101047091,METROPOLITAN NASHVILLE POLICE DEPT,20151131064,Davidson,Nashville,12/11/2015 6:05:00 AM,1,0,0,36.153380,-86.686300,ELM HILL PKE,,,,140.00,Feet,East,ERMAC DR,,,,0.00,N,Not at Intersection,N,OtherLocation,None,,,         ,Evan,Hibschman,Clear,Not Collision with Motor Vehicle in Transport,no,no,no,yes,no,False
101047092,METROPOLITAN NASHVILLE POLICE DEPT,20151131010,Davidson,Nashville,12/11/2015 5:50:00 AM,2,0,0,36.165790,-86.808900,21ST AVN,,,,0.00,,,ALBION ST,,,,0.00,Y,Four-Way, ,Intersection-Related,None,,,         ,Alex,Marchak,Clear,Angle,no,no,no,no,no,False
101047107,METROPOLITAN NASHVILLE POLICE DEPT,20151127247,Davidson,Nashville,12/10/2015 7:24:00 AM,2,0,0,36.225370,-86.776930,I65 S ENT RAMP,,,,0.00,Feet,,I 65,,,,0.00,Y,Y-Intersection, ,Entrance/Exit Ramp Related,Construction Zone,,,         ,Earnest,Fields,Clear,"Sideswipe, Same Direction",no,no,no,no,yes,False
101047119,METROPOLITAN NASHVILLE POLICE DEPT,2015-1131189,Davidson,Nashville,12/11/2015 12:00:00 AM,2,0,0,36.133840,-86.861270,VINE RIDGE DR,,,,331.00,Feet,East,PRICE CIRCLE RD,,,,0.00,N,Not at Intersection, ,Non-Junction,None,,,         ,Curtis,Rich,Unknown,Angle,no,no,no,no,yes,False
101047123,METROPOLITAN NASHVILLE POLICE DEPT,20151131169,Davidson,Nashville,12/11/2015 7:30:00 AM,2,0,0,36.033200,-86.775340,CHURCH STE,,,,1979.00,Feet,West,CLOVERLAND DR,,,,0.00,N,Not at Intersection,N,Non-Junction,None,,,         ,Nathan,Kemp,Clear,Front to Rear,no,no,no,no,no,False
101047136,METROPOLITAN NASHVILLE POLICE DEPT,20151131165,Davidson,Nashville,12/11/2015 7:25:00 AM,2,0,0,36.119500,-86.701970,US HWY 41,,,,0.00,,,JUNIPER DR,,,,0.00,Y,T-Intersection, ,Intersection,None,,,         ,Ian,Hammond,Cloudy,Angle,no,no,no,no,yes,False
101047137,METROPOLITAN NASHVILLE POLICE DEPT,2015-1128188,Davidson,Nashville,12/10/2015 12:50:00 PM,2,0,0,36.157880,-86.781440,8TH AVS,,,,0.00,,,MCGAVOCK ST,,,,0.00,Y,Four-Way, ,Intersection,None,,,         ,Daniel,Massey,Cloudy,"Sideswipe, Same Direction",no,no,no,no,no,False
101047139,THP District 3 - Nashville,315062606,Davidson,Nashville,12/6/2015 3:40:00 AM,1,0,0,36.151090,-86.799880,US HWY 70S,,,,193.00,Feet,West,20TH AVE N,,,,0.00,N,Not at Intersection,N,"Driveway, Alley Access, etc",None,,,         ,Jason,Cannon,Clear,Not Collision with Motor Vehicle in Transport,no,no,no,yes,no,Campus
101047146,METROPOLITAN NASHVILLE POLICE DEPT,20151131217,Davidson,Nashville,12/11/2015 6:45:00 AM,2,0,0,36.043110,-86.654940,I 24,,,,0.00,,,,,,,59.65,N,Not at Intersection,N,Non-Junction,None,,,         ,Brian,Murphy,Rain,Front to Rear,no,no,no,no,yes,False
101047150,METROPOLITAN NASHVILLE POLICE DEPT,20151131242,Davidson,Nashville,12/11/2015 7:59:00 AM,2,0,0,36.039960,-86.743490,EDMONDSON PIKE,,,,0.00,,,STATE HWY 254,,,,0.00,Y,Four-Way, ,,None,,,         ,Joshua,Billotte,,,no,no,no,no,no,False
101047155,METROPOLITAN NASHVILLE POLICE DEPT,20151128938,Davidson,Nashville,12/10/2015 5:35:00 PM,2,0,0,36.242630,-86.757020,DOVERSIDE DR,,,,0.00,,,US HWY 31W,,,,0.00,Y,Four-Way, ,Intersection,None,,,         ,Michael,Wilson,Clear,Angle,no,no,no,no,no,False
101047156,METROPOLITAN NASHVILLE POLICE DEPT,20151119985,Davidson,Nashville,12/8/2015 7:22:00 AM,4,4,0,36.141310,-86.716680,I 40,,,,0.00,,,,,,,213.80,N,Not at Intersection,N,Non-Junction,None,,,         ,James,Curtis,Clear,Front to Rear,no,no,no,no,no,False
101047157,METROPOLITAN NASHVILLE POLICE DEPT,2015-1131188,Davidson,Nashville,12/11/2015 7:27:00 AM,2,0,0,36.046430,-86.654590,HICKORY HOLLOW LN,,,,0.00,,,HICKORY HOLLOW PKWY,,,,0.00,Y,T-Intersection, ,Intersection-Related,None,,,         ,John,Neely,Clear,Front to Rear,no,no,no,no,no,False
101047162,METROPOLITAN NASHVILLE POLICE DEPT,20151131286,Davidson,Nashville,12/11/2015 8:13:00 AM,2,0,0,36.159090,-86.798370,17TH AVN,,,,119.00,Feet,North,CHARLOTTE AV,,,,0.00,N,Not at Intersection, ,Non-Junction,None,,,         ,Charles,Ward,Clear,Front to Rear,no,no,no,no,no,False
101047167,METROPOLITAN NASHVILLE POLICE DEPT,20151130463,Davidson,Nashville,12/11/2015 1:30:00 AM,2,0,0,36.021656,-86.723317,COBBLE,ST,,,0.00,,South,COBBLE,ST,,,0.00,N,Not at Intersection,N,Non-Junction,None,,,         ,Gilbert,Mana,Clear,Not Collision with Motor Vehicle in Transport,no,no,no,no,yes,False
101047169,METROPOLITAN NASHVILLE POLICE DEPT,20151131315,Davidson,Nashville,12/11/2015 8:23:00 AM,2,0,0,36.088140,-86.701530,I 24,,,,0.00,,,,,,,55.55,N,Not at Intersection, ,,None,,,         ,James,Grady,,,no,no,no,no,no,False
101047173,METROPOLITAN NASHVILLE POLICE DEPT,20151131179,Davidson,Nashville,12/11/2015 7:35:00 AM,2,1,0,36.081250,-86.744760,DANBY DR,,,,0.00,,,LYNN DR,,,,0.00,Y,Four-Way,N,Intersection,None,,,         ,Marc,Haugen,Cloudy,Angle,no,no,no,no,no,False
101047178,METROPOLITAN NASHVILLE POLICE DEPT,20151128513,Davidson,Nashville,12/10/2015 2:20:00 PM,2,0,0,36.235650,-86.705220,BRILEY PKWYE,,,,1565.00,Feet,East,PENNINGTON BEND RD,,,,0.00,N,Not at Intersection, ,Non-Junction,None,,,         ,James,Curtis,Cloudy,Front to Rear,no,no,no,no,no,False
101047181,METROPOLITAN NASHVILLE POLICE DEPT,20151131399,Davidson,Nashville,12/11/2015 8:46:00 AM,2,0,0,36.181230,-86.800530,DELTA AVE,,,,8.00,Feet,North,BUCHANAN ST,,,,0.00,N,Not at Intersection, ,Non-Junction,None,,,         ,Ky,Luu,Cloudy,Angle,no,no,no,yes,no,False
101047201,METROPOLITAN NASHVILLE POLICE DEPT,2015-1131115,Davidson,Antioch,12/11/2015 6:52:00 AM,2,1,0,36.015820,-86.622340,,,I24 E,,0.00,,,,,IEXIT 62,,0.00,Y,Y-Intersection,Y,Entrance/Exit Ramp Related,None,,,         ,William,Whitworth,Cloudy,Front to Rear,no,no,no,no,yes,False
101047203,METROPOLITAN NASHVILLE POLICE DEPT,20151123562,Davidson,Nashville,12/9/2015 6:53:00 AM,2,0,0,36.109690,-86.671460,DONELSON PKE,,,,0.00,,,KNAPP BLVD,,,,0.00,Y,Four-Way,N,Intersection-Related,None,,,         ,James,Curtis,Cloudy,Front to Rear,no,no,no,no,yes,False
101047226,METROPOLITAN NASHVILLE POLICE DEPT,20151131494,Davidson,Nashville,12/11/2015 9:49:00 AM,2,0,0,36.136630,-86.770010,MARTIN ST,,,,152.00,Feet,North,SOUTHGATE AVE,,,,0.00,N,Not at Intersection, ,Non-Junction,None,,,         ,James,Smith,Clear,Other,no,no,no,no,no,False
101047233,METROPOLITAN NASHVILLE POLICE DEPT,2015113474,Davidson,Nashville,12/11/2015 9:10:00 AM,2,0,0,36.151440,-86.801990,HAYES ST,,,,0.00,,,21ST AVN,,,,0.00,Y,OTHER, ,Non-Junction,None,,,         ,Randal,Owsley,Cloudy,Angle,no,no,no,no,no,Campus
101047239,METROPOLITAN NASHVILLE POLICE DEPT,20151131154,Davidson,Nashville,12/11/2015 7:00:00 AM,2,0,0,36.058870,-86.621980,MURFREESBORO PKE,,,,1763.00,Feet,South,MT VIEW RD,,,,0.00,N,Not at Intersection,N,Non-Junction,None,,,         ,Julius,Gallon,Clear,Angle,no,no,no,no,no,False
101047247,METROPOLITAN NASHVILLE POLICE DEPT,20151130895,Davidson,Nashville,12/11/2015 4:42:00 AM,4,4,0,36.093960,-86.706230,I 24,,,,0.00,,,,,,,55.05,N,Not at Intersection,N,Non-Junction,None,,,         ,Kurt,Lewton,Clear,Front to Rear,no,no,no,no,no,False
101047250,METROPOLITAN NASHVILLE POLICE DEPT,20151131815,Davidson,Nashville,12/11/2015 11:19:00 AM,2,0,0,36.198600,-86.776430,I 65,,,,0.00,,,,,,,86.80,N,Not at Intersection, ,Non-Junction,None,,,         ,Ky,Luu,Cloudy,"Sideswipe, Same Direction",no,no,no,no,no,False
101047254,METROPOLITAN NASHVILLE POLICE DEPT,20151131550,Davidson,Nashville,12/11/2015 9:46:00 AM,2,2,0,36.170140,-86.797860,I 40,,,,0.00,,,,,,,208.00,N,Not at Intersection,N,Non-Junction,None,,,         ,Charles,Ward,Clear,"Sideswipe, Same Direction",no,no,no,no,no,False
101047267,METROPOLITAN NASHVILLE POLICE DEPT,2015-1131803,Davidson,Nashville,12/11/2015 11:15:00 AM,2,0,0,36.178390,-86.773580,I 24,,,,0.00,,,,,,,47.80,N,Not at Intersection, ,Entrance/Exit Ramp Related,None,,,         ,Paul,Sorace,Cloudy,Front to Rear,no,no,no,no,no,False
101047272,METROPOLITAN NASHVILLE POLICE DEPT,2015-1131827,Davidson,Nashville,12/11/2015 11:00:00 AM,1,0,0,36.072650,-86.716890,WALES DR,,,,234.00,Feet,West,HOPEDALE DR,,,,0.00,N,Not at Intersection, ,"Driveway, Alley Access, etc",None,,,         ,William,Whitworth,Cloudy,Not Collision with Motor Vehicle in Transport,no,no,no,yes,no,False
101047278,METROPOLITAN NASHVILLE POLICE DEPT,20151131880,Davidson,Nashville,12/11/2015 11:49:00 AM,2,1,0,36.120430,-86.750610,MELROSE AV,,,,0.00,,,GRANDVIEW AV,,,,0.00,Y,T-Intersection,N,Intersection,None,,,         ,Nathan,Kemp,Clear,Angle,no,no,no,no,no,False
101047289,METROPOLITAN NASHVILLE POLICE DEPT,20151131965,Davidson,Nashville,12/11/2015 12:20:00 PM,2,1,0,36.047670,-86.655730,BELL RD,,,,75.00,Feet,East,HICKORY HOLLOW PKWY,,,,0.00,N,Not at Intersection,N,Non-Junction,None,,,         ,Brian,Lamb,Cloudy,Front to Rear,no,no,no,no,yes,False
101047290,METROPOLITAN NASHVILLE POLICE DEPT,2015-1132008,Davidson,Nashville,12/11/2015 12:30:00 PM,1,0,0,36.106230,-86.922230,OLD HICKORY BLVD,,,,63.00,Feet,South,TOLBERT RD,,,,0.00,N,Not at Intersection, ,,None,,,         ,Curtis,Rich,,,no,no,no,no,no,False
101047297,METROPOLITAN NASHVILLE POLICE DEPT,2015-1131667,Davidson,Nashville,12/11/2015 10:12:00 AM,2,0,0,36.144380,-86.813380,WEST END AV,,,,99.00,Feet,West,29TH AVN,,,,0.00,N,Not at Intersection, ,Non-Junction,None,,,         ,David,Anderson,Cloudy,"Sideswipe, Same Direction",no,no,no,no,no,Campus
101047310,METROPOLITAN NASHVILLE POLICE DEPT,20151131957,Davidson,Nashville,12/11/2015 12:33:00 PM,2,0,0,36.233970,-86.815280,WHITES CREEK PKE,,,,1.00,Feet,North,BRILEY PKWYW,,,,0.00,N,Not at Intersection, ,Non-Junction,None,,,         ,Ernie,Wilson,Cloudy,"Sideswipe, Same Direction",no,no,no,no,yes,False
101047318,METROPOLITAN NASHVILLE POLICE DEPT,20151132041,Davidson,Goodlettsville,12/11/2015 12:45:00 PM,2,2,0,36.295340,-86.700580,US HWY 31E,,,,372.00,Feet,South,RAMP,,,,0.00,N,Not at Intersection,N,Non-Junction,None,,,         ,Brian,Otto,Cloudy,Angle,no,no,no,no,no,False
101047327,METROPOLITAN NASHVILLE POLICE DEPT,20151131714,Davidson,Nashville,12/11/2015 10:45:00 AM,2,1,0,36.168110,-86.816450,-- UNKNOWN RAMP/ROAD --,,,,0.00,Feet,East,I 40,,,,0.00,N,Not at Intersection,N,Entrance/Exit Ramp Related,None,,,         ,Rodney,Clark,Clear,Angle,no,no,no,no,no,False