master_record_number,agency,agency_tracking_number,county,city,collision_date,vehicles_involved,number_injured,number_dead,latitude,longitude,roadway_name,roadway_suffix,roadway_number,roadway_local_id,distance_from_reference,miles-feet_indicator,direction_from_reference,intersection_road_name,intersection_road_name_suffix,intersection_road_number,intersection_local_id,mile_marker,intersection_indicator,intersect_type,interchange_related_indicator,relation_to_junction,work_zone_type,construction_maintenance_zone,construction_maintenance_zone_location,fatal_case_number,officer_first_name,officer_last_name,weather_condition(s),manner_of_crash,pedestrian,bicycle,scooter,parking,hitrun,mou
101048252,METROPOLITAN NASHVILLE POLICE DEPT,20151135618,Davidson,Not in City Limit,12/12/2015 6:04:00 PM,2,0,0,36.322640,-86.868610,I24 E ENT RAMP,,,,0.00,,,I 24,,,,0.00,Y,OTHER,Y,Entrance/Exit Ramp Related,None,,,         ,Michael,Brooks,Cloudy,Front to Rear,no,no,no,no,no,False
101048253,METROPOLITAN NASHVILLE POLICE DEPT,20151135665,Davidson,Nashville,12/12/2015 6:22:00 PM,2,0,0,36.226250,-86.823920,AMES CT,,,,242.00,Feet,East,AMES DR,,,,0.00,N,Not at Intersection, ,Non-Junction,None,,,         ,Michael,Brooks,Cloudy,"Sideswipe, Opposite Direction",no,no,no,no,no,False
101048262,METROPOLITAN NASHVILLE POLICE DEPT,20151135667,Davidson,Nashville,12/12/2015 6:37:00 PM,2,0,0,36.219560,-86.693300,BRILEY PKWYS,,,,106.00,Feet,South,BRILEY PKWY S EXT RAMP,,,,0.00,N,Not at Intersection,Y,Non-Junction,None,,,         ,Bryan,Byrnes,Clear,Front to Rear,no,no,no,no,no,False
101048294,METROPOLITAN NASHVILLE POLICE DEPT,20151135995,Davidson,Antioch,12/12/2015 8:42:00 PM,2,1,0,36.035640,-86.612880,LOWER PARK PL,,,,81.00,Feet,East,SPRUCEDALE DR,,,,0.00,N,Not at Intersection,N,Non-Junction,None,,,         ,David,Hughes,Clear,Angle,no,no,no,no,no,False
101048302,METROPOLITAN NASHVILLE POLICE DEPT,20151135789,Davidson,Nashville,12/12/2015 7:30:00 PM,2,0,0,36.133190,-86.727110,I 24,,,,0.00,,,,,,,52.00,N,Not at Intersection,N,Non-Junction,None,,,         ,David,Hughes,Clear,Front to Rear,no,no,no,no,no,False
101048303,METROPOLITAN NASHVILLE POLICE DEPT,20151136375,Davidson,Nashville,12/12/2015 10:55:00 PM,2,0,0,36.170300,-86.679730,MCGAVOCK PKE,,,,345.00,Feet,North,LEBANON PKE,,,,0.00,N,Not at Intersection, ,Non-Junction,None,,,         ,Andy,Esqueda,Clear,Front to Rear,no,no,no,no,no,False
101048318,METROPOLITAN NASHVILLE POLICE DEPT,20151136472,Davidson,Nashville,12/12/2015 8:00:00 PM,2,0,0,36.086030,-86.659130,BLUE MOUNTAIN LN,,,,269.00,Feet,West,ROCKY MOUNTAIN PKWY,,,,0.00,N,Not at Intersection,Y,Non-Junction,None,,,         ,John,Jean Baptiste,Clear,HeadOn,no,no,no,no,no,False
101048326,METROPOLITAN NASHVILLE POLICE DEPT,20151136365,Davidson,Nashville,12/12/2015 11:00:00 PM,2,0,0,36.162100,-86.786980,10TH AVN,,,,446.00,Feet,West,ROSA L PARKS BLVD,,,,0.00,N,Not at Intersection,N,Non-Junction,None,,,         ,Adam,Crutcher,Clear,"Sideswipe, Same Direction",no,no,no,no,no,False
101048330,METROPOLITAN NASHVILLE POLICE DEPT,20151136563,Davidson,Nashville,12/12/2015 12:45:00 AM,3,0,0,36.191820,-86.764190,RICHARDSON AVE,,,,195.00,Feet,East,STAINBACK AVE,,,,0.00,N,Not at Intersection,N,Non-Junction,None,,,         ,Richard,Hyatt,Clear,"Sideswipe, Opposite Direction",no,no,no,no,yes,False
101048335,METROPOLITAN NASHVILLE POLICE DEPT,20151136240,Davidson,Nashville,12/12/2015 10:27:00 PM,1,0,0,36.113240,-86.723670,I 24,,,,0.00,,,,,,,53.40,N,Not at Intersection,N,Non-Junction,None,,,         ,Erik,Dabbs,Clear,Not Collision with Motor Vehicle in Transport,no,no,no,no,no,False
101048348,METROPOLITAN NASHVILLE POLICE DEPT,20151136468,Davidson,Nashville,12/13/2015 1:00:00 AM,2,0,0,36.149690,-86.779180,8TH AVS,,,,0.00,,,DIVISION ST,,,,0.00,Y,Four-Way,Y,Intersection,None,,,         ,Adam,Crutcher,Clear,Front to Rear,no,no,no,no,no,False
101048349,METROPOLITAN NASHVILLE POLICE DEPT,415-63-4466,Davidson,Nashville,12/13/2015 3:01:00 AM,2,1,0,36.155820,-86.795900,CHURCH ST,,,,0.00,,,17TH AVE N,,,,0.00,Y,Four-Way,N,Intersection-Related,None,,,         ,Benjamin,Fisher,Clear,Front to Rear,no,no,no,no,no,False
101048353,METROPOLITAN NASHVILLE POLICE DEPT,20151136526,Davidson,Nashville,12/13/2015 2:00:00 AM,2,0,0,36.163250,-86.783390,7TH AVN,,,,85.00,Feet,South,UNION ST,,,,0.00,N,Not at Intersection, ,Non-Junction,None,,,         ,Adam,Crutcher,Clear,Front to Rear,no,no,no,no,no,False
101048357,METROPOLITAN NASHVILLE POLICE DEPT,2015-1131583,Davidson,Nashville,12/11/2015 9:55:00 AM,2,1,0,36.229380,-86.759280,BROADMOOR DR,,,,0.00,,,DICKERSON PKE,,,,0.00,Y,Four-Way,N,Intersection,None,,,         ,Coleman,Womack,Cloudy,HeadOn,no,no,no,no,no,False
101048362,METROPOLITAN NASHVILLE POLICE DEPT,20151136609,Davidson,Nashville,12/13/2015 2:30:00 AM,2,0,0,36.045470,-86.663810,BELL RD,,,,0.00,,,,,,,0.00,,,N,Non-Junction,None,,,         ,Nicholas,Berens,Clear,Front to Rear,no,no,no,yes,yes,False
101048363,METROPOLITAN NASHVILLE POLICE DEPT,20151136378,Davidson,Nashville,12/13/2015 12:01:00 AM,2,0,0,36.137870,-86.820630,US HWY 70S,,,,0.00,,,-- UNKNOWN RAMP/ROAD --,,,,0.00,Y,OTHER, ,OtherLocation,Construction Zone,,,         ,Harris,Smith,Clear,Other,no,no,no,yes,yes,False
101048365,METROPOLITAN NASHVILLE POLICE DEPT,20151136410,Davidson,Nashville,12/13/2015 12:25:00 AM,2,3,0,36.147430,-86.785700,SOUTH ST,,,,0.00,,,12TH AVE S,,,,0.00,Y,Four-Way,Y,Intersection,None,,,         ,Eugene,Martino,Clear,Angle,no,no,no,no,no,False
101048373,GOODLETTSVILLE POLICE DEPT,15-45813,Davidson,Goodlettsville,12/12/2015 3:15:00 PM,2,1,0,0.000000,0.000000,I 65 ENTRANCE RMP,,,,175.00,Feet,South,LONG HOLLOW PIKE,,SR174,,0.00,N,Not at Intersection,Y,Entrance/Exit Ramp Related,None,,,         ,John,Spencer,Clear,Front to Rear,no,no,no,no,no,False
101048378,METROPOLITAN NASHVILLE POLICE DEPT,20151135192,Davidson,Nashville,12/12/2015 2:22:00 PM,2,0,0,36.083220,-86.725090,WELCH RD,,,,150.00,Feet,East,TRAVIS DR,,,,0.00,N,Not at Intersection,N,"Driveway, Alley Access, etc",None,,,         ,Christopher,Hanor,Clear,Angle,no,no,no,no,no,False
101048383,METROPOLITAN NASHVILLE POLICE DEPT,20151135180,Davidson,Nashville,12/12/2015 2:08:00 PM,3,2,0,36.063870,-86.771610,I 65,,,,0.00,,,,,,,76.50,N,Not at Intersection,N,Non-Junction,None,,,         ,James,Smith,Clear,Front to Rear,no,no,no,no,no,False
101048388,VANDERBILT UNIVERSITY POLICE,15-1134998,Davidson,Nashville,12/12/2015 10:45:00 AM,2,0,0,36.141570,-86.800980,MEDICAL CENTER DR,,,,0.00,,,,,,,0.00,,Not at Intersection, ,,None,,,         ,Ron,Reeves,,,no,no,no,yes,no,Campus
101048398,METROPOLITAN NASHVILLE POLICE DEPT,20151135064,Davidson,Antioch,12/12/2015 12:04:00 PM,2,0,0,36.052370,-86.616540,3532 MURFREESBORO,RD,,,0.00,,,,,,,0.00,,, ,Non-Junction,None,,,         ,Megan,Arnett,Clear,Front to Rear,no,no,no,no,no,False
101048399,METROPOLITAN NASHVILLE POLICE DEPT,20151135141,Davidson,Antioch,12/12/2015 1:21:00 PM,2,0,0,36.042689,-86.606934,MURFREESBORO,RD,,,20.00,Feet,East,HOBSON,PIKE,,,0.00,N,Not at Intersection, ,Non-Junction,None,,,         ,Megan,Arnett,Clear,Front to Rear,no,no,no,no,no,False
101048400,METROPOLITAN NASHVILLE POLICE DEPT,20151136888,Davidson,Nashville,12/13/2015 6:33:00 AM,2,0,0,36.137850,-86.802980,BLAKEMORE AV,,,,90.00,Feet,East,23RD AVS,,,,0.00,N,Not at Intersection,N,Non-Junction,None,,,         ,Joshua,Billotte,Clear,"Sideswipe, Opposite Direction",no,no,no,no,yes,Campus
101048428,METROPOLITAN NASHVILLE POLICE DEPT,20151136738,Davidson,Nashville,12/13/2015 4:47:00 AM,1,1,0,0.000000,0.000000,HARDING,PL,SR431,,100.00,Feet,East,WAUFORD,DR,SR,,0.00,N,Not at Intersection,N,Non-Junction,None,,,         ,Benjamin,Fisher,Clear,Not Collision with Motor Vehicle in Transport,no,no,no,yes,no,False
101048429,METROPOLITAN NASHVILLE POLICE DEPT,20151135169,Davidson,Not in City Limit,12/12/2015 1:49:00 PM,2,1,0,36.262210,-86.712210,GALLATIN PKES,,,,0.00,,,E OLD HICKORY BLVD,,,,0.00,Y,Four-Way,N,Intersection-Related,None,,,         ,Eric,Richardson,Cloudy,Front to Rear,no,no,no,no,no,False
101048443,BERRY HILL POLICE DEPT,15-4887,Davidson,Nashville,12/12/2015 10:25:00 AM,2,0,0,36.111680,-86.770390,THOMPSON LN,,,,248.00,Feet,North,OLD POWELL AV,,,,0.00,N,Not at Intersection, ,Non-Junction,None,,,         ,Larry,Carter,Cloudy,Not Collision with Motor Vehicle in Transport,no,no,no,no,no,False
101048450,METROPOLITAN NASHVILLE POLICE DEPT,20151137085,Davidson,Nashville,12/12/2015 12:00:00 AM,1,0,0,0.000000,0.000000,SCARLET RIDGE,DR,,,300.00,Feet,East,RED SUNSET,CT,,,0.00,N,Not at Intersection,N,Non-Junction,None,,,         ,Steven,Snitzer,Unknown,Not Collision with Motor Vehicle in Transport,no,no,no,no,yes,False
101048455,BERRY HILL POLICE DEPT,15-4877,Davidson,Nashville,12/11/2015 12:00:00 AM,2,2,0,36.111870,-86.762320,THOMPSON LN,,,,181.00,Feet,East,E IRIS DR,,,,0.00,N,Not at Intersection,N,Non-Junction,None,,,         ,John,Gleixner,Clear,Front to Rear,no,no,no,no,no,False
101048457,METROPOLITAN NASHVILLE POLICE DEPT,2015-1137062,Davidson,Nashville,12/13/2015 8:33:00 AM,2,0,0,36.117390,-86.798680,GALE LN,,,,0.00,,,OAKLAND AV,,,,0.00,Y,OTHER, ,,None,,,         ,Emily,Davies,,,no,no,no,no,no,False
101048474,METROPOLITAN NASHVILLE POLICE DEPT,2015-1116899,Davidson,Nashville,12/7/2015 8:00:00 AM,2,0,0,36.140900,-86.817420,US HWY 70S,,,,0.00,,,ACKLEN PARK DR,,,,0.00,Y,T-Intersection, ,Intersection,None,,,         ,David,Barras,Clear,Angle,no,no,no,no,no,False
101048480,METROPOLITAN NASHVILLE POLICE DEPT,20151137230,Davidson,Nashville,12/13/2015 11:26:00 AM,2,0,0,36.130230,-86.900780,CABOT DR,,,,59.00,Feet,North,CHARLOTTE PKE,,,,0.00,N,Not at Intersection, ,Non-Junction,None,,,         ,Brandon,Wood,Clear,Front to Rear,no,no,no,no,no,False
101048490,METROPOLITAN NASHVILLE POLICE DEPT,20151137198,Davidson,Nashville,12/13/2015 10:53:00 AM,2,0,0,36.059180,-86.722510,MCMURRAY DR,,,,175.00,Feet,South,CHERRYWOOD DR,,,,0.00,N,Not at Intersection, ,Non-Junction,None,,,         ,Marc,Haugen,Clear,Angle,no,no,no,no,no,False
101048496,METROPOLITAN NASHVILLE POLICE DEPT,2015-1137282,Davidson,Nashville,12/13/2015 11:48:00 AM,2,0,0,36.068190,-86.719110,US HWY 31 ALT,,,,0.00,,,HAYWOOD LN,,,,0.00,Y,T-Intersection,N,Intersection,None,,,         ,Roderic,Williams,Cloudy,Front to Rear,no,no,no,no,yes,False
101048497,METROPOLITAN NASHVILLE POLICE DEPT,20151132214,Davidson,Nashville,12/11/2015 1:15:00 PM,2,0,0,36.144960,-86.812520,WEST END AV,,,,59.00,Feet,West,28TH AVN,,,,0.00,N,Not at Intersection, ,Non-Junction,None,,,         ,Thomas,West,Clear,Front to Rear,no,no,no,no,no,Campus
101048531,METROPOLITAN NASHVILLE POLICE DEPT,20151137307,Davidson,Nashville,12/13/2015 12:11:00 PM,2,0,0,36.033590,-86.642080,I 24,,,,0.00,,,,,,,60.70,N,Not at Intersection, ,,None,,,         ,Megan,Arnett,,,no,no,no,no,no,False
101048635,VANDERBILT UNIVERSITY POLICE,15-1137616,Davidson,Nashville,12/13/2015 2:15:00 PM,1,0,0,36.139350,-86.805090,24TH AVS,,,,108.00,Feet,North,CHILDRENS WAY,,,,0.00,N,Not at Intersection, ,Non-Junction,None,,,         ,Alan,Reed,Cloudy,Not Collision with Motor Vehicle in Transport,no,no,no,yes,no,Campus
101048711,METROPOLITAN NASHVILLE POLICE DEPT,20151137979,Davidson,Nashville,12/13/2015 6:50:00 PM,2,0,0,36.141010,-86.733010,I 40,,,,0.00,,,,,,,213.00,N,Not at Intersection,N,Non-Junction,None,,,         ,John,Kelley,Clear,Front to Rear,no,no,no,no,yes,False
101048721,METROPOLITAN NASHVILLE POLICE DEPT,20151137873,Davidson,Nashville,12/13/2015 6:18:00 PM,2,0,0,36.049370,-86.648600,MT VIEW RD,,,,345.00,Feet,East,BELL RD,,,,0.00,N,Not at Intersection,N,Non-Junction,None,,,         ,Ian,Lynch,Clear,Other,no,no,no,no,yes,False
101048723,METROPOLITAN NASHVILLE POLICE DEPT,20151137549,Davidson,Nashville,12/13/2015 1:20:00 PM,2,0,0,36.060360,-86.673160,ANTIOCH PIKE,,,,339.00,Feet,West,GOODWIN RD,,,,0.00,N,Not at Intersection,N,Non-Junction,None,,,         ,Rickie,Corman,Clear,"Sideswipe, Opposite Direction",no,no,no,no,no,False
101048724,METROPOLITAN NASHVILLE POLICE DEPT,20151137746,Davidson,Nashville,12/12/2015 12:00:00 AM,2,0,0,36.047000,-86.668220,CEDAR POINTE PKWY,,,,790.00,Feet,North,BEECHWOOD TER,,,,0.00,N,Not at Intersection,N,Non-Junction,None,,,         ,Rickie,Corman,Clear,Rear to Rear,no,no,no,yes,yes,False
101048747,METROPOLITAN NASHVILLE POLICE DEPT,20151137928,Davidson,Nashville,12/13/2015 5:57:00 PM,1,0,0,36.204230,-86.731530,MCGAVOCK PKE,,,,0.00,,,,,,,0.00,,,N,Non-Junction,None,,,         ,Joshua,Murray,Clear,Not Collision with Motor Vehicle in Transport,no,no,no,yes,no,False
101048753,METROPOLITAN NASHVILLE POLICE DEPT,20151138306,Davidson,Old Hickory,12/13/2015 8:30:00 PM,1,0,0,36.265590,-86.663810,OLD HICKORY,BLVD,SR145,,0.00,,,ROBINSON,RD,SR,,0.00,Y,Four-Way, ,Intersection,None,,,         ,Edward,Conrads,Clear,Not Collision with Motor Vehicle in Transport,no,no,no,no,no,False
101048754,METROPOLITAN NASHVILLE POLICE DEPT,20151138312,Davidson,Nashville,12/13/2015 10:10:00 PM,1,2,0,36.142740,-86.579460,STEWARTS FERRY PKE,,,,74.00,Feet,East,SMOTHERMAN LN,,,,0.00,N,Not at Intersection,N,Non-Junction,None,,,         ,Colby,Mathis,Clear,Not Collision with Motor Vehicle in Transport,no,no,no,no,no,False
101048765,GOODLETTSVILLE POLICE DEPT,15-45948,Davidson,Goodlettsville,12/13/2015 6:00:00 PM,1,0,0,36.294510,-86.715810,JANETTE AVE,,,,647.00,Feet,West,HARDAWAY DR,,,,0.00,N,Not at Intersection,N,Non-Junction,None,,,         ,Jason,Ayers,Cloudy,Not Collision with Motor Vehicle in Transport,no,no,no,yes,no,False
101048779,METROPOLITAN NASHVILLE POLICE DEPT,20151114260,Davidson,Not in City Limit,12/6/2015 3:29:00 AM,2,0,0,36.271730,-86.710290,GALLATIN PKEN,,,,235.00,Feet,North,ROOSEVELT AV,,,,0.00,N,Not at Intersection,N,Non-Junction,None,,,         ,Christopher,Lo,Cloudy,"Sideswipe, Same Direction",no,no,no,no,yes,False
101048782,METROPOLITAN NASHVILLE POLICE DEPT,20151138365,Davidson,Nashville,12/13/2015 10:42:00 PM,2,1,0,36.190400,-86.745470,GALLATIN AV,,,,0.00,,,W GREENWOOD AV,,,,0.00,Y,T-Intersection,N,Intersection-Related,None,,,         ,Christopher,Dameron,Clear,Angle,no,no,no,no,no,False
101048787,METROPOLITAN NASHVILLE POLICE DEPT,20151138534,Davidson,Nashville,12/13/2015 11:55:00 PM,2,1,0,36.139350,-86.819100,WEST END AV,,,,0.00,Feet,,MURPHY RD,,,,0.00,Y,Four-Way,N,Intersection-Related,None,,,         ,Autumn,Manning,Severe Cross-Winds,Front to Rear,no,no,no,no,yes,False
101048793,METROPOLITAN NASHVILLE POLICE DEPT,20151138520,Davidson,Nashville,12/13/2015 11:45:00 PM,2,0,0,36.089170,-86.651050,CAPITAL FUNDS CT,,,,145.00,Feet,North,RANSOM PL,,,,0.00,N,Not at Intersection, ,OtherLocation,None,,,         ,William,Williams,Severe Cross-Winds,"Sideswipe, Same Direction",no,no,no,no,no,False
101048794,GOODLETTSVILLE POLICE DEPT,15-45962,Davidson,Goodlettsville,12/13/2015 10:40:00 PM,3,0,0,36.324000,-86.704110,I 65,,,,0.00,Feet,East,STATE HWY 174,,,,0.00,N,Not at Intersection, ,Entrance/Exit Ramp Related,None,,,         ,Jeremy,Baker,Clear,Front to Rear,no,no,no,no,no,False
101048796,METROPOLITAN NASHVILLE POLICE DEPT,20151138494,Davidson,Nashville,12/13/2015 11:31:00 PM,1,1,0,36.145800,-86.741690,I 40,,,,0.00,,,,,,,212.20,N,Not at Intersection,N,Non-Junction,None,,,         ,Raymond,Heymann,Clear,Not Collision with Motor Vehicle in Transport,no,no,no,no,no,False
101048816,METROPOLITAN NASHVILLE POLICE DEPT,20151138750,Davidson,Nashville,12/14/2015 2:08:00 AM,2,1,0,36.207970,-86.604990,ANDREW JACKSON PKWY,,,,1060.00,Feet,West,DES MOINES DR,,,,0.00,N,Not at Intersection,N,Non-Junction,None,,,         ,Christina,Buckner,Rain,Not Collision with Motor Vehicle in Transport,no,no,no,no,no,False
101048819,METROPOLITAN NASHVILLE POLICE DEPT,20151138663,Davidson,Nashville,12/14/2015 1:10:00 AM,1,0,0,36.106920,-86.719310,I 24,,,,0.00,,,,,,,53.95,N,Not at Intersection,N,Non-Junction,None,,,         ,richard,haley,Clear,Not Collision with Motor Vehicle in Transport,no,no,no,no,no,False
101048826,METROPOLITAN NASHVILLE POLICE DEPT,20151138575,Davidson,Nashville,12/13/2015 11:19:00 PM,1,0,0,36.153080,-86.789480,DEMONBREUN ST,,,,361.00,Feet,West,14TH AVS,,,,0.00,N,Not at Intersection, ,,None,,,         ,Jessica,Johnson,,,no,no,no,no,no,False
101048838,METROPOLITAN NASHVILLE POLICE DEPT,20151138353,Davidson,Nashville,12/13/2015 12:00:00 AM,1,0,0,36.167230,-86.765170,I 24,,,,0.00,,,,,,,48.90,N,Not at Intersection,N,Non-Junction,None,,,         ,Ashley,Arnold,Clear,Not Collision with Motor Vehicle in Transport,no,no,no,no,no,False
101048839,METROPOLITAN NASHVILLE POLICE DEPT,20151138894,Davidson,Nashville,12/14/2015 4:08:00 AM,1,1,0,36.110400,-86.722550,I24 E ENT RAMP,,,,0.00,,,I 24,,,,0.00,Y,OTHER,Y,Entrance/Exit Ramp Related,None,,,         ,James,Jensen,Rain,Not Collision with Motor Vehicle in Transport,no,no,no,no,no,False
101048846,METROPOLITAN NASHVILLE POLICE DEPT,20151138880,Davidson,Nashville,12/14/2015 3:41:00 AM,2,0,0,36.144430,-86.872720,CHARLOTTE PKE,,,,0.00,,,AMERICAN RD,,,,0.00,Y,T-Intersection, ,Intersection,None,,,         ,Steven,Popp,Rain,"Sideswipe, Same Direction",no,no,no,no,no,False
101048849,METROPOLITAN NASHVILLE POLICE DEPT,20151138860,Davidson,Not in City Limit,12/14/2015 3:33:00 AM,1,2,0,36.093810,-86.937840,I 40,,,,0.00,,,,,,,197.70,N,Not at Intersection,N,Non-Junction,None,,,         ,Melvin,Foster,Rain,Not Collision with Motor Vehicle in Transport,no,no,no,no,no,False
101048851,GOODLETTSVILLE POLICE DEPT,15-45989,Davidson,Goodlettsville,12/14/2015 4:30:00 AM,3,2,0,36.311760,-86.701650,I 65,,,,0.00,,,,,,,96.15,N,Not at Intersection,N,Non-Junction,None,,,         ,Jason,Ayers,Rain,"Sideswipe, Same Direction",no,no,no,no,no,False
101048852,METROPOLITAN NASHVILLE POLICE DEPT,20151136748,Davidson,Not in City Limit,12/13/2015 12:00:00 AM,1,1,0,36.357100,-86.882050,WHITES CREEK PKE,,,,367.00,Feet,South,JACKMAN RD,,,,0.00,N,Not at Intersection,N,Non-Junction,None,,,         ,Charles,Duke,Clear,Not Collision with Motor Vehicle in Transport,no,no,no,no,no,False
101048854,METROPOLITAN NASHVILLE POLICE DEPT,20151138977,Davidson,Nashville,12/14/2015 5:21:00 AM,1,1,0,36.244740,-86.800340,BRICK CHURCH LN,,,,412.00,Feet,East,KNIGHT DR,,,,0.00,N,Not at Intersection,N,Non-Junction,None,,,         ,Gary,Bridgeman,Rain,Not Collision with Motor Vehicle in Transport,no,no,no,no,no,False
101048859,BELLE MEADE POLICE DEPT,15-0321,Davidson,Belle Meade,12/10/2015 5:05:00 PM,2,0,0,36.122310,-86.851320,LYNNWOOD BLVD,,,,0.00,,,HARDING PKE,,,,0.00,Y,Four-Way, ,Intersection,None,,,         ,Dennis,Goins,Clear,"Sideswipe, Opposite Direction",no,no,no,no,yes,False
101048862,GOODLETTSVILLE POLICE DEPT,15-45992,Davidson,Goodlettsville,12/14/2015 5:15:00 AM,2,0,0,36.322845,-86.708833,LONG HOLLOW,PIKE,SR174,LONG HOLLOW PIKE,200.00,Feet,West,CARTWRIGHT,ST,,CARTWRIGHT STREET,0.00,N,Not at Intersection,N,Non-Junction,None,,,         ,Wesley,Kinnaird,Rain,Not Collision with Motor Vehicle in Transport,no,no,no,no,no,False
101048873,METROPOLITAN NASHVILLE POLICE DEPT,20151136317,Davidson,Nashville,12/12/2015 10:16:00 PM,2,0,0,36.217080,-86.696380,OPRYLAND DR,,,,0.00,,,MUSIC VALLEY DR,,,,0.00,Y,Four-Way,N,Intersection,None,,,         ,Andy,Esqueda,Clear,"Sideswipe, Same Direction",no,no,no,no,yes,False
101048878,METROPOLITAN NASHVILLE POLICE DEPT,20151135022,Davidson,Nashville,12/12/2015 12:07:00 PM,2,1,0,36.151210,-86.691840,ELM HILL PKE,,,,0.00,,,BRILEY PKWY S EXT RAMP,,,,0.00,Y,T-Intersection,N,Intersection,None,,,         ,Craig,Carlson,Cloudy,Angle,no,no,no,no,no,False
101048899,METROPOLITAN NASHVILLE POLICE DEPT,20151139133,Davidson,Nashville,12/14/2015 7:00:00 AM,2,0,0,36.073870,-86.623510,ANDERSON RD,,,,0.00,,,OWENDALE DR,,,,0.00,Y,Four-Way, ,Intersection,None,,,         ,Kenneth,Alexandrow,Rain,Front to Rear,no,no,no,no,no,False
101048902,METROPOLITAN NASHVILLE POLICE DEPT,2015-1139259,Davidson,Nashville,12/14/2015 8:10:00 AM,2,0,0,36.128820,-86.900300,I 40,,,,0.00,,,,,,,200.90,N,Not at Intersection, ,Non-Junction,None,,,         ,Curtis,Rich,Clear,Front to Rear,no,no,no,no,no,False
101048903,METROPOLITAN NASHVILLE POLICE DEPT,20151137194,Davidson,Nashville,12/13/2015 10:12:00 AM,1,0,0,36.143280,-86.879810,PREMIER DR,,,,0.00,,,,,,,0.00,,,N,Non-Junction,None,,,         ,Christopher,Taylor,Clear,Not Collision with Motor Vehicle in Transport,no,no,no,yes,yes,False
101048911,METROPOLITAN NASHVILLE POLICE DEPT,20151138844,Davidson,Nashville,12/14/2015 3:32:00 AM,1,0,0,0.000000,0.000000,THOMPSON,LN,SR155,407,200.00,Feet,West,,,,,407.00,N,Not at Intersection,N,Non-Junction,None,,,         ,William,Hamblen,Rain,Not Collision with Motor Vehicle in Transport,no,no,no,no,no,False
101048915,METROPOLITAN NASHVILLE POLICE DEPT,20151139212,Davidson,Nashville,12/14/2015 7:35:00 AM,2,0,0,36.154520,-86.721440,SPENCE LN,,,,296.00,Feet,North,LEBANON PKE,,,,0.00,N,Not at Intersection, ,Non-Junction,None,,,         ,Larry,Benz,Clear,Angle,no,no,no,no,no,False
101048923,METROPOLITAN NASHVILLE POLICE DEPT,20151139291,Davidson,Nashville,12/14/2015 8:12:00 AM,1,1,0,36.098010,-86.758640,SAM WALLACE DR,,,,353.00,Feet,East,POWELL AVE,,,,0.00,N,Not at Intersection,N,Non-Junction,None,,,         ,James,Smith,Cloudy,Not Collision with Motor Vehicle in Transport,yes,no,no,yes,no,False
101048928,METROPOLITAN NASHVILLE POLICE DEPT,20151139295,Davidson,Nashville,12/14/2015 8:05:00 AM,2,0,0,36.169770,-86.673060,LEBANON PKE,,,,0.00,,,OLD LEBANON PKE,,,,0.00,Y,Y-Intersection,N,Non-Junction,None,,,         ,Daniel,Crockett,Clear,Front to Rear,no,no,no,no,no,False
101048930,METROPOLITAN NASHVILLE POLICE DEPT,20151120918,Davidson,Nashville,12/8/2015 12:55:00 PM,2,0,0,36.125870,-86.710600,MURFREESBORO PKE,,,,0.00,,,,,,,0.00,,,N,Non-Junction,None,,,         ,Kevin,Coleman,Clear,Rear to Rear,no,no,no,yes,no,False
101048933,METROPOLITAN NASHVILLE POLICE DEPT,20151139110,Davidson,Nashville,12/14/2015 7:00:00 AM,2,0,0,36.053050,-86.617380,MURFREESBORO PIKE,,US70S,MURFREESBORO PIKE,300.00,Feet,South,MT VIEW ROAD,RD,,MT VIEW ROAD,0.00,N,Not at Intersection, ,Non-Junction,None,,,         ,Brian,Lamb,Rain,"Sideswipe, Same Direction",no,no,no,no,no,False
101048960,METROPOLITAN NASHVILLE POLICE DEPT,2015-1139341,Davidson,Nashville,12/14/2015 8:15:00 AM,2,0,0,36.169180,-86.771890,WOODLAND ST,,,,101.00,Feet,East,S 1ST ST,,,,0.00,N,Not at Intersection, ,Non-Junction,None,,,         ,Travis,Baxter,Clear,Front to Rear,no,no,no,no,no,False
101048962,METROPOLITAN NASHVILLE POLICE DEPT,20151139397,Davidson,Nashville,12/14/2015 9:00:00 AM,2,1,0,36.150630,-86.749840,I 40,,,,0.00,,,,,,,211.60,N,Not at Intersection,N,Non-Junction,None,,,         ,Joshua,Green,Clear,Front to Rear,no,no,no,no,no,False
101048964,METROPOLITAN NASHVILLE POLICE DEPT,20151139334,Davidson,Not in City Limit,12/14/2015 8:30:00 AM,2,0,0,36.265500,-86.739840,STATE HWY 45,,,,0.00,,,-- UNKNOWN RAMP/ROAD --,,,,0.00,Y,T-Intersection,Y,Entrance/Exit Ramp Related,None,,,         ,Jordan,Lowry,Clear,Angle,no,no,no,no,no,False
101048967,METROPOLITAN NASHVILLE POLICE DEPT,2015-1139210,Davidson,Nashville,12/14/2015 7:45:00 AM,2,1,0,36.066550,-86.636700,MORRIS GENTRY BLVD,,,,0.00,,,STATE HWY 254,,,,0.00,Y,Four-Way,N,Intersection,None,,,         ,John,Neely,Rain,Angle,no,no,no,no,no,False
101048968,METROPOLITAN NASHVILLE POLICE DEPT,2015-1139294,Davidson,Nashville,12/14/2015 7:56:00 AM,2,1,0,36.141070,-86.776430,I 65,,,,0.00,,,,,,,81.90,N,Not at Intersection,N,Non-Junction,None,,,         ,Emily,Davies,Cloudy,Front to Rear,no,no,no,no,no,False