master_record_number,agency,agency_tracking_number,county,city,collision_date,vehicles_involved,number_injured,number_dead,latitude,longitude,roadway_name,roadway_suffix,roadway_number,roadway_local_id,distance_from_reference,miles-feet_indicator,direction_from_reference,intersection_road_name,intersection_road_name_suffix,intersection_road_number,intersection_local_id,mile_marker,intersection_indicator,intersect_type,interchange_related_indicator,relation_to_junction,work_zone_type,construction_maintenance_zone,construction_maintenance_zone_location,fatal_case_number,officer_first_name,officer_last_name,weather_condition(s),manner_of_crash,pedestrian,bicycle,scooter,parking,hitrun,mou
101048973,METROPOLITAN NASHVILLE POLICE DEPT,20151139411,Davidson,Nashville,12/14/2015 8:24:00 AM,2,0,0,36.084760,-86.703950,HARDING PL,,,,150.00,Feet,West,TRAVELERS INN DR,,,,0.00,N,Not at Intersection, ,Non-Junction,None,,,         ,Randall,Combs,Clear,Front to Rear,no,no,no,no,no,False
101048977,METROPOLITAN NASHVILLE POLICE DEPT,2015-1139433,Davidson,Nashville,12/14/2015 9:30:00 AM,2,0,0,36.114490,-86.816300,WOODMONT BLVD,,,,76.00,Feet,West,23RD AVS,,,,0.00,N,Not at Intersection, ,Non-Junction,None,,,         ,George,Spencer,Clear,Front to Rear,no,no,no,no,no,False
101048982,METROPOLITAN NASHVILLE POLICE DEPT,2015-1139410,Davidson,Not in City Limit,12/14/2015 9:00:00 AM,2,0,0,36.077160,-87.008460,I 40,,,,0.00,,,,,,,193.20,N,Not at Intersection, ,Non-Junction,None,,,         ,Curtis,Rich,Clear,Not Collision with Motor Vehicle in Transport,no,no,no,no,no,False
101048987,METROPOLITAN NASHVILLE POLICE DEPT,20151139364,Davidson,Nashville,12/14/2015 8:40:00 AM,2,0,0,36.125540,-86.752440,NOLENSVILLE PKE,,,,124.00,Feet,South,GLENROSE AV,,,,0.00,N,Not at Intersection,N,Non-Junction,None,,,         ,James,Thomas,Clear,Angle,no,no,no,no,no,False
101048995,METROPOLITAN NASHVILLE POLICE DEPT,20151139429,Davidson,Nashville,12/14/2015 8:52:00 AM,2,0,0,36.032560,-86.768700,CLOVERLAND DR,,,,0.00,,,JONES PKWY,,,,0.00,Y,Four-Way, ,Intersection,None,,,         ,Brent,Bauer,Clear,"Sideswipe, Opposite Direction",no,no,no,no,no,False
101048996,METROPOLITAN NASHVILLE POLICE DEPT,2015-1139447,Davidson,Antioch,12/14/2015 8:30:00 AM,1,0,0,36.077527,-86.605067,TIMBER TRAIL,,,,0.00,,North,TIMBER TRAIL,ST,,,0.00,N,Not at Intersection,N,Non-Junction,None,,,         ,Stanley,Collins,Severe Cross-Winds,Not Collision with Motor Vehicle in Transport,no,no,no,no,no,False
101048998,METROPOLITAN NASHVILLE POLICE DEPT,20151139576,Davidson,Nashville,12/14/2015 10:24:00 AM,2,0,0,36.119410,-86.749470,NOLENSVILLE PKE,,,,123.00,Feet,North,NEWSOME ST,,,,0.00,N,Not at Intersection, ,Non-Junction,None,,,         ,Jessie,Meadows,Clear,Front to Rear,no,no,no,no,no,False
101049007,METROPOLITAN NASHVILLE POLICE DEPT,20151139513,Davidson,Nashville,12/14/2015 9:48:00 AM,2,0,0,36.113060,-86.800010,STATE HWY 155,,,,0.00,,,BELMONT BLVD,,,,0.00,Y,Four-Way,N,Intersection,None,,,         ,James,Smith,Clear,Front to Rear,no,no,no,no,no,False
101049015,METROPOLITAN NASHVILLE POLICE DEPT,20151139475,Davidson,Nashville,12/14/2015 9:34:00 AM,2,0,0,36.145770,-86.741340,I 40,,,,0.00,,,,,,,212.20,N,Not at Intersection, ,Non-Junction,None,,,         ,Johnathan,Carlisle,Cloudy,"Sideswipe, Same Direction",no,no,no,no,no,False
101049024,METROPOLITAN NASHVILLE POLICE DEPT,20151139272,Davidson,Nashville,12/14/2015 7:55:00 AM,2,0,0,36.140680,-86.720750,I 40,,,,0.00,,,,,,,213.60,N,Not at Intersection, ,Non-Junction,None,,,         ,William,Mckay,Clear,Front to Rear,no,no,no,no,no,False
101049026,METROPOLITAN NASHVILLE POLICE DEPT,20151139010,Davidson,Nashville,12/14/2015 5:45:00 AM,2,0,0,36.191480,-86.753130,US HWY 31E,,,,0.00,,,-- UNKNOWN RAMP/ROAD --,,,,0.00,Y,OTHER,Y,Entrance/Exit Ramp Related,None,,,         ,Johnny,Crumby Jr.,Rain,"Sideswipe, Same Direction",no,no,no,no,yes,False
101049034,METROPOLITAN NASHVILLE POLICE DEPT,20151137384,Davidson,Nashville,12/13/2015 12:35:00 PM,2,0,0,36.200690,-86.689010,EXIT 11,,,,250.00,Feet,South,STATE HWY 155,,,,0.00,N,Not at Intersection,N,Entrance/Exit Ramp Related,None,,,         ,Caleb,Jernigan,Clear,Front to Rear,no,no,no,no,no,False
101049048,METROPOLITAN NASHVILLE POLICE DEPT,20151139759,Davidson,Nashville,12/14/2015 12:00:00 AM,2,0,0,36.157480,-86.784170,10TH AVS,,,,176.00,Feet,South,10TH AVN,,,,0.00,N,Not at Intersection, ,Non-Junction,None,,,         ,Michael,Dance,Clear,Rear to Side,no,no,no,no,no,False
101049050,METROPOLITAN NASHVILLE POLICE DEPT,2015-1113844,Davidson,Not in City Limit,12/5/2015 9:12:00 PM,2,0,0,36.082280,-86.968040,HIGHWAY 70S,,,,688.00,Feet,South,SADDLE RIDGE CT,,,,0.00,N,Not at Intersection, ,"Driveway, Alley Access, etc",None,,,         ,Joel,Callies,Cloudy,Front to Rear,no,no,no,no,no,False
101049051,METROPOLITAN NASHVILLE POLICE DEPT,20151139394,Davidson,Nashville,12/14/2015 9:00:00 AM,3,0,0,36.064790,-86.628480,HAMILTON CHURCH RD,,,,0.00,,,MURFREESBORO PKE,,,,0.00,Y,Four-Way, ,Intersection,None,,,         ,Jeremy,King,Cloudy,Front to Rear,no,no,no,no,no,False
101049052,METROPOLITAN NASHVILLE POLICE DEPT,20151139527,Davidson,Goodlettsville,12/14/2015 10:30:00 AM,2,0,0,36.302750,-86.691850,GALLATIN PKEN,,,,0.00,,,CONFERENCE DR,,,,0.00,Y,Four-Way, ,Intersection,None,,,         ,Jeffery,Burnette,Cloudy,Front to Rear,no,no,no,no,no,False
101049057,METROPOLITAN NASHVILLE POLICE DEPT,2015-1139827,Davidson,Nashville,12/14/2015 11:45:00 AM,2,0,0,36.073770,-86.920710,OLD HICKORY BLVD,,,,0.00,,,BELLEVUE VALLEY PLAZA PVTDR,,,,0.00,Y,T-Intersection,N,Intersection,None,,,         ,Curtis,Rich,Cloudy,Angle,no,no,no,no,no,False
101049058,BELLE MEADE POLICE DEPT,15-0322,Davidson,Belle Meade,12/14/2015 9:20:00 AM,2,0,0,36.113270,-86.862950,HARDING PKE,,,,0.00,,,JACKSON BLVD,,,,0.00,Y,T-Intersection,N,Intersection,None,,,         ,Doris,Howell,Clear,Unknown,no,no,no,no,yes,False
101049061,METROPOLITAN NASHVILLE POLICE DEPT,2015-1139680,Davidson,Nashville,12/14/2015 10:55:00 AM,2,1,0,36.150840,-86.884200,ANNEX AVE,,,,396.00,Feet,South,SUNLINER DR,,,,0.00,N,Not at Intersection,N,Non-Junction,None,,,         ,Walter,Gray II,Cloudy,Angle,no,no,no,no,no,False
101049065,METROPOLITAN NASHVILLE POLICE DEPT,2015-1137507,Davidson,Nashville,12/13/2015 2:51:00 PM,1,0,0,36.122830,-86.909180,I 40,,,,0.00,,,,,,,200.30,N,Not at Intersection, ,Non-Junction,None,,,         ,Brandon,Wood,Clear,Not Collision with Motor Vehicle in Transport,no,no,no,no,no,False
101049068,METROPOLITAN NASHVILLE POLICE DEPT,20151139585,Davidson,Not in City Limit,12/14/2015 10:15:00 AM,2,0,0,36.043840,-86.979710,MCCRORY LN,,,,0.00,,,NATCHEZ POINTE BLVD,,,,0.00,Y,T-Intersection,N,Non-Junction,None,,,         ,Christopher,Taylor,Clear,Front to Rear,no,no,no,no,no,False
101049088,METROPOLITAN NASHVILLE POLICE DEPT,20151139781,Davidson,Goodlettsville,12/14/2015 11:20:00 AM,2,0,0,36.304340,-86.689470,US HWY 31E,,,,200.00,Feet,West,LIBERTY LN,,,,0.00,N,Not at Intersection, ,Non-Junction,None,,,         ,Jordan,Lowry,Cloudy,Front to Rear,no,no,no,no,no,False
101049089,METROPOLITAN NASHVILLE POLICE DEPT,2015-1139124,Davidson,Nashville,12/14/2015 6:45:00 AM,2,0,0,36.160250,-86.782960,ROSA L PARKS BLVD,,,,0.00,,,COMMERCE ST,,,,0.00,Y,Four-Way,N,Intersection,None,,,         ,Charles,Coe,Cloudy,Front to Rear,no,no,no,no,no,False
101049092,METROPOLITAN NASHVILLE POLICE DEPT,20151139564,Davidson,Nashville,12/14/2015 8:59:00 AM,3,0,0,36.218160,-86.803480,WHITES CREEK PKE,,,,1.00,Feet,North,MOORMANS ARM RD,,,,0.00,N,Not at Intersection,N,Non-Junction,None,,,         ,Ernie,Wilson,Clear,Front to Rear,no,no,no,no,no,False
101049097,METROPOLITAN NASHVILLE POLICE DEPT,20151139420,Davidson,Nashville,12/14/2015 9:08:00 AM,2,0,0,36.157380,-86.792700,15TH AVN,,,,0.00,Feet,,CHURCH ST,,,,0.00,Y,Four-Way,N,Intersection,None,,,         ,Paul,Joyner,Clear,Angle,no,no,no,no,no,False
101049107,METROPOLITAN NASHVILLE POLICE DEPT,2015-1140028,Davidson,Nashville,12/14/2015 12:20:00 PM,2,1,0,36.157650,-86.773410,KOREAN VETERANS BLVD,,,,0.00,,,3RD AVS,,,,0.00,Y,Four-Way,N,Intersection,None,,,         ,Paul,Sorace,Clear,Front to Rear,no,no,no,no,yes,False
101049115,METROPOLITAN NASHVILLE POLICE DEPT,20151138393,Davidson,Nashville,12/13/2015 10:20:00 PM,2,0,0,36.074470,-86.920910,STATE HWY 251,,,,0.00,Feet,,US HWY 70S,,,,0.00,Y,Four-Way,N,Intersection-Related,None,,,         ,Miguel,Garcia,Clear,Angle,no,no,no,no,yes,False
101049124,METROPOLITAN NASHVILLE POLICE DEPT,20151139524,Davidson,Nashville,12/14/2015 9:50:00 AM,2,0,0,36.040790,-86.779330,STONE BROOK DR,,,,19.00,Feet,South,STATE HWY 254,,,,0.00,N,Not at Intersection, ,,None,,,         ,Jeremy,Stricklin,,,no,no,no,no,no,False
101049129,METROPOLITAN NASHVILLE POLICE DEPT,20151139593,Davidson,Nashville,12/14/2015 10:00:00 AM,3,0,0,36.138020,-86.723760,SPENCE LN,,,,431.00,Feet,South,CORNELIA ST,,,,0.00,N,Not at Intersection,N,Non-Junction,None,,,         ,Joshua,Green,Clear,Front to Rear,no,no,no,no,yes,False
101049130,METROPOLITAN NASHVILLE POLICE DEPT,20151139580,Davidson,Nashville,12/14/2015 10:10:00 AM,2,0,0,36.103720,-86.772630,FRANKLIN PKE,,,,59.00,Feet,North,GLEN LEVEN DR,,,,0.00,N,Not at Intersection, ,Non-Junction,None,,,         ,Phillip,Murphy,Clear,Angle,no,no,no,no,no,False
101049131,METROPOLITAN NASHVILLE POLICE DEPT,20151139308,Davidson,Nashville,12/14/2015 7:56:00 AM,2,0,0,36.091780,-86.828210,HILLSBORO PKE,,,,126.00,Feet,South,FOREST PLACE CIR,,,,0.00,N,Not at Intersection, ,Non-Junction,None,,,         ,Phillip,Murphy,Clear,Front to Rear,no,no,no,no,no,False
101049132,METROPOLITAN NASHVILLE POLICE DEPT,20151131394,Davidson,Nashville,12/11/2015 8:51:00 AM,2,0,0,36.154430,-86.792510,BROADWAY,,,,127.00,Feet,East,16TH AVN,,,,0.00,N,Not at Intersection, ,Non-Junction,None,,,         ,Phillip,Murphy,Clear,"Sideswipe, Same Direction",no,no,no,no,no,False
101049136,METROPOLITAN NASHVILLE POLICE DEPT,20151137289,Davidson,Not in City Limit,12/13/2015 11:58:00 AM,2,0,0,36.269240,-86.755740,STATE HWY 45,,,,12.00,Feet,West,US HWY 31W,,,,0.00,N,Not at Intersection,N,Non-Junction,None,,,         ,Alyson,Cook,Clear,Front to Rear,no,no,no,no,no,False
101049153,BERRY HILL POLICE DEPT,15-4914,Davidson,Berry Hill,12/14/2015 8:49:00 AM,2,0,0,36.112390,-86.768020,THOMPSON LN,,,,0.00,,,OLD POWELL AV,,,,0.00,Y,Four-Way, ,Non-Junction,None,,,         ,Ronnie,Hill,Clear,Angle,no,no,no,no,no,False
101049154,BERRY HILL POLICE DEPT,15-4915,Davidson,Berry Hill,12/14/2015 10:51:00 AM,2,0,0,36.123540,-86.776190,FRANKLIN PKE,,,,369.00,Feet,North,BILOXI AV,,,,0.00,N,Not at Intersection, ,Non-Junction,None,,,         ,Ronnie,Hill,Clear,Angle,no,no,no,no,no,False
101049162,METROPOLITAN NASHVILLE POLICE DEPT,20151138080,Davidson,Nashville,12/13/2015 7:39:00 PM,2,0,0,36.124880,-86.786340,10TH AVS,,,,144.00,Feet,North,GILMORE AV,,,,0.00,N,Not at Intersection,N,Non-Junction,None,,,         ,Nicholas,Smith,Clear,Front to Rear,no,no,no,no,no,False
101049167,METROPOLITAN NASHVILLE POLICE DEPT,20151139688,Davidson,Nashville,12/14/2015 11:39:00 AM,2,0,0,36.067220,-86.631040,MURFREESBORO PKE,,,,92.00,Feet,South,FOREST VIEW DR,,,,0.00,N,Not at Intersection,N,Non-Junction,None,,,         ,Jessie,Meadows,Clear,Front to Rear,no,no,no,no,no,False
101049168,METROPOLITAN NASHVILLE POLICE DEPT,20151140117,Davidson,Nashville,12/14/2015 1:37:00 PM,2,0,0,36.071870,-86.636180,MURFREESBORO PKE,,,,0.00,,,BELL RD,,,,0.00,Y,Four-Way,N,Non-Junction,None,,,         ,Jessie,Meadows,Clear,Front to Rear,no,no,no,no,yes,False
101049175,METROPOLITAN NASHVILLE POLICE DEPT,20151139753,Davidson,Nashville,12/14/2015 11:15:00 AM,2,0,0,36.037380,-86.791000,STATE HWY 254,,,,0.00,Feet,,EASTPARK DR,,,,0.00,Y,Four-Way, ,Intersection-Related,None,,,         ,Jeremy,Stricklin,Clear,Front to Rear,no,no,no,no,no,False
101049178,METROPOLITAN NASHVILLE POLICE DEPT,20151137903,Davidson,Nashville,12/13/2015 6:32:00 PM,1,1,0,36.148340,-86.761000,LAFAYETTE ST,,,,59.00,Feet,East,CLAIBORNE ST,,,,0.00,N,Not at Intersection,N,Non-Junction,None,,,         ,Randy,Heinze,Clear,Not Collision with Motor Vehicle in Transport,yes,no,no,no,no,False
101049187,METROPOLITAN NASHVILLE POLICE DEPT,20151139946,Davidson,Nashville,12/14/2015 12:28:00 PM,2,0,0,36.096150,-86.737670,NOLENSVILLE PKE,,,,0.00,,,ALLIED DR,,,,0.00,Y,T-Intersection, ,Intersection-Related,None,,,         ,Tien,Nguyen,Clear,"Sideswipe, Same Direction",no,no,no,no,no,False
101049188,METROPOLITAN NASHVILLE POLICE DEPT,20151139480,Davidson,Nashville,12/14/2015 9:15:00 AM,2,0,0,36.183650,-86.610660,OLD HICKORY BLVD,,,,0.00,,,ANDREW JACKSON PKWY,,,,0.00,Y,Four-Way,N,Intersection,None,,,         ,Cassandra,Del Bosco,Clear,Front to Rear,no,no,no,no,no,False
101049195,METROPOLITAN NASHVILLE POLICE DEPT,20151137546,Davidson,Nashville,12/13/2015 12:00:00 AM,2,0,0,36.198530,-86.620300,OLD HICKORY BLVD,,,,0.00,,,LEBANON PKE,,,,0.00,Y,Four-Way, ,Intersection-Related,None,,,         ,Austin,Childress,Clear,"Sideswipe, Same Direction",no,no,no,no,no,False
101049198,METROPOLITAN NASHVILLE POLICE DEPT,2015-1139148,Davidson,Nashville,12/14/2015 7:18:00 AM,2,0,0,36.067410,-86.631250,MURFREESBORO PKE,,,,0.00,,,FOREST VIEW DR,,,,0.00,Y,Four-Way, ,Intersection,None,,,         ,William,Whitworth,Rain,Front to Rear,no,no,no,no,no,False
101049200,METROPOLITAN NASHVILLE POLICE DEPT,2015-1139285,Davidson,Nashville,12/14/2015 7:59:00 AM,2,0,0,36.110120,-86.736330,THOMPSON LN,,,,0.00,,,PRESCOTT PL,,,,0.00,Y,OTHER,N,Non-Junction,None,,,         ,William,Whitworth,Clear,Front to Rear,no,no,no,no,no,False
101049201,METROPOLITAN NASHVILLE POLICE DEPT,2015-1139554,Davidson,Nashville,12/14/2015 10:06:00 AM,2,2,0,36.079600,-86.726320,HARDING PL,,,,0.00,,,NOLENSVILLE PKE,,,,0.00,Y,Four-Way,N,Intersection,None,,,         ,William,Whitworth,Clear,Front to Rear,no,no,no,no,no,False
101049202,METROPOLITAN NASHVILLE POLICE DEPT,2015-1140203,Davidson,Nashville,12/14/2015 1:53:00 PM,2,0,0,36.085230,-86.699700,I 24,,,,0.00,,,,,,,55.80,N,Not at Intersection,N,Non-Junction,None,,,         ,William,Whitworth,Cloudy,Front to Rear,no,no,no,no,no,False
101049203,METROPOLITAN NASHVILLE POLICE DEPT,20151129228,Davidson,Madison,12/10/2015 6:20:00 PM,2,3,0,36.263220,-86.732450,S GRAYCROFT AV,,,,450.00,Feet,South,OLD HICKORY BLVDW,,,,0.00,N,Not at Intersection,N,Non-Junction,None,,,         ,Nathan,Dungan,Clear,Front to Rear,no,no,no,no,no,False
101049208,METROPOLITAN NASHVILLE POLICE DEPT,2015-1140215,Davidson,Nashville,12/14/2015 1:58:00 PM,3,0,0,36.114110,-86.810860,US HWY 431,,,,50.00,Feet,North,STATE HWY 155,,,,0.00,N,Not at Intersection,N,Non-Junction,None,,,         ,Walter,Gray II,Cloudy,Front to Rear,no,no,no,no,no,False
101049221,METROPOLITAN NASHVILLE POLICE DEPT,20151140382,Davidson,Nashville,12/14/2015 1:40:00 PM,2,0,0,36.104010,-86.815400,HILLSBORO PKE,,,,316.00,Feet,North,WARFIELD DR,,,,0.00,N,Not at Intersection, ,Non-Junction,None,,,         ,Tien,Nguyen,Clear,Front to Rear,no,no,no,no,no,False
101049230,THP District 3 - Nashville,315064065,Davidson,Nashville,12/14/2015 7:41:00 AM,2,0,0,36.151080,-86.750440,I 40,,,,0.00,,,,,,,211.60,N,Not at Intersection, ,Non-Junction,None,,,         ,Phillip,Clark,Clear,Front to Rear,no,no,no,no,yes,False
101049232,METROPOLITAN NASHVILLE POLICE DEPT,20151138046,Davidson,Nashville,12/13/2015 12:00:00 AM,2,1,0,36.140360,-86.666440,I40 E EXT RAMP,,,,0.00,Feet,East,DONELSON PKE,,,,0.00,N,Not at Intersection,N,Entrance/Exit Ramp Related,None,,,         ,Austin,Childress,Clear,Front to Rear,no,no,no,no,no,False
101049242,METROPOLITAN NASHVILLE POLICE DEPT,20151139796,Davidson,Goodlettsville,12/14/2015 12:00:00 PM,2,0,0,36.296910,-86.699160,MYATT DR,,,,0.00,,,GALLATIN PKEN,,,,0.00,Y,Four-Way, ,Non-Junction,None,,,         ,Jeffery,Burnette,Cloudy,Front to Rear,no,no,no,no,no,False
101049243,METROPOLITAN NASHVILLE POLICE DEPT,20151137720,Davidson,Nashville,12/13/2015 4:30:00 PM,2,0,0,36.146100,-86.870730,CHARLOTTE PKE,,,,0.00,,,WESTBORO DR,,,,0.00,Y,Four-Way, ,,None,,,         ,Trent,Craig,,,no,no,no,no,no,False
101049249,METROPOLITAN NASHVILLE POLICE DEPT,20151121907,Davidson,Madison,12/8/2015 6:30:00 PM,2,0,0,36.275730,-86.735260,I 65,,,,0.00,,,,,,,93.00,N,Not at Intersection, ,Non-Junction,None,,,         ,Nathan,Dungan,Clear,Front to Rear,no,no,no,no,no,False
101049252,METROPOLITAN NASHVILLE POLICE DEPT,20151138285,Davidson,Nashville,12/13/2015 9:40:00 PM,1,1,0,36.192050,-86.780970,I 65,,,,0.00,,,,,,,86.30,N,Not at Intersection,Y,Entrance/Exit Ramp Related,None,,,         ,Earl,Davis,Clear,Not Collision with Motor Vehicle in Transport,no,no,no,no,no,False
101049255,METROPOLITAN NASHVILLE POLICE DEPT,20151122322,Davidson,Nashville,12/8/2015 8:45:00 PM,2,0,0,36.249190,-86.734460,DUE WEST AVW,,,,0.00,,,S GRAYCROFT AV,,,,0.00,Y,Four-Way, ,Intersection-Related,None,,,         ,Nathan,Dungan,Clear,Front to Rear,no,no,no,no,no,False
101049256,METROPOLITAN NASHVILLE POLICE DEPT,20151140296,Davidson,Antioch,12/14/2015 3:05:00 PM,2,0,0,36.025470,-86.587420,MURFREESBORO RD,,,,437.00,Feet,North,WALDRON RD,,,,0.00,N,Not at Intersection,N,Non-Junction,None,,,         ,Jessie,Meadows,Clear,Front to Rear,no,no,no,no,yes,False
101049257,METROPOLITAN NASHVILLE POLICE DEPT,20151140356,Davidson,Antioch,12/14/2015 3:28:00 PM,2,0,0,36.007280,-86.612730,I 24,,,,0.00,,,,,,,63.20,N,Not at Intersection,N,Non-Junction,None,,,         ,Jessie,Meadows,Clear,Angle,no,no,no,no,yes,False
101049261,METROPOLITAN NASHVILLE POLICE DEPT,20151140518,Davidson,Nashville,12/14/2015 3:47:00 PM,2,0,0,36.144160,-86.881900,I 40,,,,0.00,,,,,,,202.45,N,Not at Intersection, ,Non-Junction,None,,,         ,Adam,Reese,Cloudy,Front to Rear,no,no,no,no,no,False
101049262,METROPOLITAN NASHVILLE POLICE DEPT,20151140509,Davidson,Nashville,12/14/2015 4:25:00 PM,2,0,0,36.167010,-86.763740,I24 W ENT RAMP,,,,0.00,,,I 24,,,,0.00,Y,Four-Way, ,Intersection,None,,,         ,Joshua,Murray,Clear,"Sideswipe, Same Direction",no,no,no,no,no,False
101049278,METROPOLITAN NASHVILLE POLICE DEPT,20151140531,Davidson,Nashville,12/14/2015 3:10:00 PM,2,0,0,36.186910,-86.860670,COUNTY HOSPITAL RD,,,,0.00,,,STEWARTS LN,,,,0.00,Y,T-Intersection,N,Non-Junction,None,,,         ,Brandon,Evans,Cloudy,Front to Rear,no,no,no,no,yes,False
101049280,METROPOLITAN NASHVILLE POLICE DEPT,20151140487,Davidson,Nashville,12/14/2015 4:45:00 PM,2,1,0,36.073920,-86.624880,KINWOOD DR,,,,27.00,Feet,South,CREEKVIEW DR,,,,0.00,N,Not at Intersection,N,Non-Junction,None,,,         ,Jessie,Meadows,Clear,Angle,no,no,no,no,no,False
101049284,METROPOLITAN NASHVILLE POLICE DEPT,20151138217,Davidson,Nashville,12/13/2015 9:11:00 PM,2,0,0,36.163860,-86.777490,3RD AVN,,,,150.00,Feet,South,CHURCH ST,,,,0.00,N,Not at Intersection, ,,None,,,         ,Mikala,Moore,,,no,no,no,no,no,False
101049285,METROPOLITAN NASHVILLE POLICE DEPT,20151136247,Davidson,Not in City Limit,12/12/2015 10:00:00 PM,1,0,0,36.078450,-87.012410,NEWSOM STATION RD,,,,63.00,Feet,West,SETTLERS WAY,,,,0.00,N,Not at Intersection, ,Non-Junction,None,,,         ,Michael,Russell,Clear,Not Collision with Motor Vehicle in Transport,no,no,no,no,no,False
101049287,METROPOLITAN NASHVILLE POLICE DEPT,20151129198,Davidson,Not in City Limit,12/10/2015 5:42:00 PM,2,0,0,36.263840,-86.704810,STATE RT 45,,,,102.00,Feet,West,DELAWARE AV,,,,0.00,N,Not at Intersection, ,Unknown,None,,,         ,Lawrence,Lacy,Clear,"Sideswipe, Same Direction",no,no,no,no,no,False
101049288,METROPOLITAN NASHVILLE POLICE DEPT,20151140702,Davidson,Nashville,12/14/2015 3:05:00 PM,2,0,0,36.077110,-86.641390,US HWY 41,,,,0.00,,,LAKEVILLA DR,,,,0.00,Y,Four-Way,N,Intersection,Construction Zone,,,         ,Felipe,Pereira,Cloudy,"Sideswipe, Same Direction",no,no,no,no,yes,False
101049293,METROPOLITAN NASHVILLE POLICE DEPT,20151140632,Davidson,Nashville,12/14/2015 4:28:00 PM,4,0,0,36.071380,-86.724620,BASS AV,,,,131.00,Feet,South,WINSTON AVW,,,,0.00,N,Not at Intersection,N,OtherLocation,None,,,         ,Tien,Nguyen,Clear,Front to Rear,no,no,no,no,no,False
101049295,METROPOLITAN NASHVILLE POLICE DEPT,20151140710,Davidson,Antioch,12/14/2015 12:00:00 AM,2,0,0,36.009930,-86.612310,HEIL QUAKER BLVD,,,,0.00,Feet,East,BRIDGESTONE PKWY,,,,0.00,N,Not at Intersection,Y,Non-Junction,None,,,         ,Larry,Preuett,Clear,Angle,no,no,no,no,no,False
101049296,METROPOLITAN NASHVILLE POLICE DEPT,20151125747,Davidson,Not in City Limit,12/9/2015 8:00:00 PM,2,0,0,36.276170,-86.735290,I 65,,,,0.00,,,,,,,93.10,N,Not at Intersection,N,Non-Junction,None,,,         ,Nathan,Dungan,Clear,"Sideswipe, Same Direction",no,no,no,no,no,False
101049297,METROPOLITAN NASHVILLE POLICE DEPT,20151140802,Davidson,Nashville,12/14/2015 5:12:00 PM,2,0,0,36.167790,-86.780030,3RD AVN,,,,263.00,Feet,North,JAMES ROBERTSON PKWY,,,,0.00,N,Not at Intersection, ,Non-Junction,None,,,         ,Mikala,Moore,Clear,Front to Rear,no,no,no,no,no,False
101049298,METROPOLITAN NASHVILLE POLICE DEPT,20151137855,Davidson,Nashville,12/13/2015 6:03:00 PM,2,1,0,36.172530,-86.585730,STATE HWY 265,,,,273.00,Feet,West,S NEW HOPE RD,,,,0.00,N,Not at Intersection,N,Non-Junction,None,,,         ,Codey,Mullins,Cloudy,"Sideswipe, Same Direction",no,no,no,no,no,False
101049299,METROPOLITAN NASHVILLE POLICE DEPT,20151140661,Davidson,Nashville,12/14/2015 3:50:00 PM,2,1,0,36.133020,-86.720760,MURFREESBORO PKE,,,,67.00,Feet,East,PAVILION BLVD,,,,0.00,N,Not at Intersection,N,Non-Junction,None,,,         ,Armonty,Houston,Cloudy,Angle,no,no,no,no,no,False
101049302,METROPOLITAN NASHVILLE POLICE DEPT,20151140734,Davidson,Nashville,12/14/2015 4:45:00 PM,2,0,0,36.145950,-86.666600,ROYAL PKWY,,,,0.00,,,DONELSON PKE,,,,0.00,Y,Four-Way,Y,Intersection,None,,,         ,John,Kelley,Clear,Angle,no,no,no,no,no,False
101049304,METROPOLITAN NASHVILLE POLICE DEPT,20151132934,Davidson,Nashville,12/11/2015 5:45:00 PM,3,0,0,36.243570,-86.748860,I65 S EXT RAMP,,,,0.00,Feet,East,I 65,,,,0.00,N,Not at Intersection,N,Entrance/Exit Ramp Related,None,,,         ,Broderick,Jones,Clear,Front to Rear,no,no,no,no,no,False
101049313,METROPOLITAN NASHVILLE POLICE DEPT,20151140645,Davidson,Nashville,12/14/2015 4:33:00 PM,2,0,0,36.216290,-86.597650,ANDREW JACKSON PKWY,,,,423.00,Feet,North,LEBANON PKE,,,,0.00,N,Not at Intersection,N,Non-Junction,None,,,         ,David,Stanley,Clear,Angle,no,no,no,no,no,False
101049314,METROPOLITAN NASHVILLE POLICE DEPT,20151140821,Davidson,Nashville,12/14/2015 4:42:00 PM,2,0,0,36.152220,-86.625600,BLACKWOOD DR,,,,211.00,Feet,West,BELL RD,,,,0.00,N,Not at Intersection,N,Non-Junction,None,,,         ,Bryan,Byrnes,Clear,"Sideswipe, Opposite Direction",no,no,no,yes,no,False
101049316,METROPOLITAN NASHVILLE POLICE DEPT,20151140999,Davidson,Nashville,12/14/2015 6:16:00 PM,2,0,0,36.126190,-86.777070,FRANKLIN PKE,,,,0.00,,,CRAIGHEAD ST,,,,0.00,Y,T-Intersection, ,Intersection-Related,None,,,         ,Tien,Nguyen,Clear,Front to Rear,no,no,no,no,no,False
101049321,METROPOLITAN NASHVILLE POLICE DEPT,20151141001,Davidson,Nashville,12/14/2015 6:15:00 PM,2,0,0,36.178720,-86.803580,11TH AVN,,,,102.00,Feet,South,WHELESS ST,,,,0.00,N,Not at Intersection,N,Non-Junction,None,,,         ,Allen,Hall,Cloudy,"Sideswipe, Same Direction",no,no,no,no,yes,False
101049324,METROPOLITAN NASHVILLE POLICE DEPT,20151140755,Davidson,Nashville,12/14/2015 4:45:00 PM,2,1,0,36.074980,-86.662560,UNA ANTIOCH PKE,,,,13.00,Feet,South,BILLINGSGATE RD,,,,0.00,N,Not at Intersection,N,Non-Junction,None,,,         ,Oscar,Gomez,Cloudy,Front to Rear,no,no,no,no,no,False