master_record_number,agency,agency_tracking_number,county,city,collision_date,vehicles_involved,number_injured,number_dead,latitude,longitude,roadway_name,roadway_suffix,roadway_number,roadway_local_id,distance_from_reference,miles-feet_indicator,direction_from_reference,intersection_road_name,intersection_road_name_suffix,intersection_road_number,intersection_local_id,mile_marker,intersection_indicator,intersect_type,interchange_related_indicator,relation_to_junction,work_zone_type,construction_maintenance_zone,construction_maintenance_zone_location,fatal_case_number,officer_first_name,officer_last_name,weather_condition(s),manner_of_crash,pedestrian,bicycle,scooter,parking,hitrun,mou
101061517,METROPOLITAN NASHVILLE POLICE DEPT,20151151588,Davidson,Antioch,12/17/2015 4:38:00 PM,2,1,0,36.049840,-86.562440,HURRICANE CREEK BOAT RMP,,,,0.00,Feet,East,STONES RIVER RD,,,,0.00,N,Not at Intersection,N,Non-Junction,None,,,         ,Jessie,Meadows,Clear,Angle,no,no,no,no,no,False
101061527,METROPOLITAN NASHVILLE POLICE DEPT,20151151533,Davidson,Not in City Limit,12/17/2015 3:59:00 PM,2,0,0,36.261390,-86.738180,I 65,,,,0.00,,,,,,,92.00,N,Not at Intersection, ,Non-Junction,None,,,         ,Samuel,Miller,Clear,Front to Rear,no,no,no,no,no,False
101061535,METROPOLITAN NASHVILLE POLICE DEPT,20151151540,Davidson,Nashville,12/17/2015 4:00:00 PM,2,1,0,36.186050,-86.758420,ELLINGTON PKWYN,,,,209.00,Feet,West,ELLINGTON PKWY N ENT RAMP,,,,0.00,N,Not at Intersection,N,Non-Junction,None,,,         ,Jarred,Ruhlman,Clear,Front to Rear,no,no,no,no,no,False
101061540,METROPOLITAN NASHVILLE POLICE DEPT,20151151649,Davidson,Nashville,12/17/2015 4:37:00 PM,2,0,0,36.082690,-86.765180,I65 S ENT RAMP,,,,0.00,,,I 65,,,,0.00,Y,T-Intersection, ,Intersection-Related,None,,,         ,Tien,Nguyen,Cloudy,"Sideswipe, Same Direction",no,no,no,no,no,False
101061554,METROPOLITAN NASHVILLE POLICE DEPT,20151148977,Davidson,Not in City Limit,12/16/2015 9:25:00 PM,1,0,0,36.078790,-86.956140,COLEY DAVIS RD,,,,416.00,Feet,South,EXIT 196,,,,0.00,N,Not at Intersection,N,Non-Junction,None,,,         ,Justin,Haney,Rain,Not Collision with Motor Vehicle in Transport,no,no,no,no,no,False
101061555,METROPOLITAN NASHVILLE POLICE DEPT,20151151904,Davidson,Nashville,12/17/2015 5:56:00 PM,2,0,0,36.151480,-86.672450,ELM HILL PIKE,,,,400.00,Feet,West,HENEY DR,,,,0.00,N,Not at Intersection, ,,None,,,         ,Tyler,Conrads,,,no,no,no,no,no,False
101061556,METROPOLITAN NASHVILLE POLICE DEPT,20151151898,Davidson,Nashville,12/17/2015 5:14:00 PM,2,0,0,36.106390,-86.767830,I 65,,,,0.00,,,,,,,79.55,N,Not at Intersection, ,Entrance/Exit Ramp Related,None,,,         ,Tien,Nguyen,Clear,"Sideswipe, Same Direction",no,no,no,no,no,False
101061560,METROPOLITAN NASHVILLE POLICE DEPT,20151151800,Davidson,Nashville,12/17/2015 5:34:00 PM,2,0,0,36.114040,-86.707130,BRILEY PKWYS,,,,413.00,Feet,East,BRILEY PKWYN,,,,0.00,N,Not at Intersection,N,Non-Junction,None,,,         ,Jessie,Meadows,Clear,Front to Rear,no,no,no,no,no,False
101061567,METROPOLITAN NASHVILLE POLICE DEPT,20151151780,Davidson,Nashville,12/17/2015 5:20:00 PM,2,0,0,36.154630,-86.779160,8TH AVS,,,,0.00,,,LAFAYETTE ST,,,,0.00,Y,Roundabout,Y,Intersection,None,,,         ,Mikala,Moore,Clear,Front to Rear,no,no,no,no,no,False
101061581,METROPOLITAN NASHVILLE POLICE DEPT,20151151989,Davidson,Nashville,12/17/2015 5:23:00 PM,3,0,0,36.117290,-86.773650,I 65,,,,0.00,,,,,,,80.30,N,Not at Intersection, ,Non-Junction,None,,,         ,Tien,Nguyen,Clear,Front to Rear,no,no,no,no,no,False
101061584,METROPOLITAN NASHVILLE POLICE DEPT,20151151849,Davidson,Nashville,12/17/2015 5:32:00 PM,2,0,0,36.215120,-86.597670,LEBANON PKE,,,,0.00,,,ANDREW JACKSON PKWY,,,,0.00,Y,Four-Way,N,Intersection,None,,,         ,James,DeSantis,Clear,"Sideswipe, Same Direction",no,no,no,no,yes,False
101061586,METROPOLITAN NASHVILLE POLICE DEPT,2015-1151941,Davidson,Nashville,12/17/2015 5:40:00 PM,2,0,0,36.158080,-86.862450,BRILEY PKWYN,,,,151.00,Feet,East,BRILEY PKWY N ENT RAMP,,,,0.00,N,Not at Intersection,Y,Entrance/Exit Ramp Related,None,,,         ,Christopher,Clark,Clear,"Sideswipe, Same Direction",no,no,no,no,yes,False
101061587,METROPOLITAN NASHVILLE POLICE DEPT,20151151891,Davidson,Nashville,12/17/2015 6:05:00 PM,2,0,0,36.152750,-86.779350,US HWY 31,,,,0.00,,,DREXEL ST,,,,0.00,Y,T-Intersection, ,Non-Junction,None,,,         ,Robert,Fondren,Clear,Front to Rear,no,no,no,no,no,False
101061594,METROPOLITAN NASHVILLE POLICE DEPT,20151151779,Davidson,Not in City Limit,12/17/2015 5:01:00 PM,2,0,0,36.009520,-86.701680,US HWY 31 ALT,,,,0.00,,,BLUFF RD,,,,0.00,Y,Four-Way,N,Intersection,None,,,         ,Clyde,Stambaugh,Clear,Angle,no,no,no,no,no,False
101061596,METROPOLITAN NASHVILLE POLICE DEPT,20151151835,Davidson,Nashville,12/17/2015 5:32:00 PM,2,0,0,36.172480,-86.595100,STATE HWY 265,,,,0.00,,,TULIP GROVE RD,,,,0.00,Y,Four-Way, ,Intersection,None,,,         ,Codey,Mullins,Cloudy,Front to Rear,no,no,no,no,no,False
101061607,METROPOLITAN NASHVILLE POLICE DEPT,20151151838,Davidson,Nashville,12/17/2015 5:38:00 PM,4,1,0,36.127530,-86.843920,WOODLAWN DR,,,,0.00,,,US HWY 70S,,,,0.00,Y,Four-Way,N,Intersection,None,,,         ,Brandon,Rardin,Clear,Angle,no,no,no,no,no,False
101061608,METROPOLITAN NASHVILLE POLICE DEPT,20151151285,Davidson,Nashville,12/17/2015 2:29:00 PM,3,1,0,36.160710,-86.621010,I 40,,,,0.00,,,,,,,219.60,N,Not at Intersection,N,Non-Junction,None,,,         ,Shawn,Taylor,Clear,"Sideswipe, Same Direction",no,no,no,no,yes,False
101061609,METROPOLITAN NASHVILLE POLICE DEPT,20151151955,Davidson,Nashville,12/17/2015 5:30:00 PM,2,0,0,36.129750,-86.855000,STATE HWY 155,,,,175.00,Feet,West,BROOKWOOD TER,,,,0.00,N,Not at Intersection,N,Non-Junction,None,,,         ,Mark,Hatt,Clear,Front to Rear,no,no,no,no,no,False
101061614,METROPOLITAN NASHVILLE POLICE DEPT,20151152013,Davidson,Nashville,12/17/2015 6:27:00 PM,2,0,0,36.143140,-86.685230,I 40,,,,0.00,,,,,,,215.55,N,Not at Intersection, ,Non-Junction,None,,,         ,Colby,Mathis,Clear,Front to Rear,no,no,no,no,no,False
101061618,METROPOLITAN NASHVILLE POLICE DEPT,2015-1146536,Davidson,Nashville,12/16/2015 8:02:00 AM,2,0,0,36.096770,-86.654560,SMITH SPRINGS RD,,,,0.00,,,OLD MURFREESBORO PKE,,,,0.00,Y,Four-Way, ,Intersection,None,,,         ,Jeb,Johnston,Cloudy,Front to Rear,no,no,no,no,no,False
101061620,METROPOLITAN NASHVILLE POLICE DEPT,20151152088,Davidson,Nashville,12/17/2015 7:24:00 PM,2,0,0,36.082610,-86.727250,WELSHWOOD DR,,,,0.00,,,NOLENSVILLE PKE,,,,0.00,Y,T-Intersection,N,Intersection-Related,None,,,         ,Tien,Nguyen,Clear,Angle,no,no,no,no,no,False
101061630,METROPOLITAN NASHVILLE POLICE DEPT,2015-1147466,Davidson,Nashville,12/16/2015 1:47:00 PM,2,0,0,36.110240,-86.671340,DONELSON PKE,,,,201.00,Feet,North,KNAPP BLVD,,,,0.00,N,Not at Intersection, ,Non-Junction,None,,,         ,Jeb,Johnston,Cloudy,Front to Rear,no,no,no,no,no,False
101061639,METROPOLITAN NASHVILLE POLICE DEPT,20151132707,Davidson,Nashville,12/11/2015 5:01:00 PM,1,0,1,36.180590,-86.796350,ROSA L PARKS BLVD,,,,0.00,,,GARFIELD ST,,,,0.00,Y,Four-Way,N,Intersection,None,,,15-0854  ,William,Waters,Clear,Not Collision with Motor Vehicle in Transport,yes,no,no,no,no,False
101061646,METROPOLITAN NASHVILLE POLICE DEPT,20151152032,Davidson,Not in City Limit,12/17/2015 6:50:00 PM,2,0,0,36.078280,-86.950220,US HWY 70S,,,,169.00,Feet,East,CONNECTING ROAD,,,,0.00,N,Not at Intersection, ,,None,,,         ,Trent,Craig,,,no,no,no,no,no,False
101061648,METROPOLITAN NASHVILLE POLICE DEPT,20151152027,Davidson,Nashville,12/17/2015 7:24:00 PM,2,2,0,36.165030,-86.779820,4TH AVE N,,,,0.00,,,UNION ST,,,,0.00,Y,Four-Way,N,Intersection-Related,None,,,         ,Derek,Betty,Clear,Angle,no,no,no,no,no,False
101061649,METROPOLITAN NASHVILLE POLICE DEPT,20151151675,Davidson,Nashville,12/17/2015 4:44:00 PM,2,0,0,36.173200,-86.601420,CENTRAL PKE,,,,172.00,Feet,West,BURNING TREE DR,,,,0.00,N,Not at Intersection, ,,None,,,         ,Khalid,Abbady,,,no,no,no,no,no,False
101061650,METROPOLITAN NASHVILLE POLICE DEPT,20151151750,Davidson,Nashville,12/17/2015 5:09:00 PM,2,2,0,36.156770,-86.632360,STEWARTS FERRY PKE,,,,94.00,Feet,East,LAUER DR,,,,0.00,N,Not at Intersection,N,Non-Junction,None,,,         ,Khalid,Abbady,Clear,Front to Rear,yes,no,no,no,no,False
101061651,METROPOLITAN NASHVILLE POLICE DEPT,20151148099,Davidson,Nashville,12/16/2015 4:21:00 PM,2,0,0,36.050470,-86.647670,STATE HWY 254,,,,250.00,Feet,West,BELL FORGE LN E,,,,0.00,N,Not at Intersection,N,Non-Junction,None,,,         ,Joseph,Progar,Cloudy,Rear to Side,no,no,no,yes,yes,False
101061657,METROPOLITAN NASHVILLE POLICE DEPT,20151151903,Davidson,Nashville,12/17/2015 5:50:00 PM,2,0,0,36.207940,-86.767600,DICKERSON PKE,,,,123.00,Feet,South,GRIZZARD AV,,,,0.00,N,Not at Intersection,N,Non-Junction,None,,,         ,Leonard,Spadavecchia,Clear,"Sideswipe, Opposite Direction",no,no,no,no,yes,False
101061662,METROPOLITAN NASHVILLE POLICE DEPT,20151151937,Davidson,Nashville,12/17/2015 6:11:00 PM,1,1,0,36.148990,-86.782720,I 40,,,,0.00,,,,,,,209.70,N,Not at Intersection,N,Non-Junction,None,,,         ,Maria,Cortez,Clear,Not Collision with Motor Vehicle in Transport,no,no,no,no,no,False
101061676,METROPOLITAN NASHVILLE POLICE DEPT,20151151816,Davidson,Nashville,12/17/2015 5:30:00 PM,2,0,0,36.169070,-86.682330,US HWY 70,,,,0.00,,,FAIRWAY DR,,,,0.00,Y,Four-Way, ,Intersection-Related,None,,,         ,Leslie,Hale,Clear,"Sideswipe, Same Direction",no,no,no,no,no,False
101061677,METROPOLITAN NASHVILLE POLICE DEPT,20151152010,Davidson,Nashville,12/17/2015 6:29:00 PM,2,0,0,36.144820,-86.740070,I 40,,,,0.00,,,,,,,212.30,N,Not at Intersection, ,Non-Junction,None,,,         ,Leslie,Hale,Clear,"Sideswipe, Same Direction",no,no,no,no,no,False
101061678,METROPOLITAN NASHVILLE POLICE DEPT,20151152162,Davidson,Nashville,12/17/2015 6:10:00 PM,2,0,0,36.188480,-86.746300,GALLATIN AVE,,,,20.00,Feet,North,GRANADA AVE,,,,0.00,N,Not at Intersection,N,Non-Junction,None,,,         ,Ryan,Howard,Clear,Angle,no,no,no,no,no,False
101061682,BERRY HILL POLICE DEPT,15-4961,Davidson,Berry Hill,12/17/2015 7:12:00 PM,2,0,0,36.127890,-86.777650,FRANKLIN PKE,,,,150.00,Feet,North,MELPARK DR,,,,0.00,N,Not at Intersection, ,Non-Junction,None,,,         ,Greg,Colson,Clear,Front to Rear,no,no,no,no,no,False
101061687,VANDERBILT UNIVERSITY POLICE,15-1151920,Davidson,Nashville,12/17/2015 9:30:00 AM,2,0,0,36.142050,-86.805830,HIGHLAND AV,,,,0.00,,,,,,,0.00,,,N,Non-Junction,None,,,         ,Patrick,Conwell,Clear,"Sideswipe, Same Direction",no,no,no,yes,yes,Campus
101061688,METROPOLITAN NASHVILLE POLICE DEPT,20151151790,Davidson,Nashville,12/17/2015 5:20:00 PM,3,0,0,36.241150,-86.785440,I 24,,,,0.00,,,,,,,43.30,N,Not at Intersection,Y,Non-Junction,None,,,         ,Rodney,Phipps,Clear,Front to Rear,no,no,no,no,no,False
101061694,METROPOLITAN NASHVILLE POLICE DEPT,20151152252,Davidson,Nashville,12/17/2015 8:28:00 PM,2,0,0,36.137800,-86.820700,WEST END AV,,,,27.00,Feet,South,I440 W EXT RAMP,,,,0.00,N,Not at Intersection, ,,None,,,         ,Charles,Griffin,,,no,no,no,no,no,False
101061697,METROPOLITAN NASHVILLE POLICE DEPT,20151152137,Davidson,Nashville,12/17/2015 7:35:00 PM,2,2,0,36.089100,-86.649990,US HWY 41,,,,0.00,,,RANSOM PL,,,,0.00,Y,Four-Way,N,Intersection,None,,,         ,Rickie,Corman,Clear,Angle,no,no,no,no,no,False
101061699,METROPOLITAN NASHVILLE POLICE DEPT,20151151676,Davidson,Nashville,12/17/2015 4:46:00 PM,2,0,0,36.074720,-86.920100,US HWY 70S,,,,255.00,Feet,East,STATE HWY 251,,,,0.00,N,Not at Intersection, ,Non-Junction,None,,,         ,Michael,Russell,Clear,Front to Rear,no,no,no,no,no,False
101061702,METROPOLITAN NASHVILLE POLICE DEPT,20151151783,Davidson,Nashville,12/17/2015 5:18:00 PM,2,0,0,36.166530,-86.765930,INTERSTATE DR,,,,119.00,Feet,North,SHELBY AV,,,,0.00,N,Not at Intersection,N,Non-Junction,None,,,         ,Caleb,Rogan,Clear,HeadOn,no,no,no,no,no,False
101061720,METROPOLITAN NASHVILLE POLICE DEPT,20151151895,Davidson,Not in City Limit,12/17/2015 5:33:00 PM,2,0,0,36.262210,-86.712210,GALLATIN PKES,,,,0.00,,,E OLD HICKORY BLVD,,,,0.00,Y,Four-Way, ,Non-Junction,None,,,         ,Samuel,Miller,Clear,Front to Rear,no,no,no,no,yes,False
101061721,METROPOLITAN NASHVILLE POLICE DEPT,20151152346,Davidson,Nashville,12/17/2015 9:10:00 PM,2,0,0,36.143500,-86.794410,EDGEHILL AV,,,,0.00,,,17TH AVS,,,,0.00,Y,Four-Way,N,Intersection-Related,None,,,         ,Tien,Nguyen,Clear,Angle,no,no,no,no,no,Campus
101061731,METROPOLITAN NASHVILLE POLICE DEPT,20151151419,Davidson,Nashville,12/17/2015 3:04:00 PM,2,0,0,36.072610,-86.714990,WALES CT,,,,12.00,Feet,North,WALES DR,,,,0.00,N,Not at Intersection,N,Non-Junction,None,,,         ,William,Durham,Clear,Angle,no,no,no,no,no,False
101061737,METROPOLITAN NASHVILLE POLICE DEPT,20151152256,Davidson,Nashville,12/17/2015 9:09:00 PM,2,0,0,36.198890,-86.776080,I 65,,,,0.00,,,,,,,86.80,N,Not at Intersection, ,Non-Junction,None,,,         ,Kyle,Arndt,Clear,"Sideswipe, Same Direction",no,no,no,no,no,False
101061744,METROPOLITAN NASHVILLE POLICE DEPT,20151150023,Davidson,Not in City Limit,12/17/2015 12:00:00 AM,1,0,0,36.077250,-87.017590,EXIT 192,,,,0.00,,,I 40,,,,0.00,Y,T-Intersection,Y,Entrance/Exit Ramp Related,None,,,         ,Jackson,Smythe,Clear,Not Collision with Motor Vehicle in Transport,no,no,no,no,yes,False
101061747,METROPOLITAN NASHVILLE POLICE DEPT,20151151311,Davidson,Nashville,12/17/2015 2:43:00 PM,1,0,0,36.203970,-86.821120,BUENA VISTA PKE,,,,231.00,Feet,South,TUCKER RD,,,,0.00,N,Not at Intersection,N,Non-Junction,None,,,         ,Michael,Brooks,Clear,Not Collision with Motor Vehicle in Transport,no,no,no,no,no,False
101061748,METROPOLITAN NASHVILLE POLICE DEPT,20151151693,Davidson,Not in City Limit,12/17/2015 4:49:00 PM,2,0,0,36.257240,-86.830240,WHITES CREEK PKE,,,,500.00,Feet,South,WHITES CREEK FONTANEL GRNWY,,,,0.00,N,Not at Intersection,N,Non-Junction,None,,,         ,Michael,Brooks,Clear,Front to Rear,no,no,no,no,no,False
101061750,METROPOLITAN NASHVILLE POLICE DEPT,20151151950,Davidson,Nashville,12/17/2015 5:47:00 PM,2,0,0,36.170800,-86.801330,14TH AVN,,,,0.00,,,JEFFERSON ST,,,,0.00,Y,T-Intersection,N,Intersection,None,,,         ,Michael,Brooks,Clear,Front to Rear,no,no,no,no,yes,False
101061751,METROPOLITAN NASHVILLE POLICE DEPT,20151152228,Davidson,Nashville,12/17/2015 8:20:00 PM,2,0,0,36.183820,-86.797840,I65 N ENT RAMP,,,,0.00,,,ROSA L PARKS BLVD,,,,0.00,Y,OTHER, ,Intersection,None,,,         ,Michael,Brooks,Clear,"Sideswipe, Same Direction",no,no,no,no,no,False
101061765,VANDERBILT UNIVERSITY POLICE,15-1150188,Davidson,Nashville,12/17/2015 6:38:00 AM,2,0,0,36.138220,-86.807140,BLAKEMORE AV,,,,0.00,,,25TH AVS,,,,0.00,Y,T-Intersection, ,Intersection,None,,,         ,Joshua,Malone,Clear,Front to Rear,no,no,no,no,no,Campus
101061770,METROPOLITAN NASHVILLE POLICE DEPT,20151149991,Davidson,Not in City Limit,12/17/2015 5:00:00 AM,2,0,0,36.277030,-86.847880,OLD HICKORY BLVD,,,,763.00,Feet,West,SHELLBARK DR,,,,0.00,N,Not at Intersection,N,Non-Junction,None,,,         ,Eric,Mumaw,Clear,Other,no,no,no,no,no,False
101061773,METROPOLITAN NASHVILLE POLICE DEPT,20151152611,Davidson,Nashville,12/17/2015 11:11:00 PM,1,0,0,36.072770,-86.621680,LUANN DR,,,,224.00,Feet,West,LUANN CT,,,,0.00,N,Not at Intersection,N,Non-Junction,None,,,         ,Erik,Dabbs,Clear,Not Collision with Motor Vehicle in Transport,no,no,no,no,yes,False
101061790,METROPOLITAN NASHVILLE POLICE DEPT,20151144731,Davidson,Nashville,12/15/2015 7:39:00 PM,3,2,0,36.124990,-86.847610,STATE HWY 155,,,,0.00,,,US HWY 70S,,,,0.00,Y,Four-Way,Y,Intersection,None,,,         ,Michael,Hunnicutt,Clear,Angle,no,no,no,no,no,False
101061801,METROPOLITAN NASHVILLE POLICE DEPT,2015-1149962,Davidson,Nashville,12/17/2015 5:23:00 AM,2,0,0,36.234760,-86.785510,I 24,,,,0.00,,,,,,,43.80,N,Not at Intersection, ,Non-Junction,None,,,         ,Jonathan,Seidl,Clear,"Sideswipe, Same Direction",no,no,no,no,no,False
101061808,METROPOLITAN NASHVILLE POLICE DEPT,20151153058,Davidson,Nashville,12/18/2015 2:35:00 AM,2,0,0,36.147360,-86.743830,I 40,,,,0.00,,,,,,,212.00,N,Not at Intersection, ,Non-Junction,None,,,         ,Benjamin,Cole,Clear,"Sideswipe, Same Direction",no,no,no,no,no,False
101061809,METROPOLITAN NASHVILLE POLICE DEPT,2015-1152863,Davidson,Nashville,12/17/2015 11:25:00 PM,2,0,0,36.068580,-86.585090,SMITH SPRINGS,PKWY,,,0.00,,,HOBSON,PIKE,SR,,0.00,Y,Four-Way,Y,Intersection-Related,None,,,         ,Barrett,Teague,Clear,Angle,no,no,no,no,no,False
101061816,METROPOLITAN NASHVILLE POLICE DEPT,20151153096,Davidson,Nashville,12/18/2015 2:58:00 AM,1,0,0,36.086830,-86.695940,S PERIMETER PARK DR,,,,0.00,,,STATE HWY 255,,,,0.00,Y,Four-Way,N,Non-Junction,None,,,         ,Steven,Williams,Clear,Not Collision with Motor Vehicle in Transport,no,no,no,no,no,False
101061826,METROPOLITAN NASHVILLE POLICE DEPT,2015-1146750,Davidson,Nashville,12/16/2015 9:49:00 AM,2,0,0,36.145220,-86.751590,MURFREESBORO PKE,,,,299.00,Feet,East,LESTER AV,,,,0.00,N,Not at Intersection, ,Non-Junction,None,,,         ,Jeb,Johnston,,Front to Rear,no,no,no,no,no,False
101061828,METROPOLITAN NASHVILLE POLICE DEPT,2015-1146263,Davidson,Nashville,12/16/2015 6:27:00 AM,2,1,0,36.178980,-86.603760,HERMITAGE WOODS DR,,,,24.00,Feet,North,RAINTREE PL,,,,0.00,N,Not at Intersection,N,Non-Junction,None,,,         ,Jeb,Johnston,Cloudy,"Sideswipe, Same Direction",no,no,no,no,no,False
101061831,METROPOLITAN NASHVILLE POLICE DEPT,20151153182,Davidson,Nashville,12/18/2015 2:56:00 AM,2,1,0,36.166370,-86.780700,4TH AVE N,,,,0.00,,,CHARLOTTE AVE,,,,0.00,Y,Four-Way,Y,Intersection,None,,,         ,Brian,Smith,Clear,Angle,no,no,no,no,no,False
101061834,METROPOLITAN NASHVILLE POLICE DEPT,20151149762,Davidson,Nashville,12/17/2015 3:30:00 AM,1,0,0,36.233690,-86.784920,I 24,,,,0.00,,,,,,,43.85,N,Not at Intersection,N,Non-Junction,None,,,         ,Peter,Lynch,Clear,Not Collision with Motor Vehicle in Transport,no,no,no,no,no,False
101061846,METROPOLITAN NASHVILLE POLICE DEPT,20151134421,Davidson,Nashville,12/12/2015 5:45:00 AM,2,0,0,36.186980,-86.795250,-- UNKNOWN RAMP/ROAD --,,,,0.00,,,I 65,,,,0.00,Y,OTHER, ,Entrance/Exit Ramp Related,None,,,         ,Matthew,Lachance,Clear,"Sideswipe, Same Direction",no,no,no,no,no,False
101061847,METROPOLITAN NASHVILLE POLICE DEPT,20151153178,Davidson,Nashville,12/18/2015 3:43:00 AM,1,0,0,36.233130,-86.701550,BRILEY PKWYW,,,,0.98,Miles,North,BRILEY PKWY N ENT RAMP,,,,0.00,N,Not at Intersection,N,Non-Junction,None,,,         ,Patrick,Taylor,Clear,Not Collision with Motor Vehicle in Transport,no,no,no,no,no,False
101061852,METROPOLITAN NASHVILLE POLICE DEPT,20151153376,Davidson,Nashville,12/18/2015 5:48:00 AM,2,0,0,36.176580,-86.770320,SPRING ST,,,,0.00,,,DICKERSON PKE,,,,0.00,Y,OTHER, ,Intersection-Related,None,,,         ,Joshua,Lefler,Clear,Front to Rear,no,no,no,no,no,False
101061861,METROPOLITAN NASHVILLE POLICE DEPT,2015-1150338,Davidson,Nashville,12/17/2015 8:25:00 AM,3,1,0,36.183180,-86.773870,GRACE ST,,,,0.00,,,DICKERSON PKE,,,,0.00,Y,T-Intersection,N,Intersection,None,,,         ,Coleman,Womack,Clear,Front to Rear,no,no,no,no,no,False
101061862,METROPOLITAN NASHVILLE POLICE DEPT,2015-1153453,Davidson,Nashville,12/18/2015 6:47:00 AM,2,0,0,36.088490,-86.611570,SMITH SPRINGS RD,,,,545.00,Feet,West,OLD SMITH SPRINGS RD,,,,0.00,N,Not at Intersection, ,Non-Junction,None,,,         ,Jeb,Johnston,Cloudy,Front to Rear,no,no,no,no,no,False
101061867,METROPOLITAN NASHVILLE POLICE DEPT,2015-1151255,Davidson,Nashville,12/17/2015 2:12:00 PM,2,0,0,36.186170,-86.633680,LEBANON PKE,,,,330.00,Feet,North,STONES RIVER GRNWY,,,,0.00,N,Not at Intersection,N,Non-Junction,None,,,         ,Jeb,Johnston,Clear,Front to Rear,no,no,no,no,no,False
101061868,METROPOLITAN NASHVILLE POLICE DEPT,20151135081,Davidson,Nashville,12/12/2015 12:30:00 PM,2,0,0,36.190580,-86.753730,MCFERRIN AVE,,,,0.00,,,SHARPE AVE,,,,0.00,Y,T-Intersection, ,Intersection,None,,,         ,Martin,Gonzalez,Cloudy,HeadOn,no,no,no,no,no,False
101061871,METROPOLITAN NASHVILLE POLICE DEPT,20151153465,Davidson,Nashville,12/18/2015 7:00:00 AM,2,0,0,36.036900,-86.645470,I 24,,,,0.00,,,,,,,60.35,N,Not at Intersection,N,Non-Junction,None,,,         ,Kenneth,Alexandrow,Clear,Front to Rear,no,no,no,no,no,False
101061882,METROPOLITAN NASHVILLE POLICE DEPT,2015-1153462,Davidson,Nashville,12/18/2015 6:41:00 AM,2,0,0,36.146790,-86.766630,MILDRED SHUTE AV,,,,0.00,,,3RD AVS,,,,0.00,Y,Four-Way, ,Intersection,None,,,         ,William,Whitworth,Cloudy,Angle,no,no,no,no,no,False
101061886,METROPOLITAN NASHVILLE POLICE DEPT,20151153527,Davidson,Nashville,12/18/2015 7:28:00 AM,2,0,0,36.187620,-86.794760,I 65,,,,0.00,,,,,,,85.40,N,Not at Intersection, ,Non-Junction,None,,,         ,Charles,Ward,Clear,"Sideswipe, Same Direction",no,no,no,no,no,False
101061899,METROPOLITAN NASHVILLE POLICE DEPT,2015-1153678,Davidson,Nashville,12/18/2015 8:44:00 AM,1,0,0,36.133080,-86.870850,HILLWOOD BLVD,,,,271.00,Feet,West,KENDALL DR,,,,0.00,N,Not at Intersection, ,,None,,,         ,Curtis,Rich,,,no,no,no,no,no,False
101061902,METROPOLITAN NASHVILLE POLICE DEPT,20151150960,Davidson,Nashville,12/17/2015 12:12:00 PM,3,0,0,36.138360,-86.775950,I 65,,,,0.00,,,,,,,81.70,N,Not at Intersection,N,Non-Junction,None,,,         ,John,Daugherty,Clear,Not Collision with Motor Vehicle in Transport,no,no,no,no,no,False
101061906,METROPOLITAN NASHVILLE POLICE DEPT,20151153669,Davidson,Nashville,12/18/2015 9:04:00 AM,2,0,0,36.176330,-86.785540,3RD AVN,,,,0.00,,,MADISON ST,,,,0.00,Y,Four-Way, ,Intersection,Construction Zone,,,         ,Michael,Johnson,Cloudy,Angle,no,no,no,no,no,False
101061916,METROPOLITAN NASHVILLE POLICE DEPT,20151153733,Davidson,Nashville,12/18/2015 8:56:00 AM,2,0,0,36.078090,-86.837650,US HWY 431,,,,307.00,Feet,South,TYNE BLVD,,,,0.00,N,Not at Intersection, ,Non-Junction,None,,,         ,James,Smith,Cloudy,Front to Rear,no,no,no,no,no,False
101061924,METROPOLITAN NASHVILLE POLICE DEPT,20151153633,Davidson,Nashville,12/18/2015 8:15:00 AM,2,0,0,36.130340,-86.741790,FOSTER AVE,,,,186.00,Feet,North,CADEN DR,,,,0.00,N,Not at Intersection,N,Non-Junction,None,,,         ,Ian,Hammond,Cloudy,Front to Rear,no,no,no,no,no,False
101061938,METROPOLITAN NASHVILLE POLICE DEPT,20151153846,Davidson,Nashville,12/18/2015 12:00:00 AM,2,0,0,36.163870,-86.782570,UNION ST,,,,97.00,Feet,West,6TH AVE N,,,,0.00,N,Not at Intersection, ,Non-Junction,None,,,         ,Michael,Dance,Cloudy,"Sideswipe, Same Direction",no,no,no,no,no,False
101061940,METROPOLITAN NASHVILLE POLICE DEPT,20151153506,Davidson,Nashville,12/18/2015 7:20:00 AM,2,0,0,36.130480,-86.741790,FOSTER AV,,,,0.00,,,TPS COMPLEX PVTDR,,,,0.00,Y,T-Intersection,N,"Driveway, Alley Access, etc",None,,,         ,Todd,Watson,Cloudy,Front to Rear,no,no,no,no,no,False
101061942,METROPOLITAN NASHVILLE POLICE DEPT,20151151030,Davidson,Nashville,12/17/2015 12:44:00 PM,2,0,0,36.139910,-86.776270,I 65,,,,0.00,,,,,,,81.80,N,Not at Intersection, ,Non-Junction,None,,,         ,Darrell,Osment,Clear,Front to Rear,no,no,no,no,no,False
101061966,METROPOLITAN NASHVILLE POLICE DEPT,2015-1150781,Davidson,Nashville,12/17/2015 11:00:00 AM,2,0,0,36.208430,-86.767270,QUEEN AV,,,,0.00,,,DICKERSON PKE,,,,0.00,Y,T-Intersection,N,Non-Junction,None,,,         ,Coleman,Womack,Clear,Angle,no,no,no,no,no,False