master_record_number,agency,agency_tracking_number,county,city,collision_date,vehicles_involved,number_injured,number_dead,latitude,longitude,roadway_name,roadway_suffix,roadway_number,roadway_local_id,distance_from_reference,miles-feet_indicator,direction_from_reference,intersection_road_name,intersection_road_name_suffix,intersection_road_number,intersection_local_id,mile_marker,intersection_indicator,intersect_type,interchange_related_indicator,relation_to_junction,work_zone_type,construction_maintenance_zone,construction_maintenance_zone_location,fatal_case_number,officer_first_name,officer_last_name,weather_condition(s),manner_of_crash,pedestrian,bicycle,scooter,parking,hitrun,mou
101061973,METROPOLITAN NASHVILLE POLICE DEPT,20151153883,Davidson,Nashville,12/18/2015 9:45:00 AM,2,0,0,36.226050,-86.777590,I65 S ENT RAMP,,,,0.00,,East,I 65,,,,0.00,N,Not at Intersection, ,Non-Junction,Construction Zone,,,         ,Earnest,Fields,Cloudy,Angle,no,no,no,no,no,False
101061976,METROPOLITAN NASHVILLE POLICE DEPT,20151147522,Davidson,Nashville,12/16/2015 1:52:00 PM,2,0,0,36.214690,-86.775470,I 65,,,,0.00,,,,,,,87.90,N,Not at Intersection, ,Non-Junction,Construction Zone,,,         ,Michael,McCord,Rain,"Sideswipe, Same Direction",no,no,no,no,no,False
101061982,METROPOLITAN NASHVILLE POLICE DEPT,2015-1154010,Davidson,Nashville,12/18/2015 10:49:00 AM,2,1,0,36.096330,-86.873830,STATE HWY 100,,,,152.00,Feet,North,GILMAN AVE,,,,0.00,N,Not at Intersection,N,Non-Junction,None,,,         ,Walter,Gray II,Cloudy,Front to Rear,no,no,no,no,no,False
101061990,METROPOLITAN NASHVILLE POLICE DEPT,20151153918,Davidson,Nashville,12/18/2015 10:06:00 AM,2,0,0,36.196470,-86.776110,I 65,,,,0.00,,,,,,,86.60,N,Not at Intersection, ,Non-Junction,None,,,         ,Michael,McCord,Cloudy,Front to Rear,no,no,no,no,no,False
101061998,METROPOLITAN NASHVILLE POLICE DEPT,20151154088,Davidson,Nashville,12/18/2015 11:08:00 AM,2,0,0,36.245890,-86.778630,CHESAPEAKE DR,,,,55.00,Feet,East,CHESAPEAKE PL,,,,0.00,N,Not at Intersection,N,Non-Junction,None,,,         ,Jordan,Lowry,Cloudy,Front to Rear,no,no,no,no,no,False
101062003,METROPOLITAN NASHVILLE POLICE DEPT,2015-1154134,Davidson,Nashville,12/18/2015 11:30:00 AM,2,0,0,36.092790,-86.841280,HARDING PL,,,,448.00,Feet,West,ESTES RD,,,,0.00,N,Not at Intersection,N,Non-Junction,None,,,         ,Curtis,Rich,Cloudy,Front to Rear,no,no,no,no,no,False
101062007,METROPOLITAN NASHVILLE POLICE DEPT,20151153847,Davidson,Nashville,12/18/2015 9:41:00 AM,3,0,0,36.194650,-86.776180,I 65,,,,0.00,,,,,,,86.50,N,Not at Intersection,N,Non-Junction,None,,,         ,Justin,Fox,Cloudy,Front to Rear,no,no,no,no,no,False
101062013,METROPOLITAN NASHVILLE POLICE DEPT,20151148326,Davidson,Nashville,12/16/2015 8:02:00 PM,2,0,0,36.069900,-86.698810,EAST RIDGE DR,,,,47.00,Feet,South,HAYWOOD LN,,,,0.00,N,Not at Intersection, ,Non-Junction,None,,,         ,Jared,Jenkins,Clear,Front to Rear,no,no,no,no,no,False
101062023,METROPOLITAN NASHVILLE POLICE DEPT,2015-1153762,Davidson,Nashville,12/18/2015 9:02:00 AM,1,0,0,36.046170,-86.660790,I24 E EXT RAMP,,,,0.00,,,I 24,,,,0.00,Y,Y-Intersection,Y,Entrance/Exit Ramp Related,None,,,         ,William,Whitworth,Cloudy,Not Collision with Motor Vehicle in Transport,no,no,no,no,no,False
101062028,METROPOLITAN NASHVILLE POLICE DEPT,2015-1154183,Davidson,Nashville,12/18/2015 11:18:00 AM,2,0,0,36.108480,-86.814780,GREEN HILLS VILLAGE DR,,,,421.00,Feet,South,HILLSBORO PKE,,,,0.00,N,Not at Intersection,N,Non-Junction,None,,,         ,Paul,Junkmann,Cloudy,"Sideswipe, Opposite Direction",no,no,no,yes,yes,False
101062040,METROPOLITAN NASHVILLE POLICE DEPT,2015-1154321,Davidson,Nashville,12/18/2015 12:38:00 PM,2,0,0,36.121680,-86.807300,-- UNKNOWN RAMP/ROAD --,,,,0.00,,,US HWY 431,,,,0.00,Y,OTHER, ,Entrance/Exit Ramp Related,None,,,         ,Walter,Gray II,Cloudy,"Sideswipe, Same Direction",no,no,no,no,no,False
101062043,METROPOLITAN NASHVILLE POLICE DEPT,20151153944,Davidson,Not in City Limit,12/18/2015 10:20:00 AM,1,0,0,36.272980,-86.689500,MYATT DR,,,,312.00,Feet,North,ANDERSON LN,,,,0.00,N,Not at Intersection, ,Non-Junction,None,,,         ,Melvin,Brown III,Clear,Not Collision with Motor Vehicle in Transport,yes,no,no,no,no,False
101062044,METROPOLITAN NASHVILLE POLICE DEPT,2015-1154359,Davidson,Nashville,12/18/2015 12:55:00 PM,2,0,0,36.078350,-86.909070,US HWY 70S,,,,33.00,Feet,West,ERIN LN,,,,0.00,N,Not at Intersection,N,Non-Junction,None,,,         ,Curtis,Rich,Cloudy,Front to Rear,no,no,no,no,no,False
101062045,METROPOLITAN NASHVILLE POLICE DEPT,20151154072,Davidson,Nashville,12/18/2015 10:06:00 AM,3,0,0,36.196470,-86.776110,I 65,,,,0.00,,,,,,,86.60,N,Not at Intersection,Y,Non-Junction,None,,,         ,Michael,McCord,Cloudy,Front to Rear,no,no,no,no,no,False
101062050,METROPOLITAN NASHVILLE POLICE DEPT,20151154080,Davidson,Not in City Limit,12/18/2015 11:05:00 AM,2,0,0,36.282280,-86.713890,CONNARE DR,,,,0.00,,,APPLE VALLEY RD,,,,0.00,Y,Four-Way,N,Intersection,None,,,         ,Daniel,Garrett,Clear,Angle,no,no,no,no,no,False
101062059,METROPOLITAN NASHVILLE POLICE DEPT,20151154327,Davidson,Nashville,12/18/2015 12:39:00 PM,2,0,0,0.000000,0.000000,EDMONDSON PIKE,PIKE,,,0.10,Miles,East,HOLT RD,RD,,,0.00,N,Not at Intersection,N,Non-Junction,None,,,         ,Marc,Haugen,Clear,"Sideswipe, Opposite Direction",no,no,no,no,yes,False
101062060,METROPOLITAN NASHVILLE POLICE DEPT,20151147225,Davidson,Nashville,12/16/2015 12:15:00 PM,1,0,0,36.180040,-86.640460,POLO PARK APT PVTDR,,,,76.00,Feet,West,JACKSON DOWNS BLVD,,,,0.00,N,Not at Intersection,N,Unknown,None,,,         ,Larry,Benz,Clear,Not Collision with Motor Vehicle in Transport,no,no,no,yes,no,False
101062061,METROPOLITAN NASHVILLE POLICE DEPT,20151153718,Davidson,Nashville,12/18/2015 8:50:00 AM,2,0,0,36.152320,-86.848580,51ST AVE N,,,,132.00,Feet,North,US HWY 70,,,,0.00,N,Not at Intersection,N,Non-Junction,None,,,         ,Corteze,Armstrong,Cloudy,Angle,no,no,no,no,no,False
101062063,METROPOLITAN NASHVILLE POLICE DEPT,20151144143,Davidson,Nashville,12/15/2015 4:37:00 PM,2,0,0,36.183670,-86.798490,I 65,,,,0.00,,,,,,,85.30,N,Not at Intersection, ,Entrance/Exit Ramp Related,None,,,         ,Dontaveous,Eubanks,Clear,Front to Rear,no,no,no,no,no,False
101062065,METROPOLITAN NASHVILLE POLICE DEPT,20151154260,Davidson,Nashville,12/18/2015 12:38:00 PM,1,0,0,36.065320,-86.685430,I 24,,,,0.00,,,,,,,57.35,N,Not at Intersection, ,Non-Junction,None,,,         ,Jessie,Meadows,Clear,Not Collision with Motor Vehicle in Transport,no,no,no,no,no,False
101062066,METROPOLITAN NASHVILLE POLICE DEPT,2015-1154087,Davidson,Nashville,12/18/2015 11:11:00 AM,2,0,0,36.131750,-86.895660,US HWY 70,,,,52.00,Feet,West,RAMP,,,,0.00,N,Not at Intersection, ,Non-Junction,None,,,         ,Brandon,Wood,Clear,Front to Rear,no,no,no,no,no,False
101062068,METROPOLITAN NASHVILLE POLICE DEPT,20151154245,Davidson,Nashville,12/18/2015 12:15:00 PM,2,1,0,36.131540,-86.896420,CHARLOTTE PKE,,,,34.00,Feet,West,I40 E EXT RAMP,,,,0.00,N,Not at Intersection,N,Non-Junction,None,,,         ,Charles,Boles,Clear,Front to Rear,no,no,no,no,no,False
101062112,METROPOLITAN NASHVILLE POLICE DEPT,20151151764,Davidson,Nashville,12/17/2015 5:13:00 PM,2,0,0,36.079910,-86.726430,NOLENSVILLE PKE,,,,117.00,Feet,North,HARDING PL,,,,0.00,N,Not at Intersection,N,Non-Junction,None,,,         ,William,Durham,Clear,Front to Rear,no,no,no,no,yes,False
101062113,METROPOLITAN NASHVILLE POLICE DEPT,20151152023,Davidson,Nashville,12/17/2015 5:40:00 PM,2,0,0,36.056720,-86.676190,I 24,,,,0.00,,,,,,,58.15,N,Not at Intersection,N,Non-Junction,None,,,         ,William,Durham,Clear,"Sideswipe, Same Direction",no,no,no,no,yes,False
101062152,METROPOLITAN NASHVILLE POLICE DEPT,20151154490,Davidson,Nashville,12/18/2015 12:00:00 AM,2,0,0,36.140550,-86.723550,I 40,,,,0.00,,,,,,,213.50,N,Not at Intersection, ,Non-Junction,None,,,         ,Jeffrey,Barfield,Clear,Front to Rear,no,no,no,no,no,False
101062158,METROPOLITAN NASHVILLE POLICE DEPT,20151154551,Davidson,Nashville,12/18/2015 2:04:00 PM,2,0,0,36.141620,-86.815930,32ND AVE S,,,,156.00,Feet,South,US HWY 70S,,,,0.00,N,Not at Intersection, ,Non-Junction,None,,,         ,Clyde,Stambaugh,Clear,Rear to Side,no,no,no,no,no,Campus
101062164,METROPOLITAN NASHVILLE POLICE DEPT,20151154621,Davidson,Nashville,12/18/2015 3:07:00 PM,2,0,0,36.141480,-86.776540,I 65,,,,0.00,,,,,,,81.90,N,Not at Intersection,N,Non-Junction,None,,,         ,Mekisha,Page,Clear,Front to Rear,no,no,no,no,no,False
101062169,METROPOLITAN NASHVILLE POLICE DEPT,20151154578,Davidson,Nashville,12/18/2015 2:52:00 PM,2,3,0,36.118670,-86.796300,BELMONT BLVD,,,,48.00,Feet,South,CLAYTON AV,,,,0.00,N,Not at Intersection,N,Non-Junction,None,,,         ,Nicholas,Smith,Clear,Angle,no,no,no,no,no,False
101062171,METROPOLITAN NASHVILLE POLICE DEPT,20151154616,Davidson,Nashville,12/18/2015 12:00:00 AM,2,0,0,36.140750,-86.726810,I 40,,,,0.00,,,,,,,213.30,N,Not at Intersection, ,Non-Junction,None,,,         ,Jeffrey,Barfield,Clear,"Sideswipe, Same Direction",no,no,no,no,yes,False
101062173,BERRY HILL POLICE DEPT,15-4972,Davidson,Berry Hill,12/18/2015 2:32:00 PM,2,0,0,36.122410,-86.775810,FRANKLIN PKE,,,,0.00,,,HORNER AV,,,,0.00,Y,T-Intersection,N,Intersection,None,,,         ,Roy,Morris,Clear,Angle,no,no,no,no,no,False
101062174,METROPOLITAN NASHVILLE POLICE DEPT,20151154742,Davidson,Nashville,12/18/2015 3:42:00 PM,2,0,0,36.144160,-86.698050,I 40,,,,0.00,,,,,,,214.85,N,Not at Intersection, ,Non-Junction,None,,,         ,Michael,Apsey,Clear,Front to Rear,no,no,no,no,no,False
101062175,METROPOLITAN NASHVILLE POLICE DEPT,2015-1154670,Davidson,Nashville,12/18/2015 2:46:00 PM,2,0,0,36.130220,-86.802060,US HWY 431,,,,66.00,Feet,South,BLAIR BLVD,,,,0.00,N,Not at Intersection,N,Non-Junction,None,,,         ,Austin,Kendrick,Clear,Front to Rear,no,no,no,no,no,False
101062182,METROPOLITAN NASHVILLE POLICE DEPT,20151154791,Davidson,Nashville,12/18/2015 4:04:00 PM,2,0,0,36.167140,-86.787130,JAMES ROBERTSON PKWY,,,,0.00,,,ROSA L PARKS BLVD,,,,0.00,Y,T-Intersection, ,Intersection-Related,None,,,         ,Mikala,Moore,Clear,"Sideswipe, Same Direction",no,no,no,no,no,False
101062195,METROPOLITAN NASHVILLE POLICE DEPT,20151154669,Davidson,Nashville,12/18/2015 2:02:00 PM,2,0,0,36.151080,-86.796410,BROADWAY,,,,0.00,,,19TH AVS,,,,0.00,Y,Four-Way, ,Intersection-Related,None,,,         ,Maria,Cortez,Clear,Angle,no,no,no,no,no,False
101062200,METROPOLITAN NASHVILLE POLICE DEPT,20151154823,Davidson,Nashville,12/18/2015 4:00:00 PM,2,0,0,36.144270,-86.695220,I 40,,,,0.00,,,,,,,215.00,N,Not at Intersection, ,Non-Junction,None,,,         ,Tyler,Conrads,Clear,Front to Rear,no,no,no,no,no,False
101062204,METROPOLITAN NASHVILLE POLICE DEPT,20151154731,Davidson,Not in City Limit,12/18/2015 3:50:00 PM,2,0,0,36.261260,-86.712230,MAPLE ST,,,,88.00,Feet,East,GALLATIN PKES,,,,0.00,N,Not at Intersection, ,Non-Junction,None,,,         ,Lawrence,Lacy,Clear,Angle,no,no,no,no,no,False
101062206,METROPOLITAN NASHVILLE POLICE DEPT,20151154745,Davidson,Nashville,12/18/2015 3:50:00 PM,2,0,0,36.124990,-86.847610,STATE HWY 155,,,,0.00,,,US HWY 70S,,,,0.00,Y,Four-Way, ,,None,,,         ,Brandon,Rardin,,,no,no,no,no,no,False
101062207,METROPOLITAN NASHVILLE POLICE DEPT,20151154487,Davidson,Nashville,12/18/2015 2:00:00 PM,2,1,0,36.068430,-86.708390,HAYWOOD LN,,,,39.00,Feet,East,HAYWOOD CTN,,,,0.00,N,Not at Intersection,N,Non-Junction,None,,,         ,Jessie,Meadows,Clear,Angle,no,no,no,no,no,False
101062209,METROPOLITAN NASHVILLE POLICE DEPT,20151154720,Davidson,Not in City Limit,12/18/2015 3:16:00 PM,2,0,0,36.272100,-86.689010,ANDERSON LN,,,,161.00,Feet,East,MYATT DR,,,,0.00,N,Not at Intersection, ,Non-Junction,None,,,         ,Byron,Dewalt,Clear,Front to Rear,no,no,no,no,no,False
101062211,METROPOLITAN NASHVILLE POLICE DEPT,20151154479,Davidson,Nashville,12/18/2015 1:45:00 PM,3,0,0,36.132650,-86.727160,I 24,,,,0.00,,,,,,,52.00,N,Not at Intersection,N,Non-Junction,None,,,         ,Todd,Watson,Cloudy,Front to Rear,no,no,no,no,no,False
101062215,METROPOLITAN NASHVILLE POLICE DEPT,20151154554,Davidson,Nashville,12/18/2015 1:41:00 PM,2,0,0,36.110940,-86.745220,THOMPSON LN,,,,0.00,,,NOLENSVILLE PKE,,,,0.00,Y,Four-Way, ,Intersection,None,,,         ,Jacob,Crouch,Clear,Front to Rear,no,no,no,no,yes,False
101062216,METROPOLITAN NASHVILLE POLICE DEPT,20151154879,Davidson,Nashville,12/18/2015 4:28:00 PM,2,0,0,36.115940,-86.794600,I 440,,,,0.00,,,,,,,3.70,N,Not at Intersection, ,Non-Junction,None,,,         ,Nicholas,Smith,Clear,Front to Rear,no,no,no,no,no,False
101062217,METROPOLITAN NASHVILLE POLICE DEPT,20151154798,Davidson,Nashville,12/18/2015 1:50:00 PM,2,0,0,36.111070,-86.747350,STATE HWY 155,,,,0.00,,,LOUISE DR,,,,0.00,Y,Four-Way, ,Intersection,None,,,         ,Clyde,Stambaugh,Clear,Angle,no,no,no,no,no,False
101062221,METROPOLITAN NASHVILLE POLICE DEPT,20151154559,Davidson,Nashville,12/18/2015 2:20:00 PM,2,0,0,36.215260,-86.589110,LEBANON PKE,,,,183.00,Feet,West,BIG HORN DR,,,,0.00,N,Not at Intersection,N,Non-Junction,None,,,         ,Shawn,Taylor,Clear,"Sideswipe, Same Direction",no,no,no,no,no,False
101062222,METROPOLITAN NASHVILLE POLICE DEPT,20151154896,Davidson,Nashville,12/18/2015 4:35:00 PM,2,1,0,36.214610,-86.604660,SHUTE LN,,,,0.00,,,LEBANON PKE,,,,0.00,Y,T-Intersection,N,Intersection-Related,None,,,         ,Shawn,Taylor,Clear,Front to Rear,no,no,no,no,no,False
101062223,BERRY HILL POLICE DEPT,15-4973,Davidson,Berry Hill,12/18/2015 4:00:00 PM,2,0,0,36.125080,-86.765880,BRANSFORD AV,,,,0.00,,,ROSEDALE AV,,,,0.00,Y,T-Intersection, ,Intersection,None,,,         ,Monty,Sands,Clear,Front to Rear,no,no,no,no,no,False
101062239,METROPOLITAN NASHVILLE POLICE DEPT,20151154689,Davidson,Nashville,12/18/2015 3:28:00 PM,2,0,0,36.182850,-86.761240,ELLINGTON PKWYN,,,,165.00,Feet,South,ELLINGTON PKWY N EXT RAMP,,,,0.00,N,Not at Intersection,N,Non-Junction,None,,,         ,Leonard,Spadavecchia,Clear,Not Collision with Motor Vehicle in Transport,no,no,no,no,yes,False
101062244,METROPOLITAN NASHVILLE POLICE DEPT,20151154915,Davidson,Nashville,12/18/2015 4:35:00 PM,3,0,0,36.034400,-86.743560,EDMONDSON PKE,,,,0.00,,,FRONTIER LN,,,,0.00,Y,Four-Way, ,Intersection,None,,,         ,Royce,McLester,Clear,Front to Rear,no,no,no,no,no,False
101062249,METROPOLITAN NASHVILLE POLICE DEPT,20151155105,Davidson,Nashville,12/18/2015 5:30:00 PM,2,0,0,36.142330,-86.666470,-- UNKNOWN RAMP/ROAD --,,,,0.00,,,I 40,,,,0.00,Y,Four-Way, ,Intersection,None,,,         ,Tyler,Conrads,Clear,Front to Rear,no,no,no,no,no,False
101062250,METROPOLITAN NASHVILLE POLICE DEPT,2015-1154970,Davidson,Nashville,12/18/2015 4:24:00 PM,2,0,0,36.125790,-86.805120,US HWY 431,,,,56.00,Feet,South,SWEETBRIAR AVE,,,,0.00,N,Not at Intersection,N,Non-Junction,None,,,         ,Austin,Kendrick,Clear,Angle,no,no,no,no,yes,False
101062252,METROPOLITAN NASHVILLE POLICE DEPT,2015-1154461,Davidson,Nashville,12/18/2015 1:47:00 PM,2,2,0,36.161220,-86.874760,JAMES AVE,,,,312.00,Feet,West,CROLEY DR,,,,0.00,N,Not at Intersection,N,Non-Junction,None,,,         ,Walter,Gray II,Cloudy,Angle,no,no,no,no,no,False
101062253,METROPOLITAN NASHVILLE POLICE DEPT,2015-1154615,Davidson,Nashville,12/18/2015 3:07:00 PM,2,1,0,36.134600,-86.888300,US HWY 70,,,,85.00,Feet,West,W HILLWOOD DR,,,,0.00,N,Not at Intersection,N,"Driveway, Alley Access, etc",None,,,         ,Walter,Gray II,Clear,Angle,no,no,no,no,no,False
101062257,METROPOLITAN NASHVILLE POLICE DEPT,20151155126,Davidson,Nashville,12/18/2015 5:35:00 PM,2,0,0,36.229330,-86.759290,DICKERSON PKE,,,,20.00,Feet,South,BROADMOOR DR,,,,0.00,N,Not at Intersection, ,Non-Junction,None,,,         ,Charles,Wakefield,Clear,Front to Rear,no,no,no,no,no,False
101062258,METROPOLITAN NASHVILLE POLICE DEPT,20151155181,Davidson,Nashville,12/18/2015 5:21:00 PM,2,0,0,36.124010,-86.828440,WOODLAWN DR,,,,436.00,Feet,East,LYNNBROOK RD,,,,0.00,N,Not at Intersection, ,Non-Junction,None,,,         ,Shaun,Heath,Clear,Front to Rear,no,no,no,no,no,False
101062259,METROPOLITAN NASHVILLE POLICE DEPT,20151155035,Davidson,Nashville,12/18/2015 5:15:00 PM,2,1,0,36.083320,-86.761570,SIDCO DR,,,,0.00,,,CSX DR,,,,0.00,Y,T-Intersection,N,Non-Junction,None,,,         ,Clyde,Stambaugh,Clear,Angle,no,no,no,no,no,False
101062260,METROPOLITAN NASHVILLE POLICE DEPT,20151155084,Davidson,Not in City Limit,12/18/2015 5:25:00 PM,2,0,0,36.269070,-86.754840,OLD HICKORY BLVDW,,,,273.00,Feet,East,DICKERSON PKE,,,,0.00,N,Not at Intersection, ,Non-Junction,None,,,         ,Lawrence,Lacy,Clear,Front to Rear,no,no,no,no,yes,False
101062263,METROPOLITAN NASHVILLE POLICE DEPT,20151155149,Davidson,Nashville,12/18/2015 5:40:00 PM,2,1,0,36.084400,-86.727910,NOLENSVILLE PKE,,,,178.00,Feet,South,PARAGON MILLS RD,,,,0.00,N,Not at Intersection,N,Non-Junction,None,,,         ,Eric,Burford,Clear,Front to Rear,no,no,no,no,no,False
101062265,METROPOLITAN NASHVILLE POLICE DEPT,20151154685,Davidson,Nashville,12/18/2015 3:17:00 PM,2,0,0,36.110790,-86.767130,POWELL AV,,,,62.00,Feet,South,OLD POWELL AV,,,,0.00,N,Not at Intersection, ,"Driveway, Alley Access, etc",None,,,         ,Jacob,Crouch,Clear,"Sideswipe, Same Direction",no,no,no,yes,no,False
101062266,METROPOLITAN NASHVILLE POLICE DEPT,20151155183,Davidson,Nashville,12/18/2015 5:03:00 PM,2,1,0,36.113970,-86.810880,STATE HWY 155,,,,0.00,,,US HWY 431,,,,0.00,Y,Four-Way,N,Intersection,None,,,         ,Brandon,Rardin,Clear,Front to Rear,no,no,no,no,no,False
101062268,METROPOLITAN NASHVILLE POLICE DEPT,20151155003,Davidson,Nashville,12/18/2015 5:17:00 PM,2,0,0,36.087310,-86.692480,HARDING PL,,,,89.00,Feet,West,ANTIOCH PKE,,,,0.00,N,Not at Intersection,N,Non-Junction,None,,,         ,Jessie,Meadows,Clear,Front to Rear,no,no,no,no,yes,False
101062269,METROPOLITAN NASHVILLE POLICE DEPT,20151155170,Davidson,Nashville,12/18/2015 6:16:00 PM,2,0,0,36.115660,-86.695610,MURFREESBORO PKE,,,,459.00,Feet,West,PINEWAY DR,,,,0.00,N,Not at Intersection, ,Non-Junction,None,,,         ,Jessie,Meadows,Clear,Front to Rear,no,no,no,no,no,False
101062272,METROPOLITAN NASHVILLE POLICE DEPT,20151154639,Davidson,Nashville,12/18/2015 2:18:00 PM,2,0,0,36.150690,-86.767950,LAFAYETTE ST,,,,0.00,Feet,,2ND AVS,,,,0.00,Y,Four-Way,N,Intersection,None,,,         ,William,Durham,Clear,"Sideswipe, Same Direction",no,no,no,no,yes,False
101062273,METROPOLITAN NASHVILLE POLICE DEPT,20151154892,Davidson,Nashville,12/18/2015 4:36:00 PM,2,2,0,36.116460,-86.719280,EAST THOMPSON LN,,,,0.00,Feet,East,OLD GLENROSE AV,,,,0.00,N,Not at Intersection,N,Non-Junction,None,,,         ,William,Durham,Clear,Angle,no,no,no,no,no,False
101062274,METROPOLITAN NASHVILLE POLICE DEPT,20151155088,Davidson,Nashville,12/18/2015 5:24:00 PM,2,0,0,36.109120,-86.726460,BRILEY PKWYN,,,,318.00,Feet,West,BRILEY PKWYS,,,,0.00,N,Not at Intersection,N,Non-Junction,None,,,         ,William,Durham,Clear,Front to Rear,no,no,no,no,no,False
101062275,METROPOLITAN NASHVILLE POLICE DEPT,2015-1155007,Davidson,Nashville,12/18/2015 5:10:00 PM,3,1,0,36.152760,-86.826360,US HWY 70,,,,103.00,Feet,East,35TH AVE N,,,,0.00,N,Not at Intersection,N,Non-Junction,None,,,         ,Walter,Gray II,Cloudy,Front to Rear,no,no,no,no,no,False
101062276,METROPOLITAN NASHVILLE POLICE DEPT,20151155086,Davidson,Nashville,12/18/2015 5:33:00 PM,2,1,0,36.210190,-86.775850,I 65,,,,0.00,,,,,,,87.60,N,Not at Intersection,N,Non-Junction,Construction Zone,Laneclosure,Activity Area,         ,Joshua,Reece,Clear,Front to Rear,no,no,no,no,no,False
101062279,METROPOLITAN NASHVILLE POLICE DEPT,20151155095,Davidson,Nashville,12/18/2015 5:38:00 PM,3,0,0,36.143100,-86.705070,I 40,,,,0.00,,,,,,,214.50,N,Not at Intersection,N,Non-Junction,None,,,         ,Michael,Apsey,Clear,Front to Rear,no,no,no,no,no,False
101062280,METROPOLITAN NASHVILLE POLICE DEPT,20151155122,Davidson,Nashville,12/18/2015 4:50:00 PM,2,0,0,36.109440,-86.753720,FOSTER CREIGHTON DR,,,,53.00,Feet,South,ARMORY DR,,,,0.00,N,Not at Intersection, ,Non-Junction,None,,,         ,Jacob,Crouch,Clear,Front to Rear,no,no,no,no,yes,False
101062281,METROPOLITAN NASHVILLE POLICE DEPT,20151154852,Davidson,Nashville,12/18/2015 4:23:00 PM,3,1,0,36.246030,-86.745280,I 65,,,,0.00,,,,,,,90.85,N,Not at Intersection,N,Entrance/Exit Ramp Related,None,,,         ,Benjamin,Spees,Clear,Front to Rear,no,no,no,no,no,False
101062282,METROPOLITAN NASHVILLE POLICE DEPT,20151155157,Davidson,Nashville,12/18/2015 5:30:00 PM,2,0,0,36.110630,-86.741420,THOMPSON LN,,,,143.00,Feet,East,LOGAN ST,,,,0.00,N,Not at Intersection, ,,None,,,         ,Randy,Heinze,,,no,no,no,no,no,False
101062285,METROPOLITAN NASHVILLE POLICE DEPT,20151154875,Davidson,Nashville,12/18/2015 4:05:00 PM,2,0,0,36.134230,-86.779040,WEDGEWOOD AVE,,,,0.00,,,US HWY 31,,,,0.00,Y,Four-Way, ,Intersection,None,,,         ,Brenton,Adcox,Cloudy,Angle,no,no,no,no,no,False
101062289,METROPOLITAN NASHVILLE POLICE DEPT,20151155276,Davidson,Nashville,12/18/2015 6:30:00 PM,2,0,0,36.079200,-86.726200,NOLENSVILLE PKE,,,,150.00,Feet,South,HARDING PL,,,,0.00,N,Not at Intersection, ,,None,,,         ,Jarret,Sonnenberg,,,no,no,no,no,no,False
101062290,METROPOLITAN NASHVILLE POLICE DEPT,20151155220,Davidson,Nashville,12/18/2015 5:01:00 PM,2,0,0,36.069720,-86.769970,I 65,,,,0.00,,,,,,,76.90,N,Not at Intersection,N,Non-Junction,None,,,         ,Clyde,Stambaugh,Clear,Front to Rear,no,no,no,no,no,False
101062293,METROPOLITAN NASHVILLE POLICE DEPT,20151154606,Davidson,Nashville,12/18/2015 2:23:00 PM,2,0,0,36.215400,-86.588510,LEBANON PKE,,,,0.00,,,TULIP GROVE RD,,,,0.00,Y,Four-Way,N,Intersection-Related,None,,,         ,Shawn,Taylor,Clear,Front to Rear,no,no,no,no,no,False
101062294,METROPOLITAN NASHVILLE POLICE DEPT,20151155162,Davidson,Lakewood,12/18/2015 5:45:00 PM,2,0,0,36.242040,-86.633850,OLD HICKORY BLVD,,,,205.00,Feet,North,IRIS AV,,,,0.00,N,Not at Intersection,N,OtherLocation,None,,,         ,Shawn,Taylor,Clear,"Sideswipe, Same Direction",no,no,no,yes,yes,False
101062296,METROPOLITAN NASHVILLE POLICE DEPT,20151154827,Davidson,Nashville,12/18/2015 4:00:00 PM,2,0,0,36.193470,-86.623300,US HWY 70,,,,255.00,Feet,North,JUAREZ DR,,,,0.00,N,Not at Intersection, ,Non-Junction,None,,,         ,Darryl,Williams,Clear,"Sideswipe, Same Direction",no,no,no,no,no,False
101062298,METROPOLITAN NASHVILLE POLICE DEPT,20151155096,Davidson,Nashville,12/18/2015 5:15:00 PM,3,0,0,36.106750,-86.823180,ABBOTT MARTIN RD,,,,210.00,Feet,West,CROSS CREEK RD,,,,0.00,N,Not at Intersection, ,Non-Junction,None,,,         ,Mark,Hatt,Clear,Front to Rear,no,no,no,no,no,False
101062303,METROPOLITAN NASHVILLE POLICE DEPT,20151155437,Davidson,Nashville,12/18/2015 7:23:00 PM,2,0,0,36.156550,-86.775840,5TH AVE S,,,,0.00,,,,,,,0.00,,, ,Non-Junction,None,,,         ,Benjamin,Smith,Clear,"Sideswipe, Same Direction",no,no,no,no,no,False
101062306,METROPOLITAN NASHVILLE POLICE DEPT,20151154693,Davidson,Nashville,12/18/2015 3:00:00 PM,1,0,0,36.157930,-86.791610,CHURCH ST,,,,0.00,,,14TH AVN,,,,0.00,Y,OTHER, ,Intersection-Related,None,,,         ,Robert,Fondren,Clear,Not Collision with Motor Vehicle in Transport,no,yes,no,no,no,False
101062307,METROPOLITAN NASHVILLE POLICE DEPT,20151152240,Davidson,Nashville,12/17/2015 8:26:00 PM,1,0,0,36.153820,-86.755860,HERMITAGE AV,,,,65.00,Feet,East,FAIRFIELD AV,,,,0.00,N,Not at Intersection,N,Non-Junction,None,,,         ,Felipe,Pereira,Clear,Not Collision with Motor Vehicle in Transport,no,no,no,no,no,False