master_record_number,agency,agency_tracking_number,county,city,collision_date,vehicles_involved,number_injured,number_dead,latitude,longitude,roadway_name,roadway_suffix,roadway_number,roadway_local_id,distance_from_reference,miles-feet_indicator,direction_from_reference,intersection_road_name,intersection_road_name_suffix,intersection_road_number,intersection_local_id,mile_marker,intersection_indicator,intersect_type,interchange_related_indicator,relation_to_junction,work_zone_type,construction_maintenance_zone,construction_maintenance_zone_location,fatal_case_number,officer_first_name,officer_last_name,weather_condition(s),manner_of_crash,pedestrian,bicycle,scooter,parking,hitrun,mou
101064819,METROPOLITAN NASHVILLE POLICE DEPT,20151165707,Davidson,Nashville,12/22/2015 11:15:00 AM,2,0,0,36.110470,-86.766960,POWELL AV,,,,184.00,Feet,South,OLD POWELL AV,,,,0.00,N,Not at Intersection, ,Non-Junction,None,,,         ,Justin,Pinkelton,Cloudy,Front to Rear,no,no,no,no,no,False
101064820,GOODLETTSVILLE POLICE DEPT,15-47021,Davidson,Goodlettsville,12/21/2015 12:20:00 PM,4,1,0,36.299280,-86.712470,I 65,,,,0.00,,,,,,,95.10,N,Not at Intersection,N,Non-Junction,None,,,         ,John,Spencer,Rain,Unknown,no,no,no,no,yes,False
101064826,METROPOLITAN NASHVILLE POLICE DEPT,20151165819,Davidson,Nashville,12/22/2015 12:08:00 PM,2,0,0,36.112870,-86.811050,HILLSBORO PKE,,,,398.00,Feet,South,WOODMONT BLVD,,,,0.00,N,Not at Intersection,N,Non-Junction,None,,,         ,Phillip,Murphy,Clear,Front to Rear,no,no,no,no,no,False
101064835,METROPOLITAN NASHVILLE POLICE DEPT,2015-1165668,Davidson,Nashville,12/22/2015 10:59:00 AM,2,0,0,36.117390,-86.810290,HILLSBORO PKE,,,,207.00,Feet,South,GOLF CLUB LN,,,,0.00,N,Not at Intersection, ,Non-Junction,None,,,         ,Walter,Gray II,Cloudy,Front to Rear,no,no,no,no,no,False
101064836,METROPOLITAN NASHVILLE POLICE DEPT,20151163037,Davidson,Madison,12/21/2015 2:12:00 PM,2,0,0,36.282480,-86.731420,I 65,,,,0.00,,,,,,,93.55,N,Not at Intersection, ,Non-Junction,None,,,         ,Jeffery,Burnette,Rain,"Sideswipe, Same Direction",no,no,no,no,no,False
101064837,METROPOLITAN NASHVILLE POLICE DEPT,20151162758,Davidson,Madison,12/21/2015 11:30:00 AM,2,1,0,36.299790,-86.696600,CUDE LN,,,,0.00,,,GALLATIN PKEN,,,,0.00,Y,OTHER,N,Non-Junction,None,,,         ,Jeffery,Burnette,Rain,Front to Rear,no,no,no,no,no,False
101064853,METROPOLITAN NASHVILLE POLICE DEPT,20151165827,Davidson,Nashville,12/22/2015 12:00:00 PM,2,0,0,36.087430,-86.692210,ANTIOCH PKE,,,,0.00,,,HARDING PL,,,,0.00,Y,Four-Way, ,Intersection,None,,,         ,James,Grady,Clear,"Sideswipe, Same Direction",no,no,no,no,no,False
101064856,METROPOLITAN NASHVILLE POLICE DEPT,20151166113,Davidson,Not in City Limit,12/22/2015 1:50:00 PM,2,0,0,36.305930,-86.687160,GALLATIN PKEN,,,,120.00,Feet,East,NORTHSIDE DR,,,,0.00,N,Not at Intersection,N,Non-Junction,None,,,         ,Jordan,Lowry,Clear,"Sideswipe, Same Direction",no,no,no,no,yes,False
101064874,METROPOLITAN NASHVILLE POLICE DEPT,20151165072,Davidson,Nashville,12/22/2015 6:28:00 AM,2,1,0,36.170810,-86.601610,OLD HICKORY BLVD,,,,0.00,,,I40 W ENT RAMP,,,,0.00,Y,Four-Way,N,Intersection,None,,,         ,James,Curtis,Cloudy,Angle,no,no,no,no,no,False
101064875,METROPOLITAN NASHVILLE POLICE DEPT,20151166034,Davidson,Antioch,12/22/2015 1:00:00 PM,2,0,0,36.075800,-86.603170,COUNTRY MEADOW,RD,US3228,,0.00,,,,,,,0.00,,, ,,None,,,         ,Julius,Gallon,,,no,no,no,no,no,False
101064876,METROPOLITAN NASHVILLE POLICE DEPT,20151166053,Davidson,Nashville,12/22/2015 1:20:00 PM,2,0,0,36.173870,-86.747610,FATHERLAND ST,,,,1.00,Feet,East,S 13TH ST,,,,0.00,N,Not at Intersection, ,Non-Junction,None,,,         ,Nathaniel,Clemons,Cloudy,"Sideswipe, Opposite Direction",no,no,no,no,yes,False
101064894,METROPOLITAN NASHVILLE POLICE DEPT,2015-1155110,Davidson,Nashville,12/18/2015 12:00:00 AM,2,0,0,36.070000,-86.685610,ACCESS RD,,,,0.00,,,HAYWOOD LN,,,,0.00,Y,Four-Way,N,Intersection,None,,,         ,Shedie,Herbert III,Clear,Angle,no,no,no,no,no,False
101064897,METROPOLITAN NASHVILLE POLICE DEPT,20151165829,Davidson,Nashville,12/22/2015 12:10:00 PM,2,1,0,36.207020,-86.791600,W TRINITY LN,,,,0.00,,,BAPTIST WORLD CENTER DR,,,,0.00,Y,Four-Way,N,"Driveway, Alley Access, etc",None,,,         ,Byron,Carter,Cloudy,Other,no,no,no,no,yes,False
101064901,METROPOLITAN NASHVILLE POLICE DEPT,20151164166,Davidson,Nashville,12/21/2015 10:09:00 PM,2,0,0,36.170020,-86.606440,I40 E EXT RAMP,,,,0.00,Feet,East,I 40,,,,0.00,N,Not at Intersection,N,Entrance/Exit Ramp Related,None,,,         ,Shawn,Taylor,Rain,Not Collision with Motor Vehicle in Transport,no,no,no,no,yes,False
101064904,METROPOLITAN NASHVILLE POLICE DEPT,20151164029,Davidson,Nashville,12/21/2015 8:20:00 PM,2,1,0,36.163870,-86.786620,YMCA WAY,,,,0.00,,,CHARLOTTE AV,,,,0.00,Y,Four-Way,N,Intersection,None,,,         ,Christopher,Augustin,Rain,Angle,no,no,no,no,no,False
101064906,GOODLETTSVILLE POLICE DEPT,15-47143,Davidson,Goodlettsville,12/22/2015 1:54:00 PM,2,1,0,36.302220,-86.701580,RIVERGATE PKWY,,,,302.00,Feet,South,WREN RD,,,,0.00,N,Not at Intersection,N,Non-Junction,None,,,         ,Brian,Hajdu,Cloudy,Front to Rear,no,no,no,no,no,False
101064907,METROPOLITAN NASHVILLE POLICE DEPT,20151163782,Davidson,Nashville,12/21/2015 6:36:00 PM,2,0,0,36.138370,-86.728000,I 24,,,,0.00,,,,,,,51.40,N,Not at Intersection,N,Non-Junction,None,,,         ,William,Durham,Rain,Front to Rear,no,no,no,no,no,False
101064913,BELLE MEADE POLICE DEPT,15-0328,Davidson,Belle Meade,12/22/2015 1:33:00 PM,2,0,0,36.113270,-86.862950,HARDING PKE,,,,0.00,,,JACKSON BLVD,,,,0.00,Y,T-Intersection,N,Intersection-Related,None,,,         ,Dale,Corter,Cloudy,Front to Rear,no,no,no,no,no,False
101064916,METROPOLITAN NASHVILLE POLICE DEPT,20151157785,Davidson,Nashville,12/19/2015 2:27:00 PM,2,0,0,36.153970,-86.857610,STATE HWY 155,,,,0.00,,,ROBERTSON AVE,,,,0.00,Y,Four-Way,Y,Intersection,None,,,         ,Michael,Hunnicutt,Clear,Front to Rear,no,no,no,no,no,False
101064925,GOODLETTSVILLE POLICE DEPT,15-47120,Davidson,Goodlettsville,12/22/2015 7:05:00 AM,1,0,0,0.000000,0.000000,OLD BRICK CHURCH PIKE,,,,50.00,Feet,West,MONCRIEF AVE,,,,0.00,N,Not at Intersection,N,Non-Junction,None,,,         ,John,Spencer,Cloudy,Not Collision with Motor Vehicle in Transport,no,no,no,no,no,False
101064931,METROPOLITAN NASHVILLE POLICE DEPT,20151163080,Davidson,Madison,12/21/2015 2:30:00 PM,2,0,0,36.264160,-86.735550,I65 N EXT RAMP,,,,0.00,,,OLD HICKORY BLVDW,,,,0.00,Y,T-Intersection, ,Entrance/Exit Ramp Related,None,,,         ,Nathan,Dungan,Rain,Front to Rear,no,no,no,no,no,False
101064937,METROPOLITAN NASHVILLE POLICE DEPT,20151166026,Davidson,Nashville,12/22/2015 1:36:00 PM,2,0,0,36.064130,-86.629170,HAMILTON CHURCH RD,,,,317.00,Feet,South,MURFREESBORO PKE,,,,0.00,N,Not at Intersection,N,Non-Junction,None,,,         ,Jessie,Meadows,Clear,Angle,no,no,no,no,no,False
101064938,METROPOLITAN NASHVILLE POLICE DEPT,20151166212,Davidson,Nashville,12/22/2015 3:12:00 PM,3,0,0,36.077240,-86.725300,WALLACE RD,,,,93.00,Feet,East,NOLENSVILLE PKE,,,,0.00,N,Not at Intersection, ,Non-Junction,None,,,         ,Jessie,Meadows,Clear,Front to Rear,no,no,no,no,yes,False
101064940,METROPOLITAN NASHVILLE POLICE DEPT,20151166247,Davidson,Nashville,12/22/2015 2:39:00 PM,2,0,0,36.041680,-86.748010,OLD HICKORY BLVD,,,,0.00,,,BRENTWOOD MEADOWS CIR,,,,0.00,Y,Four-Way, ,Intersection-Related,None,,,         ,Tien,Nguyen,Clear,"Sideswipe, Same Direction",no,no,no,no,no,False
101064944,METROPOLITAN NASHVILLE POLICE DEPT,20151166276,Davidson,Nashville,12/22/2015 3:36:00 PM,1,0,0,36.218910,-86.728080,HUNTERS MEADOW LN,,,,0.00,,,,,,,0.00,,, ,Non-Junction,None,,,         ,Joshua,Murray,Cloudy,Not Collision with Motor Vehicle in Transport,no,no,no,yes,no,False
101064945,METROPOLITAN NASHVILLE POLICE DEPT,20151166243,Davidson,Nashville,12/22/2015 3:00:00 PM,2,0,0,36.156570,-86.787470,12TH AVE S,,,,0.00,,,US HWY 70,,,,0.00,Y,Four-Way, ,,None,,,         ,Pedro,Rivera Chaparro,,,no,no,no,no,no,False
101064946,METROPOLITAN NASHVILLE POLICE DEPT,20151163531,Davidson,Madison,12/21/2015 5:15:00 PM,2,0,0,36.264070,-86.735920,I65 N EXT RAMP,,,,0.00,Feet,East,OLD HICKORY BLVDW,,,,0.00,N,Not at Intersection, ,Entrance/Exit Ramp Related,None,,,         ,Nathan,Dungan,Rain,"Sideswipe, Same Direction",no,no,no,no,no,False
101064958,METROPOLITAN NASHVILLE POLICE DEPT,20151163842,Davidson,Nashville,12/21/2015 7:35:00 PM,3,0,0,36.237510,-86.788740,BRILEY PKWYW,,,,325.00,Feet,East,I24 E EXT RAMP,,,,0.00,N,Not at Intersection,N,Non-Junction,None,,,         ,Nathan,Dungan,Rain,Not Collision with Motor Vehicle in Transport,no,no,no,no,no,False
101064964,METROPOLITAN NASHVILLE POLICE DEPT,20151166319,Davidson,Nashville,12/22/2015 3:00:00 PM,1,0,0,36.107730,-86.826930,ABBOTT MARTIN RD,,,,298.00,Feet,East,BOWRING PARK,,,,0.00,N,Not at Intersection,N,Non-Junction,None,,,         ,Mark,Hatt,Cloudy,Not Collision with Motor Vehicle in Transport,no,no,no,yes,no,False
101064969,METROPOLITAN NASHVILLE POLICE DEPT,20151163698,Davidson,Nashville,12/21/2015 5:59:00 PM,4,1,0,36.071950,-86.723930,NOLENSVILLE PKE,,,,0.00,Feet,,HIGGINS ST,,,,0.00,Y,Four-Way,Y,Intersection,None,,,         ,Miguel,Garcia,Rain,Angle,no,no,no,no,yes,False
101064970,METROPOLITAN NASHVILLE POLICE DEPT,20151151526,Davidson,Nashville,12/17/2015 3:50:00 PM,2,0,0,36.040900,-86.779380,STONE BROOK DR,,,,0.00,,,FRANKLIN PIKE CIR,,,,0.00,Y,Four-Way, ,Non-Junction,None,,,         ,Miguel,Garcia,Clear,Angle,no,no,no,no,no,False
101064978,METROPOLITAN NASHVILLE POLICE DEPT,20151166315,Davidson,Nashville,12/22/2015 1:45:00 PM,2,0,0,36.152520,-86.832830,CHARLOTTE AV,,,,30.00,Feet,West,39TH AVN,,,,0.00,N,Not at Intersection, ,Non-Junction,None,,,         ,Douglas,Sykes,Clear,"Sideswipe, Same Direction",no,no,no,no,no,False
101064979,METROPOLITAN NASHVILLE POLICE DEPT,20151166423,Davidson,Nashville,12/22/2015 3:59:00 PM,2,1,0,36.185170,-86.636510,JACKSON DOWNS BLVD,,,,0.00,,,US HWY 70,,,,0.00,Y,Four-Way,N,Intersection,None,,,         ,Tyler,Conrads,Clear,Angle,no,no,no,no,no,False
101064984,METROPOLITAN NASHVILLE POLICE DEPT,20151143874,Davidson,Goodlettsville,12/15/2015 2:01:00 PM,2,0,0,36.296910,-86.699160,MYATT DR,,,,0.00,,,GALLATIN PKEN,,,,0.00,Y,Four-Way, ,Intersection-Related,None,,,         ,Samuel,Miller,Clear,"Sideswipe, Same Direction",no,no,no,no,no,False
101064987,METROPOLITAN NASHVILLE POLICE DEPT,20151166347,Davidson,Nashville,12/22/2015 3:17:00 PM,2,0,0,36.152240,-86.625070,BLACKWOOD DR,,,,0.00,,,BELL RD,,,,0.00,Y,Four-Way, ,Intersection,None,,,         ,Michael,Apsey,Clear,"Sideswipe, Same Direction",no,no,no,no,no,False
101064989,METROPOLITAN NASHVILLE POLICE DEPT,20151155184,Davidson,Nashville,12/18/2015 6:11:00 PM,2,0,0,36.151080,-86.854070,US HWY 70,,,,139.00,Feet,West,54TH AVE N,,,,0.00,N,Not at Intersection,N,"Driveway, Alley Access, etc",None,,,         ,Michael,Hunnicutt,Clear,"Sideswipe, Opposite Direction",no,no,no,no,yes,False
101064992,METROPOLITAN NASHVILLE POLICE DEPT,20151166322,Davidson,Nashville,12/22/2015 3:01:00 PM,2,0,0,36.168990,-86.600620,OLD HICKORY BLVD,,,,184.00,Feet,North,MILLS RD,,,,0.00,N,Not at Intersection, ,,None,,,         ,Shawn,Taylor,,,no,no,no,no,no,False
101064993,METROPOLITAN NASHVILLE POLICE DEPT,20151166405,Davidson,Nashville,12/22/2015 3:50:00 PM,2,0,0,36.168700,-86.600440,OLD HICKORY BLVD,,,,66.00,Feet,North,MILLS RD,,,,0.00,N,Not at Intersection, ,,None,,,         ,Shawn,Taylor,,,no,no,no,no,no,False
101064996,METROPOLITAN NASHVILLE POLICE DEPT,20151166559,Davidson,Nashville,12/22/2015 4:44:00 PM,2,1,0,36.116030,-86.789870,I 440,,,,0.00,,,,,,,4.00,N,Not at Intersection,N,Non-Junction,None,,,         ,Tien,Nguyen,Cloudy,Front to Rear,no,no,no,no,no,False
101064998,METROPOLITAN NASHVILLE POLICE DEPT,20151155230,Davidson,Nashville,12/18/2015 6:07:00 PM,2,0,0,36.248540,-86.728110,DUE WEST AVW,,,,153.00,Feet,East,SAUNDERS AV,,,,0.00,N,Not at Intersection,N,Non-Junction,None,,,         ,Samuel,Miller,Clear,Front to Rear,no,no,no,no,no,False
101065003,METROPOLITAN NASHVILLE POLICE DEPT,2015-1166534,Davidson,Nashville,12/22/2015 4:13:00 PM,2,0,0,36.116020,-86.789620,I 440,,,,0.00,,,,,,,4.00,N,Not at Intersection, ,Non-Junction,None,,,         ,Austin,Kendrick,Clear,Front to Rear,no,no,no,no,no,False
101065006,METROPOLITAN NASHVILLE POLICE DEPT,20151166562,Davidson,Nashville,12/22/2015 4:44:00 PM,2,1,0,36.074480,-86.638650,MURFREESBORO PKE,,,,0.00,,,RURAL HILL RD,,,,0.00,Y,Four-Way,N,Intersection-Related,None,,,         ,Michael,Apsey,Clear,Angle,no,no,no,no,no,False
101065015,METROPOLITAN NASHVILLE POLICE DEPT,20151166640,Davidson,Nashville,12/22/2015 5:00:00 PM,2,0,0,36.086390,-86.698900,HARDING PL,,,,66.00,Feet,West,I24 W EXT RAMP,,,,0.00,N,Not at Intersection,N,Non-Junction,None,,,         ,Jacob,Masteller,Clear,Front to Rear,no,no,no,no,no,False
101065017,METROPOLITAN NASHVILLE POLICE DEPT,20151166539,Davidson,Nashville,12/22/2015 4:53:00 PM,2,0,0,36.059920,-86.671930,ANTIOCH PKE,,,,54.00,Feet,East,BLUE HOLE RD,,,,0.00,N,Not at Intersection,N,Non-Junction,None,,,         ,Jessie,Meadows,Clear,Front to Rear,no,no,no,no,no,False
101065018,BERRY HILL POLICE DEPT,15-5007,Davidson,Berry Hill,12/21/2015 12:00:00 AM,2,0,0,36.112330,-86.767020,THOMPSON LN,,,,0.00,,,BRANSFORD AV,,,,0.00,Y,Four-Way, ,Intersection-Related,None,,,         ,John,Gleixner,Cloudy,Front to Rear,no,no,no,no,no,False
101065028,METROPOLITAN NASHVILLE POLICE DEPT,2015-1166011,Davidson,Not in City Limit,12/22/2015 1:11:00 PM,2,0,0,36.079880,-86.954040,HIGHWAY 70S,,,,191.00,Feet,West,COLEY DAVIS RD,,,,0.00,N,Not at Intersection,N,Non-Junction,None,,,         ,Walter,Gray II,Cloudy,Front to Rear,no,no,no,yes,no,False
101065030,GOODLETTSVILLE POLICE DEPT,15-47161,Davidson,Goodlettsville,12/22/2015 5:10:00 PM,2,0,0,36.309300,-86.703370,I 65,,,,0.00,,,,,,,96.00,N,Not at Intersection, ,Non-Junction,None,,,         ,Jeffery,Hunter,Cloudy,"Sideswipe, Same Direction",no,no,no,no,no,False
101065035,METROPOLITAN NASHVILLE POLICE DEPT,20151166689,Davidson,Nashville,12/22/2015 6:15:00 PM,2,0,0,36.133300,-86.727130,I 24,,,,0.00,,,,,,,52.00,N,Not at Intersection,N,Non-Junction,None,,,         ,Jessie,Meadows,Clear,"Sideswipe, Same Direction",no,no,no,no,yes,False
101065059,METROPOLITAN NASHVILLE POLICE DEPT,20151166648,Davidson,Nashville,12/22/2015 5:12:00 PM,2,0,0,36.078790,-86.837000,TYNE BLVD,,,,0.00,,,HILLSBORO PKE,,,,0.00,Y,Four-Way, ,Intersection,None,,,         ,Joshua,Lackey,Cloudy,Front to Rear,no,no,no,no,no,False
101065062,METROPOLITAN NASHVILLE POLICE DEPT,20151166805,Davidson,Nashville,12/22/2015 6:08:00 PM,2,0,0,36.156010,-86.788850,BROADWAY,,,,0.00,,,13TH AVS,,,,0.00,Y,Four-Way,N,Intersection-Related,None,,,         ,Tien,Nguyen,Clear,Angle,no,no,no,no,yes,False
101065069,METROPOLITAN NASHVILLE POLICE DEPT,20151166684,Davidson,Nashville,12/22/2015 5:18:00 PM,2,0,0,36.125310,-86.733760,I 440,,,,0.00,,,,,,,7.20,N,Not at Intersection, ,,None,,,         ,Randy,Heinze,,,no,no,no,no,no,False
101065072,METROPOLITAN NASHVILLE POLICE DEPT,20151166394,Davidson,Nashville,12/22/2015 3:50:00 PM,2,0,0,36.089800,-86.733360,US HWY 31 ALT,,,,200.00,Feet,South,ZOO RD,,,,0.00,N,Not at Intersection,N,Non-Junction,None,,,         ,Clyde,Stambaugh,Clear,Front to Rear,no,no,no,no,no,False
101065074,METROPOLITAN NASHVILLE POLICE DEPT,20151166804,Davidson,Nashville,12/22/2015 6:08:00 PM,2,0,0,36.047320,-86.862730,STATE HWY 254,,,,0.00,,,US HWY 431,,,,0.00,Y,Four-Way, ,Intersection,None,,,         ,Clyde,Stambaugh,Clear,Angle,no,no,no,no,no,False
101065078,METROPOLITAN NASHVILLE POLICE DEPT,20151166513,Davidson,Nashville,12/22/2015 4:24:00 PM,2,0,0,36.168220,-86.687940,BRILEY PKWY N EXT RAMP,,,,0.00,Feet,East,BRILEY PKWY N ENT RAMP,,,,0.00,N,Not at Intersection, ,,None,,,         ,Shawn,Taylor,,,no,no,no,no,no,False
101065079,METROPOLITAN NASHVILLE POLICE DEPT,20151166710,Davidson,Nashville,12/22/2015 5:30:00 PM,2,1,0,36.183050,-86.640010,LEBANON PKE,,,,646.00,Feet,East,DOWNEYMEADE DR,,,,0.00,N,Not at Intersection,N,Non-Junction,None,,,         ,Shawn,Taylor,Clear,Front to Rear,no,no,no,no,no,False
101065091,METROPOLITAN NASHVILLE POLICE DEPT,20151166297,Davidson,Not in City Limit,12/22/2015 3:14:00 PM,2,0,0,36.074480,-86.977160,I 40,,,,0.00,,,,,,,195.00,N,Not at Intersection, ,,None,,,         ,Adam,Reese,,,no,no,no,no,no,False
101065093,METROPOLITAN NASHVILLE POLICE DEPT,2015-1166752,Davidson,Nashville,12/22/2015 5:45:00 PM,2,1,0,36.105040,-86.819540,BANDYWOOD DR,,,,0.00,,,HILLSBORO CIR,,,,0.00,Y,T-Intersection,N,Intersection,None,,,         ,Christopher,Clark,Cloudy,Angle,no,no,no,no,no,False
101065096,METROPOLITAN NASHVILLE POLICE DEPT,20151166925,Davidson,Nashville,12/22/2015 6:28:00 PM,2,0,0,36.134690,-86.726910,I24E,,,,660.00,Feet,South,I24 E ENT RAMP,,,,0.00,N,Not at Intersection,N,Non-Junction,None,,,         ,Paul,Goebel,Clear,Front to Rear,no,no,no,no,no,False
101065098,METROPOLITAN NASHVILLE POLICE DEPT,20151167004,Davidson,Nashville,12/22/2015 6:18:00 PM,2,1,0,36.154240,-86.631450,I 40,,,,0.00,,,,,,,218.80,N,Not at Intersection,N,Non-Junction,None,,,         ,Shawn,Taylor,Clear,Front to Rear,no,no,no,no,no,False
101065117,METROPOLITAN NASHVILLE POLICE DEPT,20151167055,Davidson,Nashville,12/22/2015 7:52:00 PM,1,0,0,36.036540,-86.786890,FRANKLIN PKE,,,,285.00,Feet,West,FRANKLIN RD,,,,0.00,N,Not at Intersection,N,OtherLocation,None,,,         ,Tien,Nguyen,Clear,Not Collision with Motor Vehicle in Transport,no,no,no,no,no,False
101065125,METROPOLITAN NASHVILLE POLICE DEPT,20151166761,Davidson,Goodlettsville,12/22/2015 5:50:00 PM,2,0,0,36.296960,-86.699120,MYATT DR,,,,0.00,,,US HWY 31E,,,,0.00,Y,Four-Way, ,Intersection,None,,,         ,Jessica,Ware,Clear,Angle,no,no,no,no,no,False
101065129,METROPOLITAN NASHVILLE POLICE DEPT,20151166644,Davidson,Madison,12/22/2015 5:10:00 PM,2,0,0,36.260740,-86.681720,BUBBLING WELL RD,,,,0.00,,,QUEEN ANNE DR,,,,0.00,Y,T-Intersection,N,Intersection,None,,,         ,Nathan,Dungan,Cloudy,HeadOn,no,no,no,no,no,False
101065149,METROPOLITAN NASHVILLE POLICE DEPT,20151167030,Davidson,Not in City Limit,12/22/2015 7:00:00 PM,2,0,0,36.079180,-86.952740,HIGHWAY 70S,,,,270.00,Feet,East,COLEY DAVIS RD,,,,0.00,N,Not at Intersection,N,Non-Junction,None,,,         ,Adam,Reese,Cloudy,"Sideswipe, Same Direction",no,no,no,no,no,False
101065150,METROPOLITAN NASHVILLE POLICE DEPT,20151167072,Davidson,Nashville,12/22/2015 7:58:00 PM,2,2,0,36.040870,-86.751000,STATE HWY 254,,,,63.00,Feet,West,HOMESTEAD ACRES LN,,,,0.00,N,Not at Intersection,N,Non-Junction,None,,,         ,Clyde,Stambaugh,Clear,Front to Rear,no,no,no,no,no,False
101065153,METROPOLITAN NASHVILLE POLICE DEPT,20151147557,Davidson,Goodlettsville,12/16/2015 2:22:00 PM,2,2,0,36.293140,-86.702350,RIVERGATE STATION PVTDR,,,,0.00,,,GALLATIN PKEN,,,,0.00,Y,Four-Way,Y,Intersection,None,,,         ,Samuel,Miller,Rain,Angle,no,no,no,no,no,False
101065154,METROPOLITAN NASHVILLE POLICE DEPT,20151166994,Davidson,Goodlettsville,12/22/2015 7:25:00 PM,2,0,0,36.297380,-86.698790,GALLATIN PKEN,,,,250.00,Feet,North,MYATT DR,,,,0.00,N,Not at Intersection,N,Non-Junction,None,,,         ,Samuel,Miller,Cloudy,Front to Rear,no,no,no,no,no,False
101065159,METROPOLITAN NASHVILLE POLICE DEPT,20151166375,Davidson,Nashville,12/22/2015 3:44:00 PM,2,0,0,36.070960,-86.635170,MURFREESBORO PKE,,,,446.00,Feet,South,BELL RD,,,,0.00,N,Not at Intersection, ,Non-Junction,None,,,         ,William,Durham,Clear,Angle,no,no,no,no,no,False
101065160,METROPOLITAN NASHVILLE POLICE DEPT,20151166939,Davidson,Nashville,12/22/2015 7:06:00 PM,2,0,0,36.129130,-86.727670,I24E,,,,21.00,Feet,South,I440 W ENT RAMP,,,,0.00,N,Not at Intersection,N,Non-Junction,None,,,         ,William,Durham,Cloudy,"Sideswipe, Same Direction",no,no,no,no,yes,False
101065161,METROPOLITAN NASHVILLE POLICE DEPT,20151166781,Davidson,Nashville,12/22/2015 5:37:00 PM,2,0,0,36.139510,-86.700310,BRILEY PKWY,,,,0.00,,,KAREN DR,,,,0.00,Y,Four-Way, ,Intersection,None,,,         ,Michael,Apsey,Clear,Front to Rear,no,no,no,no,no,False
101065163,METROPOLITAN NASHVILLE POLICE DEPT,20151167102,Davidson,Nashville,12/22/2015 7:45:00 PM,2,0,0,36.139970,-86.724530,I 40,,,,0.00,,,,,,,213.45,N,Not at Intersection,Y,Non-Junction,None,,,         ,Shawn,Taylor,Clear,Front to Rear,no,no,no,no,no,False
101065166,METROPOLITAN NASHVILLE POLICE DEPT,20151166476,Davidson,Nashville,12/22/2015 4:00:00 PM,2,0,0,36.248010,-86.720360,GALLATIN PKES,,,,0.00,,,DUE WEST AVW,,,,0.00,Y,Four-Way,N,Intersection-Related,None,,,         ,Nathan,Dungan,Cloudy,"Sideswipe, Same Direction",no,no,no,no,yes,False
101065167,METROPOLITAN NASHVILLE POLICE DEPT,20151167109,Davidson,Nashville,12/22/2015 8:12:00 PM,2,0,0,36.081590,-86.760110,HARDING PL,,,,506.00,Feet,East,TROUSDALE DR,,,,0.00,N,Not at Intersection, ,Non-Junction,None,,,         ,Joshua,Lackey,Clear,"Sideswipe, Same Direction",no,no,no,no,no,False
101065168,METROPOLITAN NASHVILLE POLICE DEPT,20151166605,Davidson,Nashville,12/22/2015 4:54:00 PM,2,0,0,36.069780,-86.695770,HAYWOOD LN,,,,32.00,Feet,East,KEELEY DR,,,,0.00,N,Not at Intersection, ,Non-Junction,None,,,         ,William,Durham,Cloudy,Front to Rear,no,no,no,no,no,False
101065169,METROPOLITAN NASHVILLE POLICE DEPT,20151166663,Davidson,Not in City Limit,12/22/2015 5:16:00 PM,2,0,0,35.996720,-86.690040,CONCORD RD,,,,71.00,Feet,South,NOLENSVILLE PKE,,,,0.00,N,Not at Intersection, ,,None,,,         ,William,Durham,,,no,no,no,no,no,False
101065174,METROPOLITAN NASHVILLE POLICE DEPT,20151167184,Davidson,Nashville,12/22/2015 8:47:00 PM,2,1,0,36.209270,-86.775960,I 65,,,,0.00,,,,,,,87.55,N,Not at Intersection,N,Non-Junction,Construction Zone,Laneclosure,Activity Area,         ,Joshua,Reece,Clear,Angle,no,no,no,no,yes,False
101065175,METROPOLITAN NASHVILLE POLICE DEPT,20151166944,Davidson,Nashville,12/22/2015 6:02:00 PM,2,3,0,36.206130,-86.774010,I65 N EXT RAMP,,,,0.00,,,I65 N ENT RAMP,,,,0.00,Y,T-Intersection,N,Entrance/Exit Ramp Related,None,,,         ,Cressie,Prill,Cloudy,"Sideswipe, Same Direction",no,no,no,no,no,False
101065177,METROPOLITAN NASHVILLE POLICE DEPT,20151166496,Davidson,Nashville,12/22/2015 4:24:00 PM,3,1,0,36.170090,-86.767100,I 24,,,,0.00,,,,,,,48.70,N,Not at Intersection,N,Non-Junction,None,,,         ,Ethan,Luffman,Clear,Front to Rear,no,no,no,no,yes,False
101065181,METROPOLITAN NASHVILLE POLICE DEPT,20151164972,Davidson,Nashville,12/22/2015 5:15:00 AM,2,0,0,36.194990,-86.776160,I 65,,,,0.00,,,,,,,86.50,N,Not at Intersection, ,,None,,,         ,William,Thorowgood,,,no,no,no,no,no,False
101065182,METROPOLITAN NASHVILLE POLICE DEPT,20151167121,Davidson,Nashville,12/22/2015 6:18:00 PM,2,0,0,36.194270,-86.591110,TULIP GROVE RD,,,,571.00,Feet,West,WONDERLAND PASS,,,,0.00,N,Not at Intersection, ,,None,,,         ,David,Stanley,,,no,no,no,no,no,False
101065183,METROPOLITAN NASHVILLE POLICE DEPT,20151166242,Davidson,Nashville,12/22/2015 2:09:00 PM,2,1,0,36.150980,-86.768130,2ND AVS,,,,180.00,Feet,North,MCCANN ST,,,,0.00,N,Not at Intersection,N,Non-Junction,None,,,         ,Michael,Brooks,Cloudy,"Sideswipe, Same Direction",no,no,no,no,yes,False
101065184,METROPOLITAN NASHVILLE POLICE DEPT,20151166261,Davidson,Nashville,12/22/2015 2:20:00 PM,2,0,0,36.157460,-86.802060,CHARLOTTE AV,,,,194.00,Feet,West,19TH AVN,,,,0.00,N,Not at Intersection, ,Non-Junction,None,,,         ,Michael,Brooks,Cloudy,"Sideswipe, Same Direction",no,no,no,no,no,False