master_record_number,agency,agency_tracking_number,county,city,collision_date,vehicles_involved,number_injured,number_dead,latitude,longitude,roadway_name,roadway_suffix,roadway_number,roadway_local_id,distance_from_reference,miles-feet_indicator,direction_from_reference,intersection_road_name,intersection_road_name_suffix,intersection_road_number,intersection_local_id,mile_marker,intersection_indicator,intersect_type,interchange_related_indicator,relation_to_junction,work_zone_type,construction_maintenance_zone,construction_maintenance_zone_location,fatal_case_number,officer_first_name,officer_last_name,weather_condition(s),manner_of_crash,pedestrian,bicycle,scooter,parking,hitrun,mou
101065793,METROPOLITAN NASHVILLE POLICE DEPT,20151169929,Davidson,Nashville,12/23/2015 7:35:00 PM,1,0,0,36.164250,-86.763150,I24 E ENT RAMP,,,,0.00,Feet,East,I 24,,,,0.00,N,Not at Intersection,N,Non-Junction,None,,,         ,Shawn,Taylor,Rain,Not Collision with Motor Vehicle in Transport,no,no,no,no,no,False
101065801,METROPOLITAN NASHVILLE POLICE DEPT,20151167131,Davidson,Nashville,12/22/2015 8:24:00 PM,2,2,0,36.121920,-86.696610,STATE HWY 155,,,,235.00,Feet,North,RAMP,,,,0.00,N,Not at Intersection,N,Non-Junction,None,,,         ,Timothy,Mead,Cloudy,HeadOn,no,no,no,no,no,False
101065808,METROPOLITAN NASHVILLE POLICE DEPT,20151169975,Davidson,Nashville,12/23/2015 7:40:00 PM,1,0,0,36.206320,-86.776320,I 65,,,,0.00,,,,,,,87.30,N,Not at Intersection,N,Non-Junction,None,,,         ,Rachael,Sacco,Rain,Not Collision with Motor Vehicle in Transport,no,no,no,no,no,False
101065809,METROPOLITAN NASHVILLE POLICE DEPT,20151169670,Davidson,Nashville,12/23/2015 4:32:00 PM,2,0,0,36.185360,-86.609560,ANDREW JACKSON PKWY,,,,622.00,Feet,South,JACKSON PASS,,,,0.00,N,Not at Intersection, ,Non-Junction,None,,,         ,David,Stanley,Rain,Angle,no,no,no,no,no,False
101065811,METROPOLITAN NASHVILLE POLICE DEPT,2015-1169936,Davidson,Nashville,12/23/2015 7:35:00 PM,1,2,0,36.154880,-86.830730,I 40,,,,0.00,,,,,,,205.45,N,Not at Intersection,N,Non-Junction,None,,,         ,Christopher,Clark,Rain,Not Collision with Motor Vehicle in Transport,no,no,no,no,no,False
101065820,GOODLETTSVILLE POLICE DEPT,15-47308,Davidson,Goodlettsville,12/23/2015 6:25:00 PM,1,0,0,36.308660,-86.696040,STATE ROUTE 386 WEST,,,,394.00,Feet,North,CONFERENCE DR,,,,0.00,N,Not at Intersection,Y,Entrance/Exit Ramp Related,None,,,         ,Hannah,Poole,Rain,Not Collision with Motor Vehicle in Transport,no,no,no,no,yes,False
101065825,METROPOLITAN NASHVILLE POLICE DEPT,20151170041,Davidson,Nashville,12/23/2015 8:08:00 PM,2,0,0,36.044910,-86.670710,STATE HWY 254,,,,73.00,Feet,West,HICKORY PARK DR,,,,0.00,N,Not at Intersection,N,Non-Junction,None,,,         ,Joseph,Progar,Rain,Front to Rear,no,no,no,no,no,False
101065845,METROPOLITAN NASHVILLE POLICE DEPT,20151169776,Davidson,Nashville,12/23/2015 6:20:00 PM,1,0,0,36.137980,-86.783400,HILLSIDE AV,,,,329.00,Feet,East,10TH AVS,,,,0.00,N,Not at Intersection,N,Non-Junction,None,,,         ,William,Taylor,Rain,Not Collision with Motor Vehicle in Transport,no,no,no,no,yes,False
101065854,METROPOLITAN NASHVILLE POLICE DEPT,151170021,Davidson,Nashville,12/23/2015 6:59:00 PM,1,0,0,36.157360,-86.804140,CLIFTON AVE,,,,42.00,Feet,West,SPRUCE ST,,,,0.00,N,Not at Intersection,N,Non-Junction,None,,,         ,Michael,Hunnicutt,Rain,Not Collision with Motor Vehicle in Transport,no,no,no,no,no,False
101065856,METROPOLITAN NASHVILLE POLICE DEPT,2015-1169434,Davidson,Nashville,12/23/2015 4:15:00 PM,2,1,0,36.039340,-86.785660,FRANKLIN PKE,,,,0.00,,,FRANKLIN PIKE CIR,,,,0.00,Y,Four-Way,N,Intersection,None,,,         ,William,King,Cloudy,Front to Rear,no,no,no,no,yes,False
101065860,METROPOLITAN NASHVILLE POLICE DEPT,20151170241,Davidson,Nashville,12/23/2015 10:00:00 PM,2,1,0,36.138860,-86.665690,DONELSON PKE,,,,61.00,Feet,South,I40 E ENT RAMP,,,,0.00,N,Not at Intersection,N,Crossover-Related,None,,,         ,Shawn,Taylor,Cloudy,Angle,no,no,no,no,yes,False
101065861,METROPOLITAN NASHVILLE POLICE DEPT,2015-1170191,Davidson,Nashville,12/23/2015 9:34:00 PM,1,1,0,36.148990,-86.877520,THUNDERBIRD DR,,,,163.00,Feet,West,THUNDERBIRD CT,,,,0.00,N,Not at Intersection,N,Non-Junction,None,,,         ,Michael,Rogers,Rain,Not Collision with Motor Vehicle in Transport,no,no,no,no,no,False
101065870,METROPOLITAN NASHVILLE POLICE DEPT,2015-1168204,Davidson,Nashville,12/23/2015 6:25:00 AM,3,1,0,36.135990,-86.727090,I 24,,,,0.00,,,,,,,52.20,N,Not at Intersection,N,Non-Junction,None,,,         ,Evan,Hibschman,Clear,Front to Rear,no,no,no,no,no,False
101065889,METROPOLITAN NASHVILLE POLICE DEPT,20151170418,Davidson,Nashville,12/23/2015 11:30:00 PM,2,1,0,36.116570,-86.798620,I 440,,,,0.00,,,,,,,3.30,N,Not at Intersection,N,Non-Junction,None,,,         ,Michael,Baron,Rain,HeadOn,no,no,no,no,no,False
101065920,METROPOLITAN NASHVILLE POLICE DEPT,20151170324,Davidson,Nashville,12/23/2015 10:55:00 PM,1,1,0,36.172930,-86.800960,I 40,,,,0.00,,,,,,,207.75,N,Not at Intersection,N,Entrance/Exit Ramp Related,None,,,         ,Brandon,Helms,Rain,Not Collision with Motor Vehicle in Transport,no,no,no,no,no,False
101065937,METROPOLITAN NASHVILLE POLICE DEPT,2015-1162078,Davidson,Nashville,12/21/2015 5:58:00 AM,2,0,0,36.110360,-86.773250,STATE HWY 155,,,,9.00,Feet,West,US HWY 31,,,,0.00,N,Not at Intersection,N,Non-Junction,None,,,         ,Eugene,Martino,Cloudy,Front to Rear,no,no,no,no,yes,False
101065943,METROPOLITAN NASHVILLE POLICE DEPT,20151170524,Davidson,Nashville,12/23/2015 11:40:00 PM,1,0,0,36.096650,-86.641790,SMITH SPRINGS RD,,,,232.00,Feet,West,UNA RECREATION RD,,,,0.00,N,Not at Intersection,N,Non-Junction,None,,,         ,David,Smith,Rain,Not Collision with Motor Vehicle in Transport,no,no,no,no,no,False
101065944,VANDERBILT UNIVERSITY POLICE,15-1165830,Davidson,Nashville,12/22/2015 11:10:00 AM,2,0,0,36.108290,-86.764330,POWELL AV,,,,0.00,,,,,,,0.00,,,N,Non-Junction,None,,,         ,Donald,Clark,Cloudy,"Sideswipe, Same Direction",no,no,no,yes,no,OHO
101065947,METROPOLITAN NASHVILLE POLICE DEPT,2015-1146210,Davidson,Nashville,12/16/2015 12:00:00 AM,2,0,0,36.112820,-86.772160,I 65,,,,0.00,,,,,,,80.00,N,Not at Intersection,N,Non-Junction,None,,,         ,Frank,Walker,Clear,"Sideswipe, Same Direction",no,no,no,no,no,False
101065970,METROPOLITAN NASHVILLE POLICE DEPT,20151163033,Davidson,Nashville,12/21/2015 1:55:00 PM,1,0,0,36.114600,-86.772250,I440 W ENT RAMP,,,,90.00,Feet,South,I 65,,,,0.00,N,Not at Intersection,Y,Entrance/Exit Ramp Related,None,,,         ,John,Daugherty,Rain,Not Collision with Motor Vehicle in Transport,no,no,no,no,no,False
101065978,METROPOLITAN NASHVILLE POLICE DEPT,20151169054,Davidson,Nashville,12/23/2015 1:44:00 PM,2,0,0,36.053700,-86.656670,HICKORY HOLLOW PL,,,,547.00,Feet,East,MOUNT VIEW RD,,,,0.00,N,Not at Intersection, ,Non-Junction,None,,,         ,Megan,Arnett,Cloudy,Front to Rear,no,no,no,no,yes,False
101065986,METROPOLITAN NASHVILLE POLICE DEPT,20151163017,Davidson,Nashville,12/21/2015 1:56:00 PM,1,0,0,36.043530,-86.781270,I 65,,,,0.00,,,,,,,74.90,N,Not at Intersection,Y,Non-Junction,None,,,         ,Darrell,Osment,Rain,Not Collision with Motor Vehicle in Transport,no,no,no,no,no,False
101065997,METROPOLITAN NASHVILLE POLICE DEPT,20151169028,Davidson,Nashville,12/23/2015 1:06:00 PM,2,1,0,36.088710,-86.732200,NOLENSVILLE PKE,,,,643.00,Feet,South,ZOO RD,,,,0.00,N,Not at Intersection,N,Non-Junction,None,,,         ,Erik,Wagner,Cloudy,Front to Rear,no,no,no,no,yes,False
101066010,VANDERBILT UNIVERSITY POLICE,15-1170066,Davidson,Nashville,12/23/2015 8:15:00 PM,2,0,0,36.108890,-86.763380,POWELL AV,,,,0.00,,,,,,,0.00,,,N,Non-Junction,None,,,         ,Fred,Oakley,Rain,Rear to Side,no,no,no,yes,no,OHO
101066029,METROPOLITAN NASHVILLE POLICE DEPT,20151157371,Davidson,Nashville,12/19/2015 10:40:00 AM,2,0,0,36.110940,-86.745220,THOMPSON LN,,,,0.00,,,NOLENSVILLE PKE,,,,0.00,Y,Four-Way,N,Intersection,None,,,         ,John,Daugherty,Cloudy,Angle,no,no,no,no,no,False
101066041,Nashville Airport Police,2015-003060,Davidson,Nashville,12/23/2015 12:01:00 PM,2,0,0,0.000000,0.000000,TERMINAL DR,DR,SR1,DISCRETE ACCESS,0.10,Miles,West,TERMINAL DR,DR,SR1,DISCRETE ACCESS,0.00,N,Not at Intersection,N,Non-Junction,None,,,         ,Hardini,Carter,Clear,Front to Rear,no,no,no,no,no,False
101066109,METROPOLITAN NASHVILLE POLICE DEPT,20151168878,Davidson,Nashville,12/23/2015 11:33:00 AM,2,0,0,36.195200,-86.628950,BONNABROOK DR,,,,0.00,,,BONNACREEK DR,,,,0.00,Y,Four-Way, ,Intersection,None,,,         ,James,Curtis,Cloudy,Angle,no,no,no,no,no,False
101066128,METROPOLITAN NASHVILLE POLICE DEPT,20151169064,Davidson,Nashville,12/23/2015 1:14:00 PM,2,0,0,36.231030,-86.611760,SHUTE LN,,,,199.00,Feet,West,WILLOW BOUGH LN,,,,0.00,N,Not at Intersection, ,Non-Junction,None,,,         ,James,Curtis,Cloudy,Front to Rear,no,no,no,no,no,False
101066145,METROPOLITAN NASHVILLE POLICE DEPT,20151163268,Davidson,Nashville,12/23/2015 3:27:00 PM,2,0,0,36.081950,-86.758290,TROUSDALE DR,,,,307.00,Feet,North,HARDING PL,,,,0.00,N,Not at Intersection, ,Non-Junction,None,,,         ,Miguel,Garcia,Clear,Angle,no,no,no,no,no,False
101066146,METROPOLITAN NASHVILLE POLICE DEPT,10151169537,Davidson,Nashville,12/23/2015 4:50:00 PM,2,0,0,36.045210,-86.716530,OLD HICKORY BLVD,,,,153.00,Feet,East,HICKORY PLZ,,,,0.00,N,Not at Intersection, ,Non-Junction,None,,,         ,Miguel,Garcia,Clear,Angle,no,no,no,no,yes,False
101066416,METROPOLITAN NASHVILLE POLICE DEPT,20151168024,Davidson,Nashville,12/23/2015 4:15:00 AM,1,1,0,36.122520,-86.805970,I440 E EXT RAMP,,,,0.00,Feet,East,I 440,,,,0.00,N,Not at Intersection,N,Non-Junction,None,,,         ,Coleman,McKellar,Cloudy,Not Collision with Motor Vehicle in Transport,no,no,no,no,no,False
101066432,METROPOLITAN NASHVILLE POLICE DEPT,20151170422,Davidson,Nashville,12/23/2015 11:44:00 PM,2,0,0,36.249190,-86.734460,DUE WEST AVW,,,,0.00,,,S GRAYCROFT AV,,,,0.00,Y,Four-Way,N,Intersection,None,,,         ,Christopher,Lo,Cloudy,"Sideswipe, Opposite Direction",no,no,no,no,yes,False
101066467,METROPOLITAN NASHVILLE POLICE DEPT,2015-1162940,Davidson,Nashville,12/21/2015 1:23:00 PM,1,0,0,36.232290,-86.624730,OLD HICKORY BLVD,,,,0.00,Feet,,SHUTE LN,,,,0.00,Y,T-Intersection,N,Intersection,None,,,         ,Jeb,Johnston,Rain,Not Collision with Motor Vehicle in Transport,no,no,no,no,no,False
101066472,BERRY HILL POLICE DEPT,15-5019,Davidson,Berry Hill,12/22/2015 11:20:00 AM,2,2,0,36.125790,-86.765870,BRANSFORD AV,,,,0.00,,,CRAIGHEAD ST,,,,0.00,Y,Four-Way,N,Intersection,None,,,         ,Larry,Carter,Cloudy,HeadOn,no,no,no,no,no,False
101066503,GOODLETTSVILLE POLICE DEPT,15-47035,Davidson,Goodlettsville,12/22/2015 3:38:00 PM,2,1,0,36.356930,-86.724500,SPRINGFIELD HWY,,US41,,0.00,,,WILLIAMSON RD.,,,,0.00,Y,T-Intersection,N,Intersection,None,,,         ,John,Spencer,Cloudy,Front to Rear,no,no,no,no,no,False
101066514,METROPOLITAN NASHVILLE POLICE DEPT,2015-1168423,Davidson,Nashville,12/23/2015 8:38:00 AM,2,1,0,36.204360,-86.606460,ANDREW JACKSON PKWY,,,,45.00,Feet,South,ANDREW JACKSON PL,,,,0.00,N,Not at Intersection,N,Non-Junction,None,,,         ,Jeb,Johnston,Cloudy,"Sideswipe, Opposite Direction",no,no,no,no,no,False
101066581,METROPOLITAN NASHVILLE POLICE DEPT,20151165076,Davidson,Madison,12/22/2015 6:35:00 AM,2,0,0,36.261160,-86.678050,E OLD HICKORY BLVD,,,,43.00,Feet,North,SANHURST DR,,,,0.00,N,Not at Intersection, ,Non-Junction,None,,,         ,James,Boone,Fog,Angle,no,no,no,no,no,False
101066602,METROPOLITAN NASHVILLE POLICE DEPT,20151167011,Davidson,Madison,12/22/2015 6:00:00 PM,2,0,0,36.265470,-86.711120,GALLATIN PKEN,,,,139.00,Feet,South,DULING AV,,,,0.00,N,Not at Intersection,N,Non-Junction,None,,,         ,Nathan,Dungan,Clear,"Sideswipe, Same Direction",no,no,no,yes,yes,False
101066611,METROPOLITAN NASHVILLE POLICE DEPT,20151166824,Davidson,Madison,12/22/2015 6:15:00 PM,2,0,0,36.271920,-86.736210,I 65,,,,0.00,,,,,,,92.80,N,Not at Intersection,N,Non-Junction,None,,,         ,Nathan,Dungan,Clear,Not Collision with Motor Vehicle in Transport,no,no,no,no,yes,False
101066615,METROPOLITAN NASHVILLE POLICE DEPT,20151169197,Davidson,Madison,12/23/2015 2:10:00 PM,2,0,0,36.267530,-86.747150,OLD HICKORY BLVDW,,,,271.00,Feet,West,KEMPER DRN,,,,0.00,N,Not at Intersection,N,Non-Junction,None,,,         ,Nathan,Dungan,Cloudy,Front to Rear,no,no,no,no,no,False
101066627,METROPOLITAN NASHVILLE POLICE DEPT,20151166691,Davidson,Madison,12/22/2015 5:20:00 PM,2,0,0,36.264200,-86.692000,STATE RT 45,,,,157.00,Feet,West,MCARTHUR DR,,,,0.00,N,Not at Intersection,N,Non-Junction,None,,,         ,Nathan,Dungan,Clear,Front to Rear,no,no,no,no,yes,False
101066628,METROPOLITAN NASHVILLE POLICE DEPT,20151169520,Davidson,Madison,12/23/2015 4:30:00 PM,2,0,0,36.264350,-86.711460,GALLATIN PKEN,,,,0.00,,,OLD TIME VILLAGE PVTDR,,,,0.00,Y,T-Intersection,N,"Driveway, Alley Access, etc",None,,,         ,Nathan,Dungan,Cloudy,"Sideswipe, Same Direction",no,no,no,no,no,False
101066635,METROPOLITAN NASHVILLE POLICE DEPT,20151169642,Davidson,Nashville,12/23/2015 4:45:00 PM,2,0,0,36.237470,-86.724390,GALLATIN PKE SB EXT RAMP,,,,0.00,Feet,East,GALLATIN PKES,,,,0.00,N,Not at Intersection,N,"Driveway, Alley Access, etc",None,,,         ,Nathan,Dungan,Cloudy,Front to Rear,no,no,no,yes,yes,False
101066641,METROPOLITAN NASHVILLE POLICE DEPT,20151169696,Davidson,Madison,12/23/2015 5:00:00 PM,2,0,0,36.272650,-86.689520,MYATT DR,,,,193.00,Feet,North,ANDERSON LN,,,,0.00,N,Not at Intersection,N,"Driveway, Alley Access, etc",None,,,         ,Nathan,Dungan,Rain,Angle,no,no,no,yes,yes,False
101066650,METROPOLITAN NASHVILLE POLICE DEPT,20151169948,Davidson,Madison,12/23/2015 5:30:00 PM,2,0,0,36.263370,-86.711820,GALLATIN PKEN,,,,114.00,Feet,North,STATE RT 45,,,,0.00,N,Not at Intersection, ,"Driveway, Alley Access, etc",None,,,         ,Nathan,Dungan,Rain,Angle,no,no,no,no,no,False
101066658,METROPOLITAN NASHVILLE POLICE DEPT,20151170242,Davidson,Nashville,12/23/2015 8:44:00 PM,2,0,0,36.142800,-86.744360,MURFREESBORO PKE,,,,0.00,,,FESSLERS LN,,,,0.00,Y,OTHER,N,OtherLocation,None,,,         ,Paul,Goebel,Clear,Angle,no,no,no,no,yes,False
101066695,METROPOLITAN NASHVILLE POLICE DEPT,20151169891,Davidson,Goodlettsville,12/23/2015 7:15:00 PM,2,0,0,36.302750,-86.691850,GALLATIN PKEN,,,,0.00,,,CONFERENCE DR,,,,0.00,Y,Four-Way,N,Intersection-Related,None,,,         ,Nathan,Dungan,Rain,Front to Rear,no,no,no,no,yes,False
101067208,THP District 3 - Nashville,315064717,Davidson,Nashville,12/18/2015 8:03:00 AM,3,0,0,36.135760,-86.740550,TPS COMPLEX PVTDR,,,,196.00,Feet,East,FOSTER AV,,,,0.00,N,Not at Intersection,N,Non-Junction,None,,,         ,Terrell,Johnson,Clear,Angle,no,no,no,yes,no,False
101067232,METROPOLITAN NASHVILLE POLICE DEPT,20151163362,Davidson,Nashville,12/21/2015 4:08:00 PM,3,0,0,36.232120,-86.826730,BRILEY PKWYW,,,,479.00,Feet,West,BRILEY PKWYE,,,,0.00,N,Not at Intersection, ,Non-Junction,None,,,         ,Victor,Alexander,Rain,"Sideswipe, Same Direction",no,no,no,no,no,False
101067284,THP District 3 - Nashville,315064674,Davidson,Nashville,12/17/2015 11:16:00 PM,7,1,0,36.085060,-86.706250,LINBAR DR,,,,121.00,Feet,North,EISENHOWER DR,,,,0.00,N,Not at Intersection,N,Non-Junction,None,,,         ,Christopher,Burrell,Clear,Not Collision with Motor Vehicle in Transport,no,no,no,no,no,False
101067567,METROPOLITAN NASHVILLE POLICE DEPT,20151169721,Davidson,Nashville,12/23/2015 6:10:00 PM,2,0,0,36.081640,-86.726960,NOLENSVILLE PKE,,,,365.00,Feet,South,WELSHWOOD DR,,,,0.00,N,Not at Intersection, ,Non-Junction,None,,,         ,Miguel,Garcia,Clear,Angle,no,no,no,no,no,False
101067568,METROPOLITAN NASHVILLE POLICE DEPT,20151169878,Davidson,Nashville,12/23/2015 7:14:00 PM,1,0,0,36.042870,-86.781720,I 65,,,,0.00,,,,,,,74.85,N,Not at Intersection, ,Non-Junction,None,,,         ,Miguel,Garcia,Rain,Not Collision with Motor Vehicle in Transport,no,no,no,no,no,False
101067815,METROPOLITAN NASHVILLE POLICE DEPT,20151165590,Davidson,Nashville,12/22/2015 10:34:00 AM,2,0,0,36.037720,-86.794750,OLD HICKORY BLVD,,,,0.00,,,BRENTWOOD BLVD,,,,0.00,Y,T-Intersection,N,Intersection,None,,,         ,Nathan,Kemp,Clear,Front to Rear,no,no,no,no,yes,False
101067824,METROPOLITAN NASHVILLE POLICE DEPT,2015-1114271,Davidson,Nashville,12/6/2015 12:00:00 AM,1,0,0,36.139410,-86.883880,ANNEX AV,,,,776.00,Feet,South,PREMIER DR,,,,0.00,N,Not at Intersection,N,OtherLocation,None,,,         ,Joel,Callies,Cloudy,Not Collision with Motor Vehicle in Transport,no,no,no,yes,yes,False
101067921,METROPOLITAN NASHVILLE POLICE DEPT,20151159642,Davidson,Nashville,12/20/2015 3:57:00 AM,2,0,1,36.105620,-86.671800,MURFREESBORO PKE,,,,0.00,,,EZELL PKE,,,,0.00,Y,T-Intersection,N,Non-Junction,None,,,15-0875  ,Kevin,Coleman,Clear,Angle,no,no,no,no,no,False
101067959,METROPOLITAN NASHVILLE POLICE DEPT,20151166923,Davidson,Not in City Limit,12/22/2015 6:50:00 PM,2,0,0,36.268580,-86.756020,DICKERSON PKE,,,,97.00,Feet,North,BELL GRIMES LN,,,,0.00,N,Not at Intersection, ,Non-Junction,None,,,         ,Broderick,Jones,Clear,Angle,no,no,no,no,no,False
101068009,METROPOLITAN NASHVILLE POLICE DEPT,20151150824,Davidson,Madison,12/17/2015 8:30:00 AM,1,0,0,36.283180,-86.705100,EDGEMEADE BLVD,,,,114.00,Feet,West,AURORA AVE,,,,0.00,N,Not at Intersection,N,Non-Junction,None,,,         ,William,Estes,Clear,Not Collision with Motor Vehicle in Transport,no,no,no,no,yes,False
101068277,METROPOLITAN NASHVILLE POLICE DEPT,20151170059,Davidson,Goodlettsville,12/23/2015 8:30:00 PM,2,2,0,36.296910,-86.699160,MYATT DR,,,,0.00,,,GALLATIN PKEN,,,,0.00,Y,Four-Way,N,Intersection,None,,,         ,Nathan,Dungan,Rain,HeadOn,no,no,no,no,no,False
101068864,METROPOLITAN NASHVILLE POLICE DEPT,20151100442,Davidson,Nashville,12/1/2015 6:00:00 PM,2,0,0,36.232060,-86.750920,WALTON LN,,,,0.00,,,MAPLEWOOD TRC,,,,0.00,,Not at Intersection,N,Non-Junction,None,,,         ,Jamell,Randall,Clear,Rear to Rear,no,no,no,yes,no,False
101069325,METROPOLITAN NASHVILLE POLICE DEPT,20151169897,Davidson,Nashville,12/23/2015 7:33:00 PM,2,1,0,36.237420,-86.730890,BRILEY PKWYW,,,,287.00,Feet,East,BRILEY PKWYE,,,,0.00,N,Not at Intersection,N,Non-Junction,None,,,         ,Samuel,Miller,Rain,Not Collision with Motor Vehicle in Transport,no,no,no,no,no,False
101069452,METROPOLITAN NASHVILLE POLICE DEPT,20151166258,Davidson,Nashville,12/22/2015 2:00:00 PM,2,0,0,36.152480,-86.839580,44TH AVN,,,,74.00,Feet,North,CHARLOTTE AV,,,,0.00,N,Not at Intersection, ,Non-Junction,None,,,         ,Torian,Cox,Clear,Front to Rear,no,no,no,no,no,False
101069514,METROPOLITAN NASHVILLE POLICE DEPT,20151141073,Davidson,Nashville,12/14/2015 6:45:00 PM,2,0,0,36.203930,-86.738320,LELAND AV,,,,0.00,,,GALLATIN PKE,,,,0.00,Y,T-Intersection, ,Non-Junction,None,,,         ,Whitney,Arnold,Clear,Angle,no,no,no,no,yes,False
101069666,METROPOLITAN NASHVILLE POLICE DEPT,20151162053,Davidson,Nashville,12/21/2015 5:31:00 AM,1,0,1,36.077010,-86.641290,MURFREESBORO PKE,,,,70.00,Feet,East,DOVER GLEN DR,,,,0.00,N,Not at Intersection,N,Non-Junction,None,,,15-0879  ,Donald,Davidson,Rain,Not Collision with Motor Vehicle in Transport,yes,no,no,no,no,False
101069787,METROPOLITAN NASHVILLE POLICE DEPT,20151165751,Davidson,Nashville,12/22/2015 11:43:00 AM,1,1,0,36.153960,-86.818220,28TH AVN,,,,0.00,,,CHARLOTTE AV,,,,0.00,Y,Four-Way,N,Intersection,None,,,         ,Darrell,Osment,Cloudy,Not Collision with Motor Vehicle in Transport,no,yes,no,no,no,False
101069794,METROPOLITAN NASHVILLE POLICE DEPT,20151166779,Davidson,Nashville,12/22/2015 5:55:00 PM,2,1,0,36.228920,-86.591340,SAUNDERSVILLE RD,,,,0.00,,,WOODSIDE DR,,,,0.00,Y,Four-Way,N,Intersection,None,,,         ,James,DeSantis,Clear,Front to Rear,no,no,no,no,no,False
101069795,METROPOLITAN NASHVILLE POLICE DEPT,20151169503,Davidson,Nashville,12/23/2015 4:17:00 PM,2,1,0,36.215010,-86.592070,LEBANON PKE,,,,1052.00,Feet,West,BIG HORN DR,,,,0.00,N,Not at Intersection,N,Non-Junction,None,,,         ,James,DeSantis,Cloudy,"Sideswipe, Same Direction",no,no,no,no,no,False
101072950,Nashville Airport Police,2015-02995,Davidson,Nashville,12/17/2015 12:00:00 AM,2,0,0,0.000000,0.000000,DONELSON PIKE,PIKE,SR255,,100.00,Feet,East,AIRPORT SERVICE RD,RD,,,0.00,N,Not at Intersection, ,Non-Junction,None,,,         ,Gary,Polk,Cloudy,"Sideswipe, Same Direction",no,no,no,no,no,False
101073713,METROPOLITAN NASHVILLE POLICE DEPT,2015-1138904,Davidson,Not in City Limit,12/14/2015 4:25:00 AM,1,0,0,36.075840,-86.967410,I 40,,,,0.00,,,,,,,195.60,N,Not at Intersection, ,Non-Junction,None,,,         ,Joel,Callies,Rain,Not Collision with Motor Vehicle in Transport,no,no,no,no,no,False
101073795,GOODLETTSVILLE POLICE DEPT,15-44135,Davidson,Goodlettsville,11/29/2015 5:16:00 PM,2,0,0,36.294550,-86.729060,DICKERSON PKES,,,,834.00,Feet,West,ROBERT CARTWRIGHT DR,,,,0.00,N,Not at Intersection, ,"Driveway, Alley Access, etc",None,,,         ,John,Spencer,Clear,Angle,no,no,no,no,no,False
101074852,METROPOLITAN NASHVILLE POLICE DEPT,20151156898,Davidson,Nashville,12/17/2015 5:26:00 AM,1,0,0,36.245100,-86.784680,I 24,,,,0.00,,,,,,,43.00,N,Not at Intersection, ,Non-Junction,Unknown,,,         ,Jeremy,Kidd,Rain,Unknown,no,no,no,no,no,False
101075011,VANDERBILT UNIVERSITY POLICE,15-1142896,Davidson,Nashville,12/15/2015 12:00:00 AM,2,0,0,36.139100,-86.800240,21ST AVS,,,,140.00,Feet,East,CAPERS AV,,,,0.00,N,Not at Intersection,N,Non-Junction,None,,,         ,Allan,Sullivan,Other,Angle,no,no,no,yes,yes,Campus
101121079,METROPOLITAN NASHVILLE POLICE DEPT,20151155005,Davidson,Nashville,12/18/2015 4:38:00 PM,2,0,0,36.154150,-86.835710,I 40,,,,0.00,,,,,,,205.20,N,Not at Intersection,N,Entrance/Exit Ramp Related,None,,,         ,Alex,Lampley,Clear,"Sideswipe, Same Direction",no,no,no,no,no,False
101065900,METROPOLITAN NASHVILLE POLICE DEPT,20151170656,Davidson,Nashville,12/24/2015 2:05:00 AM,1,0,0,36.175250,-86.766930,ELLINGTON PKWY N ENT RAMP,,,,0.00,Feet,East,ELLINGTON PKWYN,,,,0.00,N,Not at Intersection,N,Non-Junction,None,,,         ,Joshua,Lefler,Cloudy,Not Collision with Motor Vehicle in Transport,no,no,no,no,no,False
101065912,METROPOLITAN NASHVILLE POLICE DEPT,2015-1170689,Davidson,Nashville,12/24/2015 2:31:00 AM,2,0,0,36.039040,-86.734870,OLD HICKORY BLVD,,,,299.00,Feet,East,THRIBLE SPRINGS DR,,,,0.00,N,Not at Intersection,N,Non-Junction,None,,,         ,Alan,Digruttolo,Clear,Front to Rear,no,no,no,no,no,False
101065916,METROPOLITAN NASHVILLE POLICE DEPT,2015-1170798,Davidson,Nashville,12/24/2015 3:35:00 AM,1,0,0,36.166500,-86.803390,JACKSON ST,,,,0.00,,,17TH AVN,,,,0.00,Y,T-Intersection,N,Intersection,None,,,         ,Matthew,Moses,Clear,Not Collision with Motor Vehicle in Transport,no,no,no,no,yes,False
101065923,METROPOLITAN NASHVILLE POLICE DEPT,20151170569,Davidson,Nashville,12/24/2015 1:11:00 AM,2,0,0,36.045740,-86.674350,BELL RD,,,,0.00,,,BLUE HOLE RD,,,,0.00,Y,Four-Way, ,Intersection,None,,,         ,Nicholas,Berens,Cloudy,Angle,no,no,no,no,no,False
101065929,METROPOLITAN NASHVILLE POLICE DEPT,20151170467,Davidson,Nashville,12/24/2015 12:03:00 AM,1,0,0,36.149680,-86.783250,I 40,,,,0.00,,,,,,,209.65,N,Not at Intersection,N,Non-Junction,None,,,         ,Benjamin,Fisher,Clear,Not Collision with Motor Vehicle in Transport,no,no,no,no,no,False
101065982,METROPOLITAN NASHVILLE POLICE DEPT,20151170912,Davidson,Not in City Limit,12/24/2015 5:04:00 AM,2,0,0,36.268110,-86.736580,I65 N ENT RAMP,,,,0.00,,,I 65,,,,0.00,Y,OTHER,N,Non-Junction,None,,,         ,Craig,Amabile,Clear,Front to Rear,no,no,no,no,no,False