master_record_number,agency,agency_tracking_number,county,city,collision_date,vehicles_involved,number_injured,number_dead,latitude,longitude,roadway_name,roadway_suffix,roadway_number,roadway_local_id,distance_from_reference,miles-feet_indicator,direction_from_reference,intersection_road_name,intersection_road_name_suffix,intersection_road_number,intersection_local_id,mile_marker,intersection_indicator,intersect_type,interchange_related_indicator,relation_to_junction,work_zone_type,construction_maintenance_zone,construction_maintenance_zone_location,fatal_case_number,officer_first_name,officer_last_name,weather_condition(s),manner_of_crash,pedestrian,bicycle,scooter,parking,hitrun,mou
101068010,METROPOLITAN NASHVILLE POLICE DEPT,20151179376,Davidson,Nashville,12/28/2015 12:58:00 PM,1,0,0,36.173220,-86.689120,BRILEY PKWYN,,,,761.00,Feet,North,BRILEY PKWY N ENT RAMP,,,,0.00,N,Not at Intersection,N,Non-Junction,None,,,         ,James,Curtis,Rain,Not Collision with Motor Vehicle in Transport,no,no,no,no,no,False
101068016,METROPOLITAN NASHVILLE POLICE DEPT,20151179327,Davidson,Madison,12/28/2015 12:20:00 PM,2,0,0,36.258200,-86.713620,US HWY 31E,,,,82.00,Feet,South,HARRIS ST,,,,0.00,N,Not at Intersection,N,Non-Junction,None,,,         ,Brian,Otto,Rain,Front to Rear,no,no,no,no,no,False
101068018,METROPOLITAN NASHVILLE POLICE DEPT,2015-1177084,Davidson,Nashville,12/27/2015 1:30:00 PM,2,1,0,36.171970,-86.591650,STATE HWY 265,,,,0.00,,,VALLEY GROVE DR,,,,0.00,Y,T-Intersection,N,Intersection,None,,,         ,Anthony,Venable,Cloudy,Front to Rear,no,no,no,no,no,False
101068026,METROPOLITAN NASHVILLE POLICE DEPT,20151179170,Davidson,Nashville,12/28/2015 11:10:00 AM,1,0,0,36.238240,-86.782910,STATE HWY 155,,,,0.00,,,EXIT 18A,,,,0.00,Y,OTHER,Y,Entrance/Exit Ramp Related,None,,,         ,William,Coy,Rain,Not Collision with Motor Vehicle in Transport,no,no,no,no,no,False
101068033,METROPOLITAN NASHVILLE POLICE DEPT,20151179255,Davidson,Nashville,12/28/2015 11:00:00 AM,2,0,0,36.188390,-86.607480,ANDREW JACKSON PKWY,,,,185.00,Feet,North,OLD LEBANON DIRT RD,,,,0.00,N,Not at Intersection,N,Non-Junction,None,,,         ,Craig,Carlson,Rain,"Sideswipe, Same Direction",no,no,no,no,yes,False
101068044,METROPOLITAN NASHVILLE POLICE DEPT,2015-1179397,Davidson,Nashville,12/28/2015 1:00:00 PM,2,1,0,36.170400,-86.768450,INTERSTATE DR,,,,0.00,,,WOODLAND ST,,,,0.00,Y,Four-Way,N,Intersection,None,,,         ,Paul,Sorace,Rain,Angle,no,no,no,no,no,False
101068047,METROPOLITAN NASHVILLE POLICE DEPT,2015-1179516,Davidson,Nashville,12/28/2015 12:00:00 AM,2,0,0,36.108450,-86.814640,GREEN HILLS VILLAGE DR,,,,256.00,Feet,East,PARKING LOT,,,,0.00,N,Not at Intersection,N,Non-Junction,None,,,         ,Walter,Gray II,Cloudy,Unknown,no,no,no,yes,yes,False
101068059,METROPOLITAN NASHVILLE POLICE DEPT,20151179462,Davidson,Nashville,12/28/2015 1:35:00 PM,1,0,0,36.089430,-86.642630,NASHBORO BLVD,,,,0.00,,,LONG HUNTER CT,,,,0.00,Y,T-Intersection,N,Non-Junction,None,,,         ,Wesley,Young,Rain,Not Collision with Motor Vehicle in Transport,no,no,no,no,no,False
101068108,METROPOLITAN NASHVILLE POLICE DEPT,2015-1179655,Davidson,Nashville,12/28/2015 3:13:00 PM,2,0,0,36.060700,-86.903690,STATE HWY 254,,,,645.00,Feet,South,STATE HWY 100,,,,0.00,N,Not at Intersection, ,Non-Junction,None,,,         ,Walter,Gray II,Clear,Front to Rear,no,no,no,no,no,False
101068112,METROPOLITAN NASHVILLE POLICE DEPT,20151179692,Davidson,Nashville,12/28/2015 3:15:00 PM,2,0,0,36.120880,-86.696700,RAMP,,,,0.00,Feet,East,STATE HWY 155,,,,0.00,N,Not at Intersection,Y,Entrance/Exit Ramp Related,None,,,         ,John,Kelley,Clear,Angle,no,no,no,no,no,False
101068121,METROPOLITAN NASHVILLE POLICE DEPT,20151179742,Davidson,Nashville,12/28/2015 3:44:00 PM,2,0,0,36.151840,-86.791620,MUSIC SQE,,,,0.00,,,DIVISION ST,,,,0.00,Y,Roundabout, ,Intersection-Related,None,,,         ,Tien,Nguyen,Cloudy,"Sideswipe, Same Direction",no,no,no,no,no,False
101068122,METROPOLITAN NASHVILLE POLICE DEPT,20151179767,Davidson,Nashville,12/28/2015 3:54:00 PM,2,0,0,36.156810,-86.692610,BRILEY PKWYS,,,,763.00,Feet,North,BRILEY PKWY S EXT RAMP,,,,0.00,N,Not at Intersection, ,Non-Junction,None,,,         ,Bryan,Byrnes,Clear,Front to Rear,no,no,no,no,no,False
101068126,GOODLETTSVILLE POLICE DEPT,15-47901,Davidson,Goodlettsville,12/28/2015 4:05:00 PM,2,2,0,36.323110,-86.713350,US HWY 31W,,,,34.00,Feet,North,W CEDAR ST,,,,0.00,N,Not at Intersection,N,Non-Junction,None,,,         ,Benny,Alexander,Cloudy,Front to Rear,no,no,no,no,no,False
101068130,METROPOLITAN NASHVILLE POLICE DEPT,20151179756,Davidson,Nashville,12/28/2015 3:15:00 PM,1,0,0,36.162650,-86.804510,19TH AVN,,,,0.00,,,BRITT PL,,,,0.00,Y,T-Intersection, ,Intersection-Related,None,,,         ,Earl,Davis,Cloudy,Not Collision with Motor Vehicle in Transport,no,no,no,no,no,False
101068136,METROPOLITAN NASHVILLE POLICE DEPT,20151179823,Davidson,Nashville,12/28/2015 11:05:00 AM,2,0,0,36.183810,-86.807560,CLAY ST,,,,0.00,,,12TH AVN,,,,0.00,Y,T-Intersection,N,Intersection,None,,,         ,Eric,Burford,Rain,Angle,no,no,no,no,yes,False
101068143,METROPOLITAN NASHVILLE POLICE DEPT,20151179863,Davidson,Nashville,12/28/2015 4:26:00 PM,2,1,0,36.141680,-86.816520,WEST END AV,,,,129.00,Feet,South,32ND AVS,,,,0.00,N,Not at Intersection,N,Non-Junction,None,,,         ,Charles,Griffin,Clear,Front to Rear,no,no,no,no,no,False
101068144,BERRY HILL POLICE DEPT,15-5084,Davidson,Berry Hill,12/28/2015 12:00:00 AM,2,1,0,36.119510,-86.765890,BRANSFORD AV,,,,145.00,Feet,South,MELROSE AV,,,,0.00,N,Not at Intersection,N,Non-Junction,None,,,         ,John,Gleixner,Cloudy,Front to Rear,no,no,no,no,no,False
101068151,METROPOLITAN NASHVILLE POLICE DEPT,20151179720,Davidson,Nashville,12/28/2015 3:38:00 PM,2,1,0,36.193730,-86.807050,US HWY 41 ALT,,,,0.00,,,GREAT CIRCLE RD,,,,0.00,Y,Four-Way,N,Intersection,None,,,         ,Harold,Willmore IV,Cloudy,Angle,no,no,no,no,no,False
101068152,METROPOLITAN NASHVILLE POLICE DEPT,20151179882,Davidson,Not in City Limit,12/28/2015 4:40:00 PM,1,0,0,36.077150,-87.008730,I 40,,,,0.00,,,,,,,193.20,N,Not at Intersection,N,Non-Junction,None,,,         ,Adam,Reese,Cloudy,Not Collision with Motor Vehicle in Transport,no,no,no,no,no,False
101068165,METROPOLITAN NASHVILLE POLICE DEPT,20151179990,Davidson,Nashville,12/28/2015 5:16:00 PM,2,0,0,36.140900,-86.883140,ANNEX AV,,,,398.00,Feet,East,PREMIER DR,,,,0.00,N,Not at Intersection, ,,None,,,         ,Tyler,Reese,,,no,no,no,no,no,False
101068190,METROPOLITAN NASHVILLE POLICE DEPT,20151179597,Davidson,Not in City Limit,12/28/2015 2:49:00 PM,1,0,0,36.268400,-86.751590,STATE HWY 45,,,,1250.00,Feet,East,US HWY 31W,,,,0.00,N,Not at Intersection, ,"Driveway, Alley Access, etc",None,,,         ,Derek,Moore,Rain,Not Collision with Motor Vehicle in Transport,no,no,no,no,no,False
101068194,METROPOLITAN NASHVILLE POLICE DEPT,20151180026,Davidson,Nashville,12/28/2015 5:43:00 PM,2,0,0,36.134280,-86.779090,WEDGEWOOD AV,,,,0.00,,,8TH AVS,,,,0.00,Y,Four-Way,N,Intersection-Related,None,,,         ,Tien,Nguyen,Clear,HeadOn,no,no,no,no,no,False
101068197,METROPOLITAN NASHVILLE POLICE DEPT,2015-1179907,Davidson,Not in City Limit,12/28/2015 3:36:00 PM,2,0,0,36.080810,-86.955780,US HWY 70S,,,,118.00,Feet,East,-- UNKNOWN RAMP/ROAD --,,,,0.00,N,Not at Intersection,N,Non-Junction,None,,,         ,Walter,Gray II,Clear,"Sideswipe, Same Direction",no,no,no,no,no,False
101068205,METROPOLITAN NASHVILLE POLICE DEPT,20151180097,Davidson,Nashville,12/28/2015 6:00:00 PM,1,0,0,36.219040,-86.689750,PENNINGTON BEND RD,,,,926.00,Feet,North,MCGAVOCK PIKE,,,,0.00,N,Not at Intersection, ,Non-Junction,None,,,         ,John,Kelley,Clear,Not Collision with Motor Vehicle in Transport,no,no,no,no,no,False
101068213,METROPOLITAN NASHVILLE POLICE DEPT,20151179975,Davidson,Nashville,12/28/2015 5:26:00 PM,2,1,0,36.230390,-86.782100,I 24,,,,0.00,,,,,,,44.15,N,Not at Intersection,N,Non-Junction,Construction Zone,Laneclosure,Advanced Warning Area,         ,Zachary,Ronan,Cloudy,"Sideswipe, Same Direction",no,no,no,no,no,False
101068221,METROPOLITAN NASHVILLE POLICE DEPT,20151180173,Davidson,Nashville,12/28/2015 6:33:00 PM,1,0,0,36.158890,-86.681180,MCGAVOCK PIKE,,,,0.00,,,GRAYLYNN DR,,,,0.00,Y,Four-Way,N,Intersection,None,,,         ,Leslie,Hale,Clear,Not Collision with Motor Vehicle in Transport,no,no,no,no,no,False
101068226,METROPOLITAN NASHVILLE POLICE DEPT,20151179748,Davidson,Nashville,12/28/2015 3:51:00 PM,2,0,0,36.107410,-86.720040,I 24,,,,0.00,,,,,,,53.90,N,Not at Intersection,N,Non-Junction,None,,,         ,William,Durham,Cloudy,Front to Rear,no,no,no,no,yes,False
101068227,METROPOLITAN NASHVILLE POLICE DEPT,20151180251,Davidson,Nashville,12/28/2015 5:10:00 PM,2,0,0,36.049000,-86.675480,HARPER RIDGE PL,,,,569.00,Feet,South,TIMBERLAKE CIR,,,,0.00,N,Not at Intersection,N,Non-Junction,None,,,         ,William,Durham,Cloudy,Front to Rear,no,no,no,yes,yes,False
101068252,METROPOLITAN NASHVILLE POLICE DEPT,20151180353,Davidson,Nashville,12/28/2015 7:42:00 PM,2,0,0,36.124730,-86.714820,EAST THOMPSON LN,,,,2.00,Feet,South,WIMPOLE DR,,,,0.00,N,Not at Intersection,N,Non-Junction,None,,,         ,Michael,Moss,Clear,Angle,no,no,no,no,no,False
101068262,METROPOLITAN NASHVILLE POLICE DEPT,20151180260,Davidson,Nashville,12/28/2015 7:25:00 PM,2,0,0,36.174210,-86.601930,OLD HICKORY BLVD,,,,205.00,Feet,East,BURNING TREE DR,,,,0.00,N,Not at Intersection,N,"Driveway, Alley Access, etc",None,,,         ,Shawn,Taylor,Cloudy,Angle,no,no,no,yes,no,False
101068269,METROPOLITAN NASHVILLE POLICE DEPT,20151179913,Davidson,Nashville,12/28/2015 4:50:00 PM,2,0,0,36.134280,-86.779090,WEDGEWOOD AV,,,,0.00,,,8TH AVS,,,,0.00,Y,Four-Way,N,Intersection,None,,,         ,William,Taylor,Cloudy,HeadOn,no,no,no,no,no,False
101068281,METROPOLITAN NASHVILLE POLICE DEPT,20151180334,Davidson,Nashville,12/28/2015 8:00:00 PM,2,0,0,36.167290,-86.759540,SYLVAN ST,,,,52.00,Feet,East,S 6TH ST,,,,0.00,N,Not at Intersection,N,Non-Junction,None,,,         ,William,Waters,Clear,Front to Rear,no,no,no,no,yes,False
101068297,METROPOLITAN NASHVILLE POLICE DEPT,20151172195,Davidson,Madison,12/24/2015 7:45:00 PM,1,1,0,36.262990,-86.680940,RIO VISTA DR,,,,0.00,,,STATE RT 45,,,,0.00,Y,Four-Way,N,Intersection,None,,,         ,Nathan,Dungan,Clear,Not Collision with Motor Vehicle in Transport,yes,no,no,no,no,False
101068303,METROPOLITAN NASHVILLE POLICE DEPT,20151180303,Davidson,Nashville,12/28/2015 7:41:00 PM,2,0,0,36.180190,-86.813980,BUCHANAN ST,,,,142.00,Feet,East,23RD AVN,,,,0.00,N,Not at Intersection, ,Non-Junction,None,,,         ,Sean,Wuethrich,Clear,Front to Rear,no,no,no,no,no,False
101068304,METROPOLITAN NASHVILLE POLICE DEPT,20151180421,Davidson,Nashville,12/28/2015 8:30:00 PM,2,0,0,36.194270,-86.618240,OLD HICKORY BLVD,,,,0.00,,,HERMITAGE MARKETPLACE PVTDR,,,,0.00,Y,Four-Way, ,Intersection-Related,None,,,         ,Colby,Mathis,Clear,Angle,no,no,no,no,no,False
101068306,METROPOLITAN NASHVILLE POLICE DEPT,20151180526,Davidson,Nashville,12/28/2015 9:37:00 PM,1,0,0,36.121690,-86.756010,I 440,,,,0.00,,,,,,,6.00,N,Not at Intersection, ,Non-Junction,None,,,         ,Tien,Nguyen,Clear,Not Collision with Motor Vehicle in Transport,no,no,no,no,no,False
101068309,METROPOLITAN NASHVILLE POLICE DEPT,20151179845,Davidson,Nashville,12/28/2015 3:50:00 PM,2,0,0,36.049090,-86.648370,MT VIEW RD,,,,465.00,Feet,East,BELL RD,,,,0.00,N,Not at Intersection,N,Non-Junction,None,,,         ,William,Durham,Cloudy,Rear to Rear,no,no,no,yes,yes,False
101068310,METROPOLITAN NASHVILLE POLICE DEPT,20151179981,Davidson,Nashville,12/28/2015 5:01:00 PM,2,0,0,36.119820,-86.726760,I 24,,,,0.00,,,,,,,52.90,N,Not at Intersection, ,Non-Junction,None,,,         ,William,Durham,Cloudy,Front to Rear,no,no,no,no,no,False
101068311,METROPOLITAN NASHVILLE POLICE DEPT,20151180413,Davidson,Nashville,12/28/2015 8:30:00 PM,2,2,0,36.112960,-86.746300,NOLENSVILLE PKE,,,,99.00,Feet,North,MCCLAIN AV,,,,0.00,N,Not at Intersection,N,Non-Junction,None,,,         ,William,Durham,Clear,Front to Rear,no,no,no,no,no,False
101068319,METROPOLITAN NASHVILLE POLICE DEPT,20151180367,Davidson,Nashville,12/28/2015 7:25:00 PM,2,0,0,36.230670,-86.795660,VISTA LN,,,,116.00,Feet,South,VISTA CT,,,,0.00,N,Not at Intersection, ,Non-Junction,None,,,         ,Dontaveous,Eubanks,Clear,Angle,no,no,no,no,no,False
101068325,METROPOLITAN NASHVILLE POLICE DEPT,20151179964,Davidson,Nashville,12/28/2015 5:18:00 PM,3,0,0,36.145600,-86.741360,I 40,,,,0.00,,,,,,,212.20,N,Not at Intersection, ,Non-Junction,None,,,         ,Bryan,Byrnes,Clear,Front to Rear,no,no,no,no,no,False
101068329,METROPOLITAN NASHVILLE POLICE DEPT,20151179708,Davidson,Nashville,12/28/2015 3:35:00 PM,2,1,0,36.155150,-86.759090,I 24,,,,0.00,,,,,,,49.80,N,Not at Intersection,N,Non-Junction,None,,,         ,Ethan,Luffman,Clear,Front to Rear,no,no,no,no,yes,False
101068332,METROPOLITAN NASHVILLE POLICE DEPT,20151180023,Davidson,Nashville,12/28/2015 5:50:00 PM,2,1,0,36.192460,-86.832350,JOHN MALLETTE DR,,,,0.00,,,S HAMILTON RD,,,,0.00,Y,T-Intersection,N,Intersection,None,,,         ,Brandon,Evans,Clear,Front to Rear,no,no,no,no,no,False
101068352,METROPOLITAN NASHVILLE POLICE DEPT,20151180767,Davidson,Nashville,12/28/2015 10:38:00 PM,2,0,0,36.229240,-86.594630,SAUNDERSVILLE RD,,,,0.00,,,GENERAL KERSHAW DR,,,,0.00,Y,T-Intersection,N,Intersection,None,,,         ,Roy,McElwee,Clear,Not Collision with Motor Vehicle in Transport,no,no,no,no,no,False
101068358,METROPOLITAN NASHVILLE POLICE DEPT,20151180689,Davidson,Goodlettsville,12/28/2015 9:50:00 PM,2,0,0,36.302650,-86.691950,US HWY 31E,,,,52.00,Feet,West,CONFERENCE DR,,,,0.00,N,Not at Intersection, ,,None,,,         ,Peter,Lynch,,,no,no,no,no,no,False
101068364,METROPOLITAN NASHVILLE POLICE DEPT,2015-1180703,Davidson,Nashville,12/28/2015 10:25:00 PM,2,0,0,36.206620,-86.777900,W TRINITY LN,,,,0.00,,,BRICK CHURCH PKE,,,,0.00,Y,Four-Way, ,Intersection,None,,,         ,Kenneth,Bray,Cloudy,"Sideswipe, Same Direction",no,no,no,no,yes,False
101068392,METROPOLITAN NASHVILLE POLICE DEPT,20151180743,Davidson,Nashville,12/28/2015 11:31:00 PM,1,1,0,36.123040,-86.752060,I440 W ENT RAMP,,,,0.00,,,I 440,,,,0.00,Y,OTHER,Y,Entrance/Exit Ramp Related,None,,,         ,James,Jensen,Clear,Not Collision with Motor Vehicle in Transport,no,no,no,no,no,False
101068394,METROPOLITAN NASHVILLE POLICE DEPT,2015-1180618,Davidson,Nashville,12/28/2015 10:07:00 PM,2,0,0,36.176580,-86.771190,SPRING ST,,,,0.00,Feet,East,-- UNKNOWN RAMP/ROAD --,,,,0.00,N,Not at Intersection, ,Non-Junction,None,,,         ,Michael,Agee,Cloudy,"Sideswipe, Same Direction",no,no,no,no,no,False
101068428,METROPOLITAN NASHVILLE POLICE DEPT,20151181228,Davidson,Nashville,12/29/2015 4:49:00 AM,2,0,0,36.172560,-86.772670,N 1ST ST,,,,490.00,Feet,West,N 2ND ST,,,,0.00,N,Not at Intersection,N,Non-Junction,None,,,         ,Michael,Willis Jr.,Cloudy,"Sideswipe, Same Direction",no,no,no,yes,yes,False
101068431,METROPOLITAN NASHVILLE POLICE DEPT,20151181324,Davidson,Nashville,12/29/2015 6:00:00 AM,1,0,0,36.097150,-86.706820,ANTIOCH PKE,,,,0.00,,,SPACE PARK SOUTH DR,,,,0.00,Y,OTHER,N,Non-Junction,None,,,         ,James,Jensen,Clear,Not Collision with Motor Vehicle in Transport,no,no,no,no,no,False
101068434,METROPOLITAN NASHVILLE POLICE DEPT,20151174893,Davidson,Not in City Limit,12/26/2015 1:10:00 PM,2,0,0,36.268690,-86.710690,GALLATIN PKEN,,,,69.00,Feet,North,LOVELL ST,,,,0.00,N,Not at Intersection,N,Non-Junction,None,,,         ,Daniel,Garrett,Clear,Angle,no,no,no,no,yes,False
101068438,METROPOLITAN NASHVILLE POLICE DEPT,20151179412,Davidson,Nashville,12/28/2015 1:17:00 PM,2,1,0,36.155610,-86.805060,21ST AVN,,,,120.00,Feet,North,MURPHY AV,,,,0.00,N,Not at Intersection,N,Non-Junction,None,,,         ,Nathan,Kemp,Clear,"Sideswipe, Same Direction",no,no,no,no,no,False
101068469,METROPOLITAN NASHVILLE POLICE DEPT,20151179571,Davidson,Nashville,12/28/2015 2:15:00 PM,1,0,0,36.069440,-86.689620,I 24,,,,0.00,,,,,,,57.00,N,Not at Intersection, ,Non-Junction,None,,,         ,Todd,Watson,Rain,Not Collision with Motor Vehicle in Transport,no,no,no,no,no,False
101068483,METROPOLITAN NASHVILLE POLICE DEPT,20151171633,Davidson,Nashville,12/24/2015 1:37:00 PM,2,1,0,36.229370,-86.759270,US HWY 31W,,,,0.00,,,EWING DR,,,,0.00,Y,OTHER,N,Non-Junction,None,,,         ,Martin,Gonzalez,Clear,Angle,no,no,no,no,yes,False
101068489,METROPOLITAN NASHVILLE POLICE DEPT,20151179430,Davidson,Nashville,12/28/2015 1:30:00 PM,2,0,0,36.229710,-86.732500,BROADMOOR DR,,,,0.00,,,SAUNDERS AV,,,,0.00,Y,Four-Way,N,Intersection,None,,,         ,Aaron,Wigginton,Rain,Front to Rear,no,no,no,no,no,False
101068495,METROPOLITAN NASHVILLE POLICE DEPT,2015-1171644,Davidson,Madison,12/24/2015 1:29:00 PM,3,0,0,36.298510,-86.697850,GALLATIN PKEN,,,,595.00,Feet,South,CUDE LN,,,,0.00,N,Not at Intersection, ,Non-Junction,None,,,         ,David,Boone,Clear,Front to Rear,no,no,no,no,no,False
101068497,METROPOLITAN NASHVILLE POLICE DEPT,2015-1179078,Davidson,Nashville,12/28/2015 10:35:00 AM,2,0,0,36.173250,-86.791480,JEFFERSON ST,,,,24.00,Feet,East,ROSA L PARKS BLVD,,,,0.00,N,Not at Intersection, ,,None,,,         ,William,Vincion,,,no,no,no,no,no,False
101068498,METROPOLITAN NASHVILLE POLICE DEPT,20151181479,Davidson,Nashville,12/29/2015 7:53:00 AM,1,1,0,36.149920,-86.796740,DIVISION ST,,,,0.00,,,LYLE AV,,,,0.00,Y,T-Intersection,N,Intersection,None,,,         ,Nathan,Kemp,Clear,Not Collision with Motor Vehicle in Transport,no,yes,no,no,no,False
101068499,METROPOLITAN NASHVILLE POLICE DEPT,2015-1181625,Davidson,Nashville,12/29/2015 9:00:00 AM,1,0,0,36.105090,-86.922110,STATE HWY 251,,,,238.00,Feet,South,BELLE VALLEY DR,,,,0.00,N,Not at Intersection, ,Non-Junction,None,,,         ,Curtis,Rich,Cloudy,Not Collision with Motor Vehicle in Transport,no,no,no,no,no,False
101068500,METROPOLITAN NASHVILLE POLICE DEPT,20151181423,Davidson,Nashville,12/29/2015 7:30:00 AM,2,0,0,36.228190,-86.779730,I 24,,,,0.00,,,,,,,44.35,N,Not at Intersection, ,Non-Junction,Construction Zone,,,         ,Michael,McCord,Cloudy,"Sideswipe, Same Direction",no,no,no,no,no,False
101068507,METROPOLITAN NASHVILLE POLICE DEPT,20151181354,Davidson,Nashville,12/29/2015 6:29:00 AM,2,0,0,36.150340,-86.748860,I 40,,,,0.00,,,,,,,211.70,N,Not at Intersection,N,Non-Junction,None,,,         ,Catherine,Poole,Cloudy,Front to Rear,no,no,no,no,no,False
101068516,METROPOLITAN NASHVILLE POLICE DEPT,20151181516,Davidson,Nashville,12/29/2015 8:05:00 AM,2,1,0,36.045450,-86.703600,STATE HWY 254,,,,0.00,,,EULALA DR,,,,0.00,Y,Four-Way,Y,Intersection,None,,,         ,Jeremy,King,Cloudy,Angle,no,no,no,no,no,False
101068519,METROPOLITAN NASHVILLE POLICE DEPT,20151181761,Davidson,Nashville,12/29/2015 9:46:00 AM,2,0,0,36.146870,-86.793800,17TH AVS,,,,0.00,,,GRAND AV,,,,0.00,Y,Four-Way,N,Intersection,None,,,         ,Nathan,Kemp,Clear,Angle,no,no,no,no,no,Campus
101068520,METROPOLITAN NASHVILLE POLICE DEPT,20150181601,Davidson,Nashville,12/29/2015 8:40:00 AM,2,0,0,36.192900,-86.831930,S HAMILTON RD,,,,45.00,Feet,North,JOHN MALLETTE DR,,,,0.00,N,Not at Intersection, ,,None,,,         ,Alan,Jordan,,,no,no,no,no,no,False
101068522,METROPOLITAN NASHVILLE POLICE DEPT,20151181445,Davidson,Nashville,12/29/2015 7:30:00 AM,3,2,0,36.086460,-86.698690,HARDING PL,,,,0.00,,,I24 W ENT RAMP,,,,0.00,Y,Four-Way,N,Intersection,None,,,         ,James,Grady,Cloudy,Front to Rear,no,no,no,no,no,False
101068524,METROPOLITAN NASHVILLE POLICE DEPT,20151181650,Davidson,Nashville,12/29/2015 9:09:00 AM,2,0,0,36.109970,-86.766690,POWELL AV,,,,383.00,Feet,South,OLD POWELL AV,,,,0.00,N,Not at Intersection, ,Non-Junction,None,,,         ,James,Smith,Clear,Front to Rear,no,no,no,no,no,False
101068529,METROPOLITAN NASHVILLE POLICE DEPT,20151181873,Davidson,Nashville,12/29/2015 10:26:00 AM,2,0,0,36.125310,-86.805610,21ST AVS,,,,0.00,,,WOODLAWN DR,,,,0.00,Y,Four-Way,N,Intersection,None,,,         ,Nathan,Kemp,Clear,Angle,no,no,no,no,no,False
101068541,METROPOLITAN NASHVILLE POLICE DEPT,20151181801,Davidson,Goodlettsville,12/29/2015 10:00:00 AM,2,0,0,36.296960,-86.699120,US HWY 31E,,,,0.00,,,MYATT DR,,,,0.00,Y,Four-Way,N,Intersection-Related,None,,,         ,William,Coy,Cloudy,Front to Rear,no,no,no,no,no,False
101068544,METROPOLITAN NASHVILLE POLICE DEPT,2015-1180096,Davidson,Nashville,12/28/2015 6:15:00 PM,2,0,0,36.150250,-86.857460,US HWY 70,,,,50.00,Feet,West,ORLANDO AVE,,,,0.00,N,Not at Intersection,N,Non-Junction,None,,,         ,Walter,Gray II,Clear,Front to Rear,no,no,no,no,yes,False
101068577,METROPOLITAN NASHVILLE POLICE DEPT,2015-1181982,Davidson,Nashville,12/29/2015 11:10:00 AM,2,0,0,36.153430,-86.779310,US HWY 31,,,,0.00,,,PALMER PL,,,,0.00,Y,T-Intersection, ,Intersection,None,,,         ,Travis,Baxter,Cloudy,"Sideswipe, Same Direction",no,no,no,no,no,False
101068605,METROPOLITAN NASHVILLE POLICE DEPT,20151182180,Davidson,Nashville,12/29/2015 12:27:00 PM,2,1,0,36.245700,-86.784450,I 24,,,,0.00,,,,,,,43.00,N,Not at Intersection,Y,Non-Junction,None,,,         ,Michael,McCord,Cloudy,Front to Rear,no,no,no,no,no,False
101068606,METROPOLITAN NASHVILLE POLICE DEPT,2015-1182156,Davidson,Nashville,12/29/2015 12:19:00 PM,2,0,0,36.152850,-86.823700,US HWY 70,,,,55.00,Feet,West,33RD AVE N,,,,0.00,N,Not at Intersection, ,Non-Junction,None,,,         ,Walter,Gray II,Cloudy,Front to Rear,no,no,no,no,no,False
101068609,METROPOLITAN NASHVILLE POLICE DEPT,2015-1180596,Davidson,Nashville,12/28/2015 8:01:00 PM,2,0,0,36.116910,-86.733360,LUTIE ST,,,,17.00,Feet,West,JAY DR,,,,0.00,N,Not at Intersection, ,Non-Junction,None,,,         ,Michael,Moss,Clear,Angle,no,no,no,no,no,False
101068610,METROPOLITAN NASHVILLE POLICE DEPT,20151179531,Davidson,Nashville,12/28/2015 2:05:00 PM,1,1,0,36.172660,-86.688880,BRILEY PKWYN,,,,547.00,Feet,North,BRILEY PKWY N ENT RAMP,,,,0.00,N,Not at Intersection,N,Non-Junction,None,,,         ,James,Curtis,Rain,Not Collision with Motor Vehicle in Transport,no,no,no,no,no,False
101068611,METROPOLITAN NASHVILLE POLICE DEPT,20151181931,Davidson,Nashville,12/29/2015 12:00:00 AM,2,0,0,36.152200,-86.842220,CHARLOTTE AV,,,,0.00,,,46TH AVN,,,,0.00,Y,Four-Way,N,Intersection-Related,None,,,         ,James,Curtis,Cloudy,"Sideswipe, Same Direction",no,no,no,no,yes,False
101068623,METROPOLITAN NASHVILLE POLICE DEPT,20151182082,Davidson,Nashville,12/29/2015 11:54:00 AM,2,0,0,36.209740,-86.862880,EATONS CREEK RD,,,,100.00,Feet,North,ENCHANTED WAY,,,,0.00,N,Not at Intersection, ,Non-Junction,None,,,         ,Donald,Davidson,Clear,Not Collision with Motor Vehicle in Transport,no,no,no,no,no,False
101068637,METROPOLITAN NASHVILLE POLICE DEPT,20151182074,Davidson,Nashville,12/29/2015 11:43:00 AM,4,0,0,36.134640,-86.776240,I65 S EXT RAMP,,,,0.00,Feet,East,WEDGEWOOD AV,,,,0.00,N,Not at Intersection,N,Entrance/Exit Ramp Related,None,,,         ,Phillip,Murphy,Clear,"Sideswipe, Same Direction",no,no,no,no,no,False
101068641,METROPOLITAN NASHVILLE POLICE DEPT,20151182188,Davidson,Nashville,12/29/2015 12:27:00 PM,3,2,0,36.230620,-86.781600,BRICK CHURCH PKE,,,,359.00,Feet,South,EWING DR,,,,0.00,N,Not at Intersection,N,Non-Junction,None,,,         ,Michael,Watkins,Cloudy,Front to Rear,no,no,no,no,no,False