master_record_number,agency,agency_tracking_number,county,city,collision_date,vehicles_involved,number_injured,number_dead,latitude,longitude,roadway_name,roadway_suffix,roadway_number,roadway_local_id,distance_from_reference,miles-feet_indicator,direction_from_reference,intersection_road_name,intersection_road_name_suffix,intersection_road_number,intersection_local_id,mile_marker,intersection_indicator,intersect_type,interchange_related_indicator,relation_to_junction,work_zone_type,construction_maintenance_zone,construction_maintenance_zone_location,fatal_case_number,officer_first_name,officer_last_name,weather_condition(s),manner_of_crash,pedestrian,bicycle,scooter,parking,hitrun,mou
101069746,METROPOLITAN NASHVILLE POLICE DEPT,118110,Davidson,Nashville,12/31/2015 11:35:00 AM,2,0,0,36.217830,-86.597630,ANDREW JACKSON PKWY,,,,0.00,,,JACKSON MEADOWS DR,,,,0.00,Y,T-Intersection, ,Intersection,None,,,         ,Tyler,Maupin,Cloudy,Front to Rear,no,no,no,no,no,False
101069747,METROPOLITAN NASHVILLE POLICE DEPT,20151188138,Davidson,Nashville,12/31/2015 11:07:00 AM,2,0,0,36.155640,-86.789710,14TH AVE,,,,0.00,,,US HWY 70,,,,0.00,Y,Four-Way, ,,None,,,         ,Jason,Picanzo,,,no,no,no,no,no,False
101069748,METROPOLITAN NASHVILLE POLICE DEPT,20151187713,Davidson,Nashville,12/31/2015 8:00:00 AM,1,1,0,36.042900,-86.726350,STATE HWY 254,,,,236.00,Feet,North,WOODLANDS AVE,,,,0.00,N,Not at Intersection,N,Non-Junction,None,,,         ,Tony,Folad,Cloudy,Not Collision with Motor Vehicle in Transport,no,no,no,no,no,False
101069757,METROPOLITAN NASHVILLE POLICE DEPT,2015-1188222,Davidson,Nashville,12/31/2015 12:19:00 PM,2,0,0,36.078520,-86.656500,UNA ANTIOCH PKE,,,,210.00,Feet,East,OAKWOOD FOREST DR,,,,0.00,N,Not at Intersection, ,Non-Junction,None,,,         ,William,Whitworth,Cloudy,Other,no,no,no,no,no,False
101069759,METROPOLITAN NASHVILLE POLICE DEPT,20151188172,Davidson,Nashville,12/31/2015 11:50:00 AM,2,0,0,36.124990,-86.752200,NOLENSVILLE PKE,,,,0.00,Feet,,ROSEDALE AV,,,,0.00,Y,T-Intersection,N,Intersection-Related,None,,,         ,Gregory,Lindstrom,Cloudy,"Sideswipe, Same Direction",no,no,no,no,no,False
101069769,METROPOLITAN NASHVILLE POLICE DEPT,20151187601,Davidson,Nashville,12/31/2015 6:11:00 AM,1,0,0,36.112240,-86.810930,HILLSBORO PKE,,,,390.00,Feet,North,GRAYBAR LN,,,,0.00,N,Not at Intersection,N,Non-Junction,None,,,         ,Nathan,Kemp,Clear,Not Collision with Motor Vehicle in Transport,no,no,no,yes,yes,False
101069770,METROPOLITAN NASHVILLE POLICE DEPT,20151188237,Davidson,Nashville,12/31/2015 12:20:00 PM,2,0,0,36.238890,-86.710500,MIAMI AV,,,,190.00,Feet,South,WOODDALE LN,,,,0.00,N,Not at Intersection, ,Non-Junction,None,,,         ,Ralph,Harvey,Cloudy,Angle,no,no,no,no,no,False
101069772,METROPOLITAN NASHVILLE POLICE DEPT,2015-1188291,Davidson,Nashville,12/31/2015 1:00:00 PM,2,0,0,36.139230,-86.880690,ANNEX AVE,,,,67.00,Feet,North,US HWY 70,,,,0.00,N,Not at Intersection,N,Non-Junction,None,,,         ,Benjamin,Cantrell,Cloudy,Angle,no,no,no,no,no,False
101069796,METROPOLITAN NASHVILLE POLICE DEPT,20151188001,Davidson,Nashville,12/31/2015 10:13:00 AM,2,0,0,36.226260,-86.777740,I 24,,,,0.00,,,,,,,44.70,N,Not at Intersection,Y,Entrance/Exit Ramp Related,Construction Zone,Laneclosure,Activity Area,         ,Michael,McCord,Cloudy,Front to Rear,no,no,no,no,no,False
101069816,METROPOLITAN NASHVILLE POLICE DEPT,20151186661,Davidson,Nashville,12/30/2015 12:00:00 AM,2,0,0,36.176120,-86.756220,MAIN ST,,,,0.00,,,,,,,0.00,,, ,Non-Junction,None,,,         ,Nicholas,MacDougall,Clear,Rear to Rear,no,no,no,yes,yes,False
101069833,METROPOLITAN NASHVILLE POLICE DEPT,20151188510,Davidson,Nashville,12/31/2015 3:32:00 PM,2,0,0,36.087830,-86.647050,NASHBORO BLVD,,,,585.00,Feet,East,UNA ANTIOCH PKE,,,,0.00,N,Not at Intersection, ,,None,,,         ,Shawn,Taylor,,,no,no,no,no,no,False
101069844,METROPOLITAN NASHVILLE POLICE DEPT,20151188426,Davidson,Nashville,12/31/2015 2:25:00 PM,2,0,0,0.000000,0.000000,CHARLOTTE PK,,,,30.00,Feet,West,I 40 E EXT RAMP,,,,0.00,N,Not at Intersection, ,Non-Junction,None,,,         ,Jeremy,Huffine,Cloudy,Front to Rear,no,no,no,no,no,False
101069845,METROPOLITAN NASHVILLE POLICE DEPT,20151188419,Davidson,Nashville,12/31/2015 1:52:00 PM,2,0,0,36.061160,-86.721280,WHISPERING HILLS DR,,,,0.00,,,MCMURRAY DR,,,,0.00,Y,Four-Way,N,Intersection-Related,None,,,         ,Tien,Nguyen,Cloudy,"Sideswipe, Opposite Direction",no,no,no,no,yes,False
101069852,METROPOLITAN NASHVILLE POLICE DEPT,20151188568,Davidson,Madison,12/31/2015 2:50:00 PM,2,0,0,36.256240,-86.674730,CHEYENNE BLVD,,,,867.00,Feet,North,AIDEEN PL,,,,0.00,N,Not at Intersection,N,Non-Junction,None,,,         ,Landon,Bagwell,Cloudy,Angle,no,no,no,yes,yes,False
101069853,METROPOLITAN NASHVILLE POLICE DEPT,20151188439,Davidson,Nashville,12/31/2015 2:41:00 PM,2,0,0,36.168430,-86.776780,JAMES ROBERTSON PKWY,,,,214.00,Feet,East,GAY ST,,,,0.00,N,Not at Intersection, ,Non-Junction,None,,,         ,Caleb,Rogan,Clear,"Sideswipe, Same Direction",no,no,no,no,no,False
101069856,METROPOLITAN NASHVILLE POLICE DEPT,20151188459,Davidson,Nashville,12/31/2015 3:00:00 PM,3,0,0,36.107350,-86.719730,I 24,,,,0.00,,,,,,,53.90,N,Not at Intersection,N,Non-Junction,None,,,         ,Jacob,Masteller,Clear,Front to Rear,no,no,no,no,no,False
101069863,METROPOLITAN NASHVILLE POLICE DEPT,20151186303,Davidson,Nashville,12/30/2015 7:41:00 PM,1,0,0,36.084450,-86.761700,SIDCO DR,,,,200.00,Feet,South,ELYSIAN FIELDS RD,,,,0.00,N,Not at Intersection,N,Unknown,None,,,         ,Clyde,Stambaugh,Unknown,Unknown,no,no,no,no,no,False
101069879,METROPOLITAN NASHVILLE POLICE DEPT,20151188629,Davidson,Old Hickory,12/31/2015 4:15:00 PM,2,0,0,36.255919,-86.653964,ROBINSON,RD,SR45,,0.00,,,MERRITT,DR,,,0.00,Y,T-Intersection,N,Intersection,None,,,         ,Shawn,Taylor,Cloudy,Front to Rear,no,no,no,no,yes,False
101069881,METROPOLITAN NASHVILLE POLICE DEPT,20151188621,Davidson,Nashville,12/31/2015 3:52:00 PM,2,0,0,36.143490,-86.814440,WEST END AV,,,,0.00,,,30TH AVS,,,,0.00,Y,T-Intersection, ,Intersection,None,,,         ,Charles,Griffin,Cloudy,Angle,no,no,no,no,no,Campus
101069882,METROPOLITAN NASHVILLE POLICE DEPT,20151188630,Davidson,Nashville,12/31/2015 4:27:00 PM,2,0,0,36.063040,-86.683060,I 24,,,,0.00,,,,,,,57.60,N,Not at Intersection,N,Non-Junction,None,,,         ,Oscar,Gomez,Clear,Front to Rear,no,no,no,no,no,False
101069895,METROPOLITAN NASHVILLE POLICE DEPT,20151188744,Davidson,Nashville,12/31/2015 5:00:00 PM,2,0,0,36.164260,-86.747760,S 13TH CT,,,,398.00,Feet,South,S 14TH ST,,,,0.00,N,Not at Intersection, ,Non-Junction,None,,,         ,Kevin,Reynolds,Clear,"Sideswipe, Same Direction",no,no,no,no,no,False
101069902,METROPOLITAN NASHVILLE POLICE DEPT,20151188741,Davidson,Nashville,12/31/2015 5:12:00 PM,3,1,0,36.108680,-86.812130,GLEN ECHO RD,,,,0.00,,,HILLSBORO PKE,,,,0.00,Y,T-Intersection,N,Intersection-Related,None,,,         ,Tien,Nguyen,Clear,Front to Rear,no,no,no,no,no,False
101069915,METROPOLITAN NASHVILLE POLICE DEPT,20151188754,Davidson,Nashville,12/31/2015 5:10:00 PM,2,0,0,36.110240,-86.723520,I24 E EXT RAMP,,,,0.00,Feet,East,I 24,,,,0.00,N,Not at Intersection,Y,Entrance/Exit Ramp Related,None,,,         ,Jacob,Masteller,Clear,"Sideswipe, Same Direction",no,no,no,no,no,False
101069930,METROPOLITAN NASHVILLE POLICE DEPT,20151188619,Davidson,Madison,12/31/2015 4:23:00 PM,2,2,0,36.264230,-86.735330,STATE HWY 45,,,,59.00,Feet,West,BOYDS HILLTOP DR,,,,0.00,N,Not at Intersection,N,Non-Junction,None,,,         ,Luis,Lopez,Cloudy,Other,no,no,no,no,no,False
101069931,METROPOLITAN NASHVILLE POLICE DEPT,20151188947,Davidson,Nashville,12/31/2015 7:06:00 PM,2,0,0,36.215120,-86.597670,ANDREW JACKSON PKWY,,,,0.00,,,LEBANON PKE,,,,0.00,Y,Four-Way, ,Intersection,None,,,         ,Shawn,Taylor,Cloudy,Angle,no,no,no,no,no,False
101069935,METROPOLITAN NASHVILLE POLICE DEPT,20151188916,Davidson,Nashville,12/31/2015 6:45:00 PM,2,0,0,36.155720,-86.789510,BROADWAY,,,,0.00,,,14TH AVS,,,,0.00,Y,Four-Way, ,Non-Junction,None,,,         ,Maria,Cortez,Clear,"Sideswipe, Same Direction",no,no,no,no,no,False
101069936,METROPOLITAN NASHVILLE POLICE DEPT,20151188709,Davidson,Not in City Limit,12/31/2015 4:57:00 PM,2,0,0,36.080620,-86.955250,RAMP,,,,3.00,Feet,North,I 40,,,,0.00,N,Not at Intersection,N,Entrance/Exit Ramp Related,None,,,         ,Michael,Russell,Clear,Angle,no,no,no,no,no,False
101069937,METROPOLITAN NASHVILLE POLICE DEPT,20151188971,Davidson,Nashville,12/31/2015 7:17:00 PM,2,0,0,36.137570,-86.800760,WEDGEWOOD AV,,,,0.00,,,21ST AVS,,,,0.00,Y,Four-Way, ,Intersection-Related,None,,,         ,Tien,Nguyen,Clear,Angle,no,no,no,no,no,Campus
101069950,METROPOLITAN NASHVILLE POLICE DEPT,20151188943,Davidson,Nashville,12/31/2015 6:12:00 AM,2,0,0,36.204580,-86.748390,E TRINITY LN,,,,0.00,,,AMBROSE AV,,,,0.00,Y,T-Intersection, ,Entrance/Exit Ramp Related,None,,,         ,Lee,Bond,Clear,Front to Rear,no,no,no,no,no,False
101069952,METROPOLITAN NASHVILLE POLICE DEPT,20151188964,Davidson,Nashville,12/31/2015 7:13:00 PM,1,1,0,36.156480,-86.772680,3RD AVS,,,,0.00,,,PEABODY ST,,,,0.00,Y,Four-Way,N,Intersection,None,,,         ,Tyler,Hutton,Clear,Not Collision with Motor Vehicle in Transport,yes,no,no,no,no,False
101069959,METROPOLITAN NASHVILLE POLICE DEPT,20151188694,Davidson,Nashville,12/31/2015 4:50:00 PM,2,2,0,36.064760,-86.628450,HAMILTON CHURCH RD,,,,0.00,,,US HWY 41,,,,0.00,Y,Four-Way,Y,Intersection,None,,,         ,Michael,Wolterbeek,Cloudy,HeadOn,no,no,no,no,no,False
101069960,METROPOLITAN NASHVILLE POLICE DEPT,20151188922,Davidson,Nashville,12/31/2015 6:47:00 PM,2,1,0,36.135310,-86.823550,ELMINGTON AVE,,,,0.00,,,US HWY 70S,,,,0.00,Y,T-Intersection,N,Intersection,None,,,         ,Brandon,Rardin,Clear,Angle,no,no,no,no,no,False
101069981,METROPOLITAN NASHVILLE POLICE DEPT,20151189095,Davidson,Madison,12/31/2015 7:49:00 PM,2,0,0,36.263060,-86.711910,STATE HWY 45,,,,0.00,,,US HWY 31E,,,,0.00,Y,Four-Way, ,Intersection,None,,,         ,Luis,Lopez,Clear,Angle,no,no,no,no,no,False
101069984,METROPOLITAN NASHVILLE POLICE DEPT,20151189113,Davidson,Nashville,12/31/2015 7:05:00 PM,2,0,0,36.199060,-86.740960,GALLATIN PKE,,,,0.00,,,DELMAS AV,,,,0.00,Y,OTHER,N,Non-Junction,None,,,         ,Paul,Stein,Clear,Front to Rear,no,no,no,no,yes,False
101069985,METROPOLITAN NASHVILLE POLICE DEPT,20151188863,Davidson,Nashville,12/31/2015 6:00:00 PM,2,0,0,36.047080,-86.647990,MOUNT VIEW RD,,,,0.00,,,BELL FORGE LN E,,,,0.00,Y,Four-Way, ,Intersection,None,,,         ,Michael,Wolterbeek,Cloudy,"Sideswipe, Same Direction",no,no,no,no,no,False
101069996,METROPOLITAN NASHVILLE POLICE DEPT,20151188647,Davidson,Goodlettsville,12/31/2015 4:35:00 PM,2,1,0,36.294490,-86.705280,ALTA LOMA RD,,,,0.00,,,GLEAVES ST,,,,0.00,Y,Four-Way,N,Intersection,None,,,         ,Nathan,Dungan,Cloudy,Angle,no,no,no,no,no,False
101069998,METROPOLITAN NASHVILLE POLICE DEPT,20151188752,Davidson,Madison,12/31/2015 5:20:00 PM,2,3,0,36.266680,-86.743490,OLD HICKORY BLVDW,,,,100.00,Feet,East,LINCOLN PK,,,,0.00,N,Not at Intersection,N,Non-Junction,None,,,         ,Nathan,Dungan,Clear,"Sideswipe, Same Direction",no,no,no,no,no,False
101070012,METROPOLITAN NASHVILLE POLICE DEPT,20151189389,Davidson,Not in City Limit,12/31/2015 10:45:00 PM,2,0,0,36.044460,-86.956200,STATE HWY 100,,,,0.00,,,OLD HARDING PIKE,,,,0.00,Y,Four-Way, ,Intersection,None,,,         ,Jackson,Smythe,Clear,Front to Rear,no,no,no,no,no,False
101070028,METROPOLITAN NASHVILLE POLICE DEPT,20151189474,Davidson,Nashville,12/31/2015 11:24:00 PM,2,2,0,36.139510,-86.700310,BRILEY PKWY,,,,0.00,,,KAREN DR,,,,0.00,Y,Four-Way,N,Intersection,None,,,         ,Christina,Buckner,Clear,HeadOn,no,no,no,no,no,False
101070030,METROPOLITAN NASHVILLE POLICE DEPT,20151189383,Davidson,Nashville,12/31/2015 10:21:00 PM,2,0,0,36.141590,-86.714840,I 40,,,,0.00,,,,,,,213.95,N,Not at Intersection,N,Non-Junction,None,,,         ,Evan,Hibschman,Clear,"Sideswipe, Same Direction",no,no,no,no,no,False
101070034,METROPOLITAN NASHVILLE POLICE DEPT,20151189405,Davidson,Nashville,12/31/2015 10:20:00 PM,2,0,0,36.156810,-86.771900,2ND AVS,,,,0.00,,,PEABODY ST,,,,0.00,Y,Four-Way, ,Intersection,None,,,         ,Blake,Lutz,Clear,"Sideswipe, Same Direction",no,no,no,no,yes,False
101070076,METROPOLITAN NASHVILLE POLICE DEPT,20151189471,Davidson,Nashville,12/31/2015 11:12:00 PM,2,0,0,36.164950,-86.776090,1ST AVN,,,,0.00,,,GAY ST,,,,0.00,Y,Four-Way, ,Intersection-Related,None,,,         ,Brandon,Hicks,Clear,Angle,no,no,no,no,no,False
101070088,METROPOLITAN NASHVILLE POLICE DEPT,20151178446,Davidson,Nashville,12/28/2015 5:40:00 AM,1,0,0,36.139910,-86.822770,I 440,,,,0.00,,,,,,,0.25,N,Not at Intersection,N,Non-Junction,None,,,         ,Bryant,Presley,Clear,Not Collision with Motor Vehicle in Transport,no,no,no,no,yes,False
101070094,VANDERBILT UNIVERSITY POLICE,15-1187598,Davidson,Nashville,12/31/2015 6:13:00 AM,2,0,0,36.149490,-86.800470,21ST AVS,,,,0.00,,,BROADWAY,,,,0.00,Y,T-Intersection,N,Intersection,None,,,         ,Joseph,Serna,Cloudy,Front to Rear,no,no,no,no,yes,Campus
101070100,METROPOLITAN NASHVILLE POLICE DEPT,20151189467,Davidson,Not in City Limit,12/31/2015 11:30:00 PM,2,2,0,36.264100,-86.724180,OLD HICKORY BLVDW,,,,0.00,,,HERITAGE DR,,,,0.00,Y,Four-Way,N,Non-Junction,None,,,         ,Ryan,Kozlowski,Clear,Angle,no,no,no,no,no,False
101070115,METROPOLITAN NASHVILLE POLICE DEPT,2015-1180723,Davidson,Nashville,12/28/2015 11:21:00 PM,2,1,0,36.148660,-86.807040,ELLISTON PL,,,,0.00,,,24TH AVN,,,,0.00,Y,Four-Way,N,Intersection,None,,,         ,Matthew,Moses,Clear,Angle,no,no,no,no,no,Campus
101070150,METROPOLITAN NASHVILLE POLICE DEPT,20151187970,Davidson,Nashville,12/31/2015 10:08:00 AM,2,0,0,36.202420,-86.739150,LITTON AV,,,,0.00,,,GALLATIN PKE,,,,0.00,Y,T-Intersection,N,Intersection-Related,None,,,         ,Alex,Moore,Cloudy,Front to Rear,no,no,no,no,no,False
101070153,METROPOLITAN NASHVILLE POLICE DEPT,2015-1180706,Davidson,Nashville,12/30/2015 12:00:00 AM,2,0,0,36.111010,-86.753500,FOSTER CREIGHTON DR,,,,0.00,,,THOMPSON LN,,,,0.00,Y,T-Intersection, ,Intersection,None,,,         ,Frank,Walker,Clear,"Sideswipe, Same Direction",no,no,no,no,no,False
101070228,METROPOLITAN NASHVILLE POLICE DEPT,20151188082,Davidson,Nashville,12/31/2015 12:00:00 AM,2,0,0,36.202350,-86.595170,SCOTTS CREEK PKWY,,,,67.00,Feet,North,SCOTTS CREEK TRL,,,,0.00,N,Not at Intersection,N,Non-Junction,None,,,         ,James,Curtis,Unknown,Unknown,no,no,no,no,yes,False
101070301,THP District 3 - Nashville,315067190,Davidson,Nashville,12/31/2015 1:57:00 PM,2,0,0,0.000000,0.000000,431,,,,100.00,Feet,East,,,US431,,1.00,N,Not at Intersection,N,Non-Junction,None,,,         ,Garrett,Flannery,Cloudy,"Sideswipe, Same Direction",no,no,no,no,yes,False
101070332,METROPOLITAN NASHVILLE POLICE DEPT,20151174949,Davidson,Madison,12/26/2015 2:35:00 PM,2,2,0,36.261240,-86.712530,GALLATIN PKES,,,,0.00,,,MAPLE ST,,,,0.00,Y,T-Intersection,N,Intersection,None,,,         ,Carlos,Urrutia,Cloudy,Angle,no,no,no,no,no,False
101070429,METROPOLITAN NASHVILLE POLICE DEPT,2015-1179557,Davidson,Nashville,12/28/2015 2:21:00 PM,1,1,0,36.169040,-86.606640,I40 E EXT RAMP,,,,0.00,Feet,East,I 40,,,,0.00,N,Not at Intersection,N,Non-Junction,None,,,         ,Jeb,Johnston,Cloudy,Not Collision with Motor Vehicle in Transport,no,no,no,no,no,False
101070435,METROPOLITAN NASHVILLE POLICE DEPT,2015-1181723,Davidson,Nashville,12/29/2015 9:29:00 AM,2,1,0,36.169250,-86.680810,LEBANON PKE,,,,273.00,Feet,West,MCGAVOCK PKE,,,,0.00,N,Not at Intersection,N,Non-Junction,None,,,         ,Jeb,Johnston,Cloudy,Angle,no,no,no,no,no,False
101070474,METROPOLITAN NASHVILLE POLICE DEPT,20151186364,Davidson,Nashville,12/30/2015 8:58:00 PM,2,0,0,36.084650,-86.704330,HARDING PL,,,,282.00,Feet,West,TRAVELERS INN DR,,,,0.00,N,Not at Intersection, ,Non-Junction,None,,,         ,Jared,Jenkins,Clear,Front to Rear,no,no,no,no,no,False
101070567,METROPOLITAN NASHVILLE POLICE DEPT,20151189387,Davidson,Nashville,12/31/2015 10:43:00 PM,2,1,0,36.045130,-86.671730,STATE HWY 254,,,,384.00,Feet,West,HICKORY PARK DR,,,,0.00,N,Not at Intersection,N,Non-Junction,None,,,         ,David,Moser,Clear,Angle,no,no,no,no,yes,False
101070610,METROPOLITAN NASHVILLE POLICE DEPT,2015-1185278,Davidson,Nashville,12/30/2015 12:23:00 PM,2,1,0,36.148320,-86.666030,DONELSON PKE,,,,191.00,Feet,South,ELM HILL PKE,,,,0.00,N,Not at Intersection,N,Non-Junction,None,,,         ,Jeb,Johnston,Cloudy,Rear to Side,no,no,no,yes,no,False
101070612,METROPOLITAN NASHVILLE POLICE DEPT,2015-1182025,Davidson,Nashville,12/29/2015 11:33:00 AM,2,0,0,36.180740,-86.639570,LEBANON PKE,,,,293.00,Feet,North,POLO PARK APT PVTDR,,,,0.00,N,Not at Intersection, ,Non-Junction,None,,,         ,Jeb,Johnston,Cloudy,Angle,no,no,no,yes,yes,False
101070625,Nashville Airport Police,15-3129,Davidson,Nashville,12/30/2015 9:00:00 AM,2,0,0,36.129140,-86.665380,DONELSON PKE,,,,0.00,,,DONELSON PKE S ENT RAMP,,,,0.00,Y,OTHER, ,Non-Junction,None,,,         ,Thomas,McNew,Clear,Front to Rear,no,no,no,no,no,False
101070629,METROPOLITAN NASHVILLE POLICE DEPT,2015-1188241,Davidson,Nashville,12/31/2015 12:32:00 PM,2,0,0,36.146990,-86.793780,MUSIC SQW,,,,44.00,Feet,North,MUSIC SQS,,,,0.00,N,Not at Intersection,N,Non-Junction,None,,,         ,David,Anderson,Cloudy,"Sideswipe, Same Direction",no,no,no,no,no,False
101070977,METROPOLITAN NASHVILLE POLICE DEPT,20151175610,Davidson,Madison,12/26/2015 7:50:00 PM,2,0,0,36.256150,-86.714130,NEELYS BEND RD,,,,83.00,Feet,East,GALLATIN PKES,,,,0.00,N,Not at Intersection, ,Non-Junction,None,,,         ,Carlos,Urrutia,Cloudy,"Sideswipe, Same Direction",no,no,no,no,no,False
101071020,METROPOLITAN NASHVILLE POLICE DEPT,2015-1185897,Davidson,Nashville,12/30/2015 8:00:00 PM,2,0,0,36.140200,-86.722520,I 40,,,,0.00,,,,,,,213.50,N,Not at Intersection, ,,None,,,         ,Armonty,Houston,,,no,no,no,no,no,False
101071024,METROPOLITAN NASHVILLE POLICE DEPT,2015-1188414,Davidson,Nashville,12/31/2015 2:28:00 PM,2,0,0,36.059430,-86.716280,NOLENSVILLE PKE,,,,130.00,Feet,North,TUSCULUM RD,,,,0.00,N,Not at Intersection,N,Non-Junction,None,,,         ,William,Whitworth,Cloudy,"Sideswipe, Same Direction",no,no,no,no,yes,False
101071056,METROPOLITAN NASHVILLE POLICE DEPT,20151187392,Davidson,Nashville,12/31/2015 3:20:00 AM,2,0,0,36.170290,-86.597440,I 40,,,,0.00,,,,,,,221.00,N,Not at Intersection,N,Non-Junction,None,,,         ,Kelcey,Bell,Clear,"Sideswipe, Same Direction",no,no,no,no,yes,False
101071534,METROPOLITAN NASHVILLE POLICE DEPT,20151185381,Davidson,Nashville,12/30/2015 1:08:00 PM,2,0,0,36.136580,-86.795150,16TH AVE SOUTH,,,,0.00,Feet,,WEDGEWOOD AVE,,,,0.00,Y,Four-Way,N,Intersection,None,,,         ,Phillip,Murphy,Clear,Angle,no,no,no,no,no,False
101071620,METROPOLITAN NASHVILLE POLICE DEPT,2015-1171494,Davidson,Nashville,12/24/2015 11:56:00 AM,2,0,0,36.101470,-86.712660,I 24,,,,0.00,,,,,,,54.50,N,Not at Intersection,N,Non-Junction,None,,,         ,Steve,Turner,Clear,Front to Rear,no,no,no,no,no,False
101071672,GOODLETTSVILLE POLICE DEPT,15-47771,Davidson,Goodlettsville,12/27/2015 3:05:00 PM,2,1,0,0.000000,0.000000,LONG HOLLOW PIKE,,SR174,,75.00,Feet,East,CEDAR ST,,,,0.00,N,Not at Intersection,N,"Driveway, Alley Access, etc",None,,,         ,John,Spencer,Clear,Front to Rear,no,no,no,yes,no,False
101071713,METROPOLITAN NASHVILLE POLICE DEPT,20151174621,Davidson,Nashville,12/26/2015 9:36:00 AM,1,1,0,36.147140,-86.888210,ANNEX AVE,,,,0.00,,,CAPRI DR,,,,0.00,Y,T-Intersection,N,Intersection,None,,,         ,Carey,Steel,Cloudy,Not Collision with Motor Vehicle in Transport,yes,no,no,no,no,False
101071758,METROPOLITAN NASHVILLE POLICE DEPT,20151184880,Davidson,Nashville,12/30/2015 9:16:00 AM,2,2,0,36.151600,-86.636160,I 40,,,,0.00,,,,,,,218.50,N,Not at Intersection,N,Non-Junction,None,,,         ,James,Curtis,Cloudy,"Sideswipe, Same Direction",no,no,no,no,no,False
101072005,METROPOLITAN NASHVILLE POLICE DEPT,20151179084,Davidson,Nashville,12/28/2015 10:35:00 AM,2,0,0,36.238130,-86.785070,BRILEY PKWYW,,,,0.00,,,I24 W EXT RAMP,,,,0.00,Y,Y-Intersection,Y,Entrance/Exit Ramp Related,None,,,         ,William,Estes,Rain,"Sideswipe, Same Direction",no,no,no,no,no,False
101072766,METROPOLITAN NASHVILLE POLICE DEPT,20151188894,Davidson,Nashville,12/31/2015 6:37:00 PM,1,0,1,36.251600,-86.716840,E WEBSTER ST,,,,275.00,Feet,East,GALLATIN PKES,,,,0.00,N,Not at Intersection,N,Non-Junction,None,,,15-0912  ,Kevin,Coleman,Clear,Not Collision with Motor Vehicle in Transport,yes,no,no,no,no,False
101072775,METROPOLITAN NASHVILLE POLICE DEPT,20151188938,Davidson,Nashville,12/31/2015 6:31:00 PM,2,0,0,36.085290,-86.699740,I 24,,,,0.00,,,,,,,55.80,N,Not at Intersection, ,Non-Junction,None,,,         ,Jared,Jenkins,Clear,Front to Rear,no,no,no,no,no,False
101073217,METROPOLITAN NASHVILLE POLICE DEPT,20151180900,Davidson,Nashville,12/29/2015 12:42:00 AM,3,0,0,36.064790,-86.628480,HAMILTON CHURCH RD,,,,0.00,,,MURFREESBORO PKE,,,,0.00,Y,Four-Way,N,Intersection-Related,None,,,         ,Justin,McCormick,Clear,Front to Rear,no,no,no,no,yes,False
101073712,METROPOLITAN NASHVILLE POLICE DEPT,2015-1175896,Davidson,Not in City Limit,12/26/2015 11:12:00 PM,1,0,0,36.077580,-87.021550,-- UNKNOWN RAMP/ROAD --,,,,0.00,,,I 40,,,,0.00,Y,OTHER,Y,Entrance/Exit Ramp Related,None,,,         ,Joel,Callies,Cloudy,Not Collision with Motor Vehicle in Transport,no,no,no,no,yes,False
101075448,METROPOLITAN NASHVILLE POLICE DEPT,20151189237,Davidson,Nashville,12/31/2015 9:28:00 PM,2,1,0,36.057410,-86.678900,BART DR,,,,89.00,Feet,North,SHIHMEN DR,,,,0.00,N,Not at Intersection,N,Non-Junction,None,,,         ,Carey,Steel,Clear,Other,no,no,no,no,no,False
101075923,METROPOLITAN NASHVILLE POLICE DEPT,20151181314,Davidson,Antioch,12/29/2015 5:58:00 AM,2,1,0,36.009930,-86.612310,HEIL QUAKER BLVD,,,,0.00,,,BRIDGESTONE PKWY,,,,0.00,Y,Four-Way,N,Non-Junction,None,,,         ,Justin,McCormick,Clear,Angle,no,no,no,no,no,False
101076335,METROPOLITAN NASHVILLE POLICE DEPT,20151186014,Davidson,Nashville,12/30/2015 5:37:00 PM,2,0,0,36.197090,-86.740790,CAHAL AV,,,,0.00,,,,,,,0.00,,,N,Non-Junction,None,,,         ,Whitney,Arnold,Clear,Rear to Rear,no,no,no,yes,no,False
101078597,METROPOLITAN NASHVILLE POLICE DEPT,20151179674,Davidson,Nashville,12/28/2015 3:19:00 PM,2,1,0,36.203200,-86.760350,JOY AV,,,,0.00,Feet,,JOY CIR,,,,0.00,Y,T-Intersection,Y,Intersection-Related,None,,,         ,Sandra,Fly,Cloudy,Angle,no,no,no,no,no,False
101093325,METROPOLITAN NASHVILLE POLICE DEPT,201501183753,Davidson,Madison,12/29/2015 11:45:00 PM,2,0,0,36.262210,-86.712210,GALLATIN PKES,,,,0.00,,,E OLD HICKORY BLVD,,,,0.00,Y,T-Intersection, ,Intersection,None,,,         ,Ryan,Russell,Clear,HeadOn,no,no,no,no,no,False
101093522,METROPOLITAN NASHVILLE POLICE DEPT,20151183244,Davidson,Nashville,12/29/2015 7:38:00 PM,2,0,1,36.194550,-86.618520,OLD HICKORY BLVD,,,,130.00,Feet,North,HERMITAGE MARKETPLACE PVTDR,,,,0.00,N,Not at Intersection,N,Non-Junction,None,,,15-0917  ,William,Waters,Clear,Not Collision with Motor Vehicle in Transport,no,no,no,no,no,False
101095714,METROPOLITAN NASHVILLE POLICE DEPT,20151180925,Davidson,Not in City Limit,12/29/2015 12:00:00 AM,1,0,0,36.339510,-86.833770,UNION HILL RD,,,,361.00,Feet,East,RIDGEWOOD RD,,,,0.00,N,Not at Intersection,N,Non-Junction,None,,,         ,Daniel,Russett,Clear,Not Collision with Motor Vehicle in Transport,no,no,no,no,yes,False